23314084
-62748650
-59972308
-61841012
-38877673
-42338123
-51487525
-33937974
-12613132
-16409987
-25891663
16396682
11933216
73505424
29265387
13267738
20221591
16642399
-17564416
-27778403
-6043918
-11478745
-57594153
-123903550
-119728961
-163324465
-159387268
-120091488
-129792230
-143345073
-104265549
-109810708
-141725605
-140580145
-197019536
-200548969
-278131514
-273961125
-269808900
-265190901
-246103268
-121684316
-120103981
-128872886
-130425817
-131689936
-112892283
-120553691
-136802407
-139435138
-136970186
-132394408
-133018674
-129738594
-127614265
-133247928
-162181689
-211042978
-212382843
-207518117
-214720264
-221874035
-212047167
-213420072
-283877143
-267405047
-264548592
-213430676
-210235769
-214660625
-217353680
-248950769
-252056627
-298679277
-276555700
-277440002
-310904139
-290065704
-283917153
-258557973
-265125373
-268654126
-230603899
-234032655
-230025872
-140993416
-106707952
-103325309
-106168726
-104557753
-103100338
-100798948
-92547033
-95249231
-93686427
-92449226
-91549631
-90129989
-81885688
-90817697
-109739723
-239989623
-195741031
-197411464
-198871959
-240134009
-220797640
-245240713
-236569327
-271900012
-312536634
-332660004
-410180928
-404691462
-395173385
-373825911
-396907881
-404323303
-406304808
-408121250
-463109887
-417825367
-464457336
-470011890
-475230927
-503528982
-496477480
-475610391
-463692144
-448056471
-506107143
-534712765
-520378850
-529835023
-536243398
-560566383
-560631180
-579269524
-634874117
-604775505
-640139271
-735502654
-658877628
-660451302
-628194486
-657038451
-674051225
-679544129
-665047297
-674774846
-692645142
-692894897
-681197401
-689483686
-793573250
-797252177
-796999410
-797231980
-799300415
-821951224
-798279306
-847725596
-814104960
-803256873
-752155486
-751172134
-796180384
-809612237
-811113354
-810381657
-805200193
-800569329
-797676787
-799968790
-793507804
-850147970
-860345965
-898023203
-913439621
-833295206
-863505975
-856592596
-858814631
-804444119
-801721066
-814533050
-827485451
-806768162
-798632345
-826270164
-829146193
-889821133
-893592170
-896193565
-892603238
-883414030
-882595726
-882997190
-875051941
-880256836
-871750324
-870089459
-868523874
-909950150
-935822093
-894018152
-887444862
-887905538
-887346416
-889106555
-886090823
-928610799
-938544250
-956514281
-955132970
-1029994058
-1020793084
-1015603454
-1020634143
-1014363122
-983919465
-984668800
-1027331129
-1033804140
-1036863159
-1018461298
-1006662793
-976357937
-944046330
-939821909
-943596489
-953251160
-911900062
-847363696
-896965126
-912548149
-878800087
-861251049
-902728355
-892550936
-893579286
-920617834
-960516644
-954940035
-966187779
-938827746
-940027625
-854233560
-867958794
-846866326
-855071883
-854920722
-875857845
-909570287
-924723598
-923420173
-910869245
-957005993
-989463847
-966990090
-982471736
-983418404
-981899844
-969843176
-1063661967
-1061218859
-1058279842
-1064615079
-1057120589
-1103454102
-1062327973
-1066535315
-1067608656
-1096479016
-1089863606
-1086491818
-1071964371
-1065287389
-1070431116
-1072390362
-1087735054
-1037941196
-1043492931
-1041459324
-1042003366
-1036608911
-1041156764
-1039065689
-1026237169
-1029502612
-1001996930
-998225571
-986505865
-985973252
-979617889
-995323611
-982886277
-959307306
-953696890
-956459975
-953181261
-983481635
-972341961
-957777123
-1044728217
-1043531115
-1040009600
-1029759560
-972144956
-942684660
-949863056
-946924116
-939448890
-987085363
-979160857
-973769624
-959282174
-955404486
-955664836
-911767748
-909968991
-909030418
-911343866
-895493513
-808601723
-798230063
-800270714
-876902423
-853886032
-825824624
-782322909
-783216151
-796556553
-792921457
-795623430
-803764455
-830725828
-830625769
-845769610
-825494367
-834557899
-829006119
-827783725
-875983090
-855802594
-863152047
-840997480
-806331573
-783282167
-803067723
-833747598
-847659164
-830871480
-795653402
-812988943
-791061592
-837120494
-862151454
-890286013
-887062133
-984773671
-963163967
-973368578
-999435680
-1015475519
-1014742861
-1017421300
-1018295646
-1014290093
-1012314952
-1007800227
-995672067
-1003756719
-998162705
-1030165540
-1027987019
-1045882481
-1044411399
-1140146628
-1112999047
-1145601893
-1137268546
-1157502591
-1166272619
-1143979180
-1146347753
-1118331130
-1107329046
-1097964238
-1111360856
-1114774647
-1099903440
-1151615366
-1149215609
-1139246205
-1126753091
-1136121012
-1153865892
-1153353678
-1189731189
-1197364636
-1203394894
-1210720482
-1207441352
-1205174405
-1207079616
-1158122979
-1152151262
-1150543461
-1142124474
-1142150741
-1154150326
-1133903122
-1105809011
-1109457609
-1111031153
-1087563399
-1165551098
-1134377513
-1116644915
-1104728447
-1105725082
-1094582698
-1082805488
-1116647644
-1147166006
-1152692034
-1150941875
-1149325854
-1122637448
-1144551151
-1145123198
-1150947233
-1182924414
-1208027576
-1207143471
-1197200872
-1247373066
-1245999052
-1220209162
-1249830111
-1242390800
-1239617917
-1241580284
-1227518662
-1220827428
-1213644453
-1199555685
-1222853652
-1178753423
-1181702733
-1180364329
-1154372282
-1156274839
-1158280806
-1162351303
-1124795970
-1151872371
-1279012203
-1276134014
-1282068934
-1321866214
-1330506109
-1335931511
-1314940082
-1313899896
-1317228670
-1308895510
-1321846044
-1325346638
-1330360071
-1290715638
-1306166220
-1320843521
-1324511841
-1322292390
-1324859039
-1311757461
-1396942408
-1383550781
-1383396604
-1395626462
-1413924010
-1398549670
-1366894821
-1378265482
-1361245817
-1352501157
-1359005208
-1386868248
-1386972248
-1397611648
-1402765366
-1398799447
-1410583863
-1424319780
-1412238414
-1462227382
-1542351402
-1530265362
-1517987558
-1529314937
-1519351681
-1494955307
-1486377565
-1478314692
-1483333652
-1493323051
-1543335205
-1553040157
-1625080430
-1645899595
-1687954336
-1676842767
-1689074194
-1681306762
-1676865087
-1653960681
-1655779028
-1665240917
-1665738628
-1687015625
-1710994368
-1689268478
-1737793851
-1741270057
-1763254065
-1854497958
-1863498536
-1866780382
-1889555910
-1869963940
-1869411626
-1871556637
-1871787320
-1857843544
-1834709689
-1834926888
-1818953222
-1772479778
-1809259344
-1829559294
-1823694212
-1838810796
-1839548948
-1833896588
-1890133964
-1880548962
-1888658084
-1874864815
-1873534310
-1868824148
-1864840467
-1865373114
-1865815197
-1861107670
-1867788392
-1867922099
-1861444531
-1867820199
-1897918473
-1898930623
-1893525944
-1862488302
-1836189197
-1810610106
-1823189432
-1824061107
-1819932707
-1843090424
-1846398827
-1823823670
-1829554424
-1832075628
-1811909224
-1821461678
-1820873219
-1824927982
-1838023942
-1824021253
-1818875965
-1821806168
-1868384606
-1863868069
-1849297004
-1850241389
-1848679510
-1884641123
-1875993964
-1854168580
-1873901854
-1882234963
-1887383429
-1864123795
-1859682228
-1842234799
-1860066124
-1856389254
-1851179188
-1845755945
-1838047991
-1858365313
-1880354763
-1881753269
-1881778405
-1891249916
-1887560067
-1884841305
-1894103332
-1919390498
-1950633117
-1886162301
-1865302999
-1847606090
-1851675847
-1849993599
-1839834428
-1838380006
-1862800011
-1948753677
-1947974243
-1954862488
-2022356960
-2032207585
-2036606892
-2026226276
-2122160450
-2120373682
-2140103038
2113410807
2137734862
2106597412
2112617975
2121813473
2041176377
2049420510
2000374936
1958750819
1987839719
1989513973
1973248246
1972217813
1971648376
1945342192
1923260747
1933524058
1922413232
1901384703
1914465336
1927368925
1925087930
1956326742
1946442092
1876175032
1872489468
1881399327
1921538512
1920875114
1925549985
1898656128
1828885208
1832988647
1804006819
1809028266
1819139638
1756729316
1745200777
1741988528
1728813379
1785054916
1782664452
1780615942
1768801012
1751027374
1772656399
1804207032
1807314305
1801469674
1802625411
1804678150
1810624254
1776237757
1788726277
1774061156
1820801158
1825964285
1815384889
1815562580
1808173409
1779218197
1781325518
1780581540
1777710760
1782935073
1727424020
1779652884
1744518315
1721524634
1712199221
1718086520
1716679752
1763267910
1762836522
1796191624
1808279288
1806229405
1807721529
1832704873
1836077003
1817023966
1801925319
1805225423
1750633194
1751209365
1827624645
1830689125
1778603172
1744546128
1743469936
1764328414
1762580526
1762458291
1773070902
1770101219
1762464433
1788430462
1782345049
1841964048
1865047919
1861200189
1877857168
1889118921
1875438887
1879535607
1876837879
1836847800
1830203144
1815328722
1815580450
1811299274
1807830433
1804195891
1793064121
1796024909
1775728464
1753265891
1692089829
1685899796
1701567291
1720720351
1731240730
1722996228
1714900891
1652161655
1619625965
1641325557
1655838487
1589616002
1604613913
1620191158
1506352364
1528295969
1536124504
1533407366
1555841457
1586374517
1656871515
1652604650
1653779484
1641621312
1640597631
1648822528
1637483475
1609916821
1644978821
1628690335
1641276355
1650063848
1718327538
1715810743
1708835819
1736533916
1711333493
1698553816
1674144126
1658225610
1614826697
1598559494
1567560192
1572478284
1549476788
1545319509
1545987223
1574620381
1583347005
1525234542
1556345263
1548593131
1544881603
1551898962
1540550751
1547353770
1549755913
1582894414
1585794591
1590842729
1589871069
1590031662
1455115890
1465007293
1440305223
1427759530
1412881234
1352817810
1370754824
1376064265
1396424205
1357989123
1351212641
1349387890
1347232988
1358196186
1359167468
1357404637
1362153029
1434166545
1428361942
1439369136
1436760476
1440081429
1436367070
1440151622
1443629938
1434047993
1441746495
1465841723
1457302839
1400947880
1363542436
1348748034
1353688420
1348735581
1336436135
1334488063
1323536713
1326438966
1298943077
1300236777
1295477359
1275777146
1228750611
1211513221
1221289770
1237582993
1236925661
1217203125
1217367948
1250461854
1258391131
1265591865
1226995590
1224964326
1230029181
1190523430
1191539874
1143039013
1140448944
1139941064
1143196850
1118563200
1127710983
1049083536
1049101551
1043629565
1061954908
1056333738
1049815561
1050190129
1049681669
1014962114
891980935
879008755
855272257
843463179
825805956
826393797
819298428
791387351
785782549
760511878
815778872
854510130
883820439
943584502
935172873
935690334
935587277
935348266
927603658
916350871
930474305
983694405
988978167
1012505696
1012589064
1013427423
1013602154
1107027248
1089373782
1084348880
1074223361
1091751982
1112705565
1037500694
1048831802
1037211063
1044705627
1038636388
1043718200
1056748776
1060609051
1053015468
1054522162
1074325281
1058233479
1059747548
1062126914
1061042055
1069159651
1049214543
1048264999
1045906960
1074296622
1064436227
1063970072
956952411
932957655
956963411
945445817
939765220
945255340
939383273
943016474
942987537
883272393
864895848
861163564
896819893
897017041
904002314
904545370
913749417
827587735
828329477
823317192
820502036
796824851
821336409
814148783
821189193
816795128
808448709
791489408
794122897
774301758
776070558
749416794
749608506
764608123
774363929
816395105
810707513
812464789
812287872
813764274
770533890
747544464
749213356
756318020
759611525
792397416
794702301
791119246
791007162
812325209
811614531
807357265
810483435
799150638
808798416
817167904
759707036
744047719
712536422
713496082
698686726
684017272
647015712
650345915
649241967
607016703
636200833
630479536
640087124
650233541
660373951
645600133
673131696
613504401
626028444
624279436
628644012
651018904
643757140
664467195
656284228
618582158
596857451
591786056
601125639
601282286
634078943
636130070
609514158
608254695
608646380
604349721
606263886
567137721
567858769
571587671
596690343
598793577
601684875
575514998
569147309
571276803
574646331
515039523
557121484
558285647
557813880
537957412
497470512
457948783
457147303
441424083
447812310
438544659
396420697
389073022
391290220
382061528
383070030
411292453
404987466
390032791
397470114
348783336
351379320
351297006
369915371
358774456
370499131
369842707
294519202
297809886
298540666
244720276
267028298
268603595
270345939
273411748
228551978
221505495
215558741
200702316
203265054
206448237
208519375
152986495
153040203
168538849
176782730
177909309
181605872
181229154
182815715
175364248
159605920
162054331
162630512
170115995
167647329
149878022
104573933
85432424
122352700
114790979
116034612
113893919
117629735
119549647
121723227
111022563
108444748
166721063
188171513
184285661
197278300
207312323
216853446
218534163
232668241
234904932
241649968
232751164
231744301
223790601
236174269
226913032
229102647
242175757
244785521
246372079
270458380
262314674
265252124
270771109
282600196
280210746
271849157
242792911
242426363
235420367
230549087
242428732
236325927
256001228
250930153
250863800
231852906
283565338
282177278
277264339
301652191
280272468
278786549
286472436
283259455
296899637
281019848
253783267
234226463
232708406
236392057
193861174
194006583
197082735
185479575
172463704
213470957
229976427
277809317
260961497
244616250
241597905
256998330
252534323
177850051
177590697
138651986
40543856
21946788
26043092
41444873
37305369
34242931
38180114
22752882
42795109
8900294
14914190
8871016
-7544177
-34686453
-31787498
-25430411
-24793594
-39184575
-71628491
-96113108
-90061962
-99284684
-68737031
-105006039
-93695822
-103504074
-99500228
-93882395
-125864010
-123028485
-122926004
-116535437
-116043336
-125462484
-162024998
-196421090
-259682332
-247278806
-188747303
-163742497
-123321559
-169398217
-170738900
-181189845
-166427599
-163795802
-162566103
-213606361
-190226743
-183788906
-185674835
-189187842
-186742155
-191573918
-180885992
-164855497
-165260465
-121201918
-92981107
-122721370
-117890235
-134182339
-163514937
-163905522
-150334570
-149409279
-153480590
-215883834
-213418965
-175840420
-248907543
-183051759
-224435825
-248663391
-322582296
-302483997
-296000794
-301709397
-284344032
-381250989
-376901859
-394722458
-389928567
-370623371
-366262199
-380606662
-386977491
-377565138
-376968223
-425191722
-420193770
-462378662
-538292493
-528010300
-539693659
-577065934
-570795662
-533393291
-533860834
-536965690
-502418533
-490417860
-495789495
-507311279
-510261246
-519861867
-544301398
-555240768
-544051758
-565666867
-542093405
-531277143
-519107607
-536195447
-515485119
-520865279
-504764187
-508894883
-509085259
-507771982
-568034694
-566936953
-564821433
-547196327
-554573597
-562570297
-551124478
-564721989
-598847940
-610476670
-639156402
-642127365
-653211162
-677098224
-686040392
-714832401
-703942573
-742797151
-752539368
-752280798
-757056909
-714347628
-811427637
-825647504
-838800468
-826686453
-836122946
-853744115
-840732743
-856021687
-854242814
-853476079
-854111170
-888347505
-896367645
-946401016
-945327882
-946577151
-945820270
-906846463
-911195540
-910610006
-908376267
-912640065
-902354520
-881338451
-894235411
-962256836
-959956174
-951807974
-947162901
-936666478
-1045706072
-1073952459
-1078695124
-1066684849
-1058207215
-1084524589
-1083861706
-1084579041
-1083843256
-1079055551
-1075578488
-1141591024
-1108611102
-1116081092
-1099076075
-1100419542
-1103521998
-1078534695
-1076780061
-1069544681
-1118029274
-1156864999
-1194601511
-1192910531
-1203466633
-1225488689
-1163588787
-1251496667
-1255440851
-1299753144
-1299909776
-1280241001
-1280530204
-1265895078
-1248907110
-1247270106
-1222095381
-1212246012
-1267806576
-1267735133
-1321852656
-1311141514
-1283914976
-1260976196
-1314582200
-1314052048
-1260327840
-1256566165
-1260294567
-1241124031
-1245397045
-1321155760
-1349685207
-1349774166
-1354302948
-1352667514
-1356552383
-1387255392
-1406546328
-1488181893
-1476814307
-1482217140
-1477805999
-1504941898
-1550196254
-1539319486
-1564525260
-1538873513
-1538337615
-1546560365
-1517139170
-1516375355
-1513865289
-1513870992
-1537700480
-1517254482
-1535647544
-1532196286
-1535507781
-1550819885
-1532754931
-1490950062
-1483557219
-1475488558
-1461466209
-1513433060
-1463968508
-1535189534
-1572736642
-1560122149
-1559859356
-1552322486
-1556486664
-1562285592
-1534365602
-1534266966
-1511778230
-1514434048
-1513806791
-1509639592
-1510451578
-1471742238
-1515325452
-1540420139
-1552918328
-1546603444
-1539656666
-1519578758
-1512607522
-1538348415
-1532681123
-1537471003
-1502354057
-1502310815
-1504083724
-1509937559
-1548459654
-1567760542
-1538272951
-1530493751
-1570681402
-1556038890
-1605471049
-1627211260
-1675213694
-1723556639
-1714260319
-1695562502
-1743956895
-1795477894
-1874729271
-1871810983
-1883056299
-1899584204
-1836379324
-1816927158
-1866299739
-1893762070
-1926601065
-1923467804
-1915912630
-1915880929
-1928891415
-1921380879
-1921808319
-1918969070
-1924186543
-1931220662
-1943040926
-1917440198
-1974366303
-1973165107
-2018535187
-2016797398
-2035951994
-2042845281
-2047052446
-2034237974
-2022999618
-2082903832
-2080434017
-2070145234
-2063932293
-2047517407
-2032382886
-2045861149
-2035494137
-2018626481
-2023922248
-2010894313
-2010258462
-2005682137
-1998270905
-1983503499
-1976934102
-1973844468
-1979032538
-1981820909
-1981319337
-1964842739
-1971021858
-1968946630
-2014188155
-2010420783
-1997433713
-1995347644
-2050902930
-2054217248
-2051891723
-2051207674
-2094454814
-2096956409
-2094242657
2124873921
2116490047
2125798334
2132864146
2112977971
2144425770
-2124308792
-2125363058
-2121537400
-2121755285
-2105666330
-2105440823
-2110226240
-2121968815
-2109861010
-2108952917
-2092590569
-2102565971
-2067331816
-2065487319
-2087532208
-2111457940
-2105549367
2111405933
2115751916
2115783620
2124348950
2125191287
2122800775
2115599917
2100661877
2101258786
1985312099
2109461937
2119274529
2120938187
2116112272
2101869036
2100764353
2096523230
2095351483
2102450308
2100023348
2112428786
2097840346
2110177516
2112599778
2117414689
2072916486
2115885211
2115398349
2121610362
2086276415
2088060783
2083251870
2070896067
2057087680
2060169197
2061249718
2115263540
2134314892
2127991504
2143561788
2144239611
2146313327
2128568355
2128703230
2082212466
2103993342
2114906896
2129012552
2141554005
2123364026
2144230796
2143810092
2135215829
2130551678
2116963108
2113645384
2121883160
2122408225
-2133163611
-2122276990
-2122538842
-2127953485
-2122300727
-2120111140
-2147392296
2105324850
2106704395
2110363334
2107038237
2083498624
2084326485
2082183259
2092897550
2088844529
2091219180
2079379085
2098505771
2074339440
2077112618
2072606489
2094985385
2093413010
2108650588
2044459006
2051088906
1999967977
1960403611
1963475410
1931399087
1926588901
1927628026
1927633365
1935666981
1944488011
1932579318
1933729040
1946008704
1873705924
1769657040
1757756683
1793463830
1766184071
1729400117
1728409347
1668652254
1655473159
1666938860
1691259785
1673649396
1681027891
1647576776
1637927318
1669340488
1657981952
1662728638
1657242742
1631663494
1630535789
1648927196
1651118256
1651441780
1659205761
1658215880
1669091277
1679868058
1668687656
1649889131
1670950800
1676489259
1667561746
1689365720
1692567905
1701308419
1711167580
1699012008
1695377721
1695406744
1696742544
1646204057
1649022839
1639875463
1639718259
1638188193
1637621817
1663108448
1663742637
1636120310
1685216916
1671624278
1659454053
1658374526
1654374569
1656515018
1663166544
1674836528
1702986221
1701864733
1695641030
1644837926
1642313138
1655289194
1670448878
1639122457
1653555025
1617260679
1621192617
1600974336
1605851244
1628892847
1654931662
1643095552
1646176034
1634434122
1641825703
1621732987
1622607694
1578738735
1524084965
1529376311
1537316600
1537751353
1557295688
1558975564
1556446581
1548602713
1560786176
1562866229
1533382199
1522116016
1522965812
1520055694
1517147811
1515709234
1496635137
1505297421
1520151717
1577944055
1569849355
1580594166
1636845020
1648590909
1646041783
1631356074
1655503204
1655820051
1670877588
1688260093
1698199501
1661487831
1661006571
1669842607
1674166838
1813925294
1804161249
1800056719
1764791000
1772920804
1779773196
1779233020
1781029065
1782145525
1797716746
1797561286
1791038478
1792774292
1793106404
1796373545
1796352373
1783402607
1814788560
1818660897
1819388461
1814090651
1739277200
1739087961
1759058680
1747879595
1739231667
1721279983
1675715193
1679576909
1675427195
1679076635
1676220055
1685645919
1684336832
1708062257
1727190208
1673707353
1661646001
1645068524
1604148216
1607118160
1621504134
1631225620
1627945087
1629421573
1648348161
1656188391
1660423742
1659319548
1639658946
1650952967
1658354411
1686207008
1686865931
1709622454
1707274977
1715223970
1703253609
1704752485
1705542733
1700838379
1694377121
1718969697
1734163002
1742729467
1744478383
1736575602
1732138809
1701053337
1709597201
1704934946
1697092775
1638917633
1628540724
1634284481
1576410325
1587425868
1588579524
1540733384
1540531998
1549160984
1555687012
1552106292
1531068939
1546948193
1559792676
1578680097
1553392110
1541139038
1556881019
1526803088
1541630123
1445834711
1455090006
1461989567
1475841459
1475744964
1481412520
1488455196
1509249643
1613493539
1649276015
1657990889
1694451925
1686005019
1682071173
1687016638
1634513230
1622616788
1651430434
1581490597
1628696352
1569142538
1551451027
1559367049
1568881592
1575429250
1579750824
1515120155
1547505448
1545584829
1554876886
1554465277
1550051706
1543518700
1478190715
1480354330
1484853946
1464764204
1481749204
1452067048
1417012376
1438878433
1439173301
1465311560
1463155412
1483647283
1473534498
1472657890
1472974424
1476095489
1450243480
1451918705
1493700202
1500287137
1506714864
1509699663
1545211593
1429848395
1404479661
1386758534
1404951802
1406188640
1388395948
1385702801
1385648779
1405795643
1406498417
1407925088
1424321236
1403187070
1395637746
1344784305
1342303609
1383890141
1403128462
1407696425
1407663343
1431886004
1418939196
1416161384
1415386353
1350533702
1281010054
1287456787
1289083154
1291655601
1302462486
1303051565
1318355154
1328427411
1314976578
1311052612
1328301155
1324601755
1322240911
1244917164
1220868750
1223366075
1225754205
1197751488
1205410751
1224383601
1098665861
1162623982
1158695842
1153943581
1155870646
1156272591
1162945504
1163989542
1177331632
1171877882
1178861793
1133321031
1117995143
1157152436
1154633987
1150459666
1156173781
1076779853
1076569971
1067947619
963067547
926657625
994547369
949802069
956125933
964421387
963794039
945396250
956703243
960777623
976318069
1028221226
1054356482
1033557995
1040632757
1022954653
1044586217
1066721423
1059803733
1056552869
1062580029
1051179028
1055011643
1078408089
1057466299
1041688782
1036730861
1041503679
1037878943
1056494333
1068087984
1076775444
1091974420
1030181147
1029647320
1064349716
1023062764
1032421894
1085436972
1077710594
1046736722
1046102019
1064851990
1135591393
1132173049
1142422670
1143191239
1144732576
1144968803
1148034434
1149030175
1168594251
1168020790
1130354882
1128511327
1127315412
1133654690
1136131363
1132568800
1134885961
1147478806
1116120568
1116052544
1132262715
1111583077
1034569379
1031805059
1020364972
1013334699
1032455353
1034640487
1034508766
1013701661
975751217
962007451
986606512
939202062
950599695
932568402
938825339
953041744
962575313
886819745
871604504
881445863
865466612
857349191
857279455
862698862
872807115
874009240
876155186
895464742
902946303
902968675
838925886
833632178
836091848
816547064
746247924
746293080
695201866
709560309
724911243
725305290
712017222
706499114
706159421
713001808
720461081
739922816
749919762
745774675
750265060
775781593
805194153
802873575
774978954
821216085
863568026
870837194
866311151
872935029
870873222
851719159
845632647
842991087
830689126
821582963
799253907
775560853
775710106
825742768
829880077
805414466
762168597
758008477
761239851
789050148
788487247
788124435
776090267
778477829
805621518
819867224
807004491
779906172
769479180
772412277
764213870
762035832
717325077
722691335
704088377
705198317
716179563
773422751
788814148
782730151
768105640
769394841
760535170
769647082
746462795
751918437
767253918
748577049
740810701
729781849
725382488
675341843
668987861
701606255
704701640
729253541
776760835
773909870
786661383
791817479
806510433
821512791
815230760
829333272
832261049
771239372
768210864
790903283
861762800
864584845
872032367
894801447
891250997
883930542
878889421
877919397
878532366
890087772
888919679
896290252
897308874
900145241
906306233
891967426
900612575
855193821
783147181
755049904
766446395
704341985
712654228
704654827
726820574
763846383
754641485
749994052
715482085
716086948
708245235
706099230
709162016
687576813
626107001
627735770
624279641
621905968
569681158
572266176
572193282
580698611
580086006
577053059
602464493
600275577
604225091
589734904
580070101
508536227
507761199
524520819
504088616
501655781
496978305
455680545
390044699
387903948
390837811
380506951
413602638
411854036
400816369
397778305
378872710
396405105
394387843
373390724
364681143
375563022
391452438
372196388
343893727
341488327
334362856
320936261
321151639
336827655
348376149
352109679
368020562
395637504
370440807
376875503
382136937
384152244
406643149
331379057
328377990
325040828
345110856
346736157
354246856
374815780
384059659
379350202
384405273
380390742
385249108
361323019
346593135
313288192
314750396
319258523
314170923
321214367
265088933
275328050
278045209
282228976
285911183
256522828
273533448
275913964
276522135
286556608
292166082
318584198
290833034
304955436
298919793
278791017
277862546
288630651
322970417
312283413
345744211
348840374
269495257
335721534
355850204
337295102
382121791
381854305
386044406
379917489
386907390
408773259
427812423
429292496
434844518
435207825
452323698
483461205
503483310
498824585
489030772
484942587
451300409
383999028
395492916
393744417
439265125
455943239
505810051
505875599
530870723
533351428
590912270
578447528
497395964
515868917
483888391
482243135
537006391
527154989
503833529
492985343
441163487
442475452
391330908
445904354
441763549
445959066
463812250
528341048
495329380
470386803
487043958
487817882
488927613
488855467
477391342
496715046
502079788
520093041
532623309
535001560
536779378
556486369
543914916
523242020
513911768
516734496
524193381
508679008
508200149
508306539
506838532
434166486
473263181
448315289
476346189
389408675
249604410
226625974
246093582
269415765
270294546
272379040
262727877
261169667
348900762
326933577
269823731
286190081
288797391
283793077
279974847
274757969
250960596
266934290
280685697
266565988
261510031
204672913
220082087
251816197
305517691
324337113
283968399
277118113
268868128
269332651
250243186
242262558
292005604
292024869
317521748
298580082
300942768
311556711
332907859
344113712
292451873
226152070
223480451
216107246
241630065
230359669
215518098
226127838
224310902
219500699
213488514
212057407
245736269
213217141
224204606
196411491
186152083
167379225
175245418
185184987
142351034
140344053
111246309
110623487
97533298
59022179
62997994
71240038
91451895
88914730
99564157
96603860
96931095
101497587
71134423
74903663
78779415
74471450
117340909
128519508
112502704
140677254
144380371
157351625
144658174
146136659
159490321
162537137
212228645
243185667
258113454
261350296
259304596
277966421
287321201
230290865
221210915
219861851
158559236
163369480
107773658
90865051
86474493
-15686162
-25127343
-98571328
-134837920
-132983067
-125762121
-121930573
-148998915
-154465820
-99091020
-106993975
-96819988
-59792907
-62712622
-66710928
-58429456
-36408302
-31079992
-46524363
-45746087
-33624352
-35285728
-10584980
-20151313
-44529222
-43295600
-18253682
-18761012
-5390266
56159192
76554457
66324358
72029758
147501958
167449675
153085904
125701327
132629685
88189539
81550754
95474894
82674165
110705466
109350293
93415868
47696776
49158596
45794107
54408364
36733937
35310487
24021250
20516017
26233483
10145843
-1065411
-17666367
-19615128
-3825038
18595924
12162100
23568196
27722225
35297078
34244194
49132985
83628169
93892759
83307767
76322180
143396603
121385368
131108744
113913586
126245101
69183987
19636680
15124299
-79608158
-95896181
-97998412
-95842829
-108680592
-101453795
-100800070
-108704374
-117840799
-158268019
-130101794
-135029358
-130726606
-120910186
-114353827
-113836016
-79484521
-79486729
-52103588
-54988240
-57967011
-130607888
-205577846
-165689460
-174857158
-175676802
-185686639
-249922598
-217577259
-222515987
-223198655
-263434370
-297713746
-291533673
-287434088
-293459056
-296553753
-296882066
-283032415
-280828503
-262734725
-278814983
-258798104
-213595102
-205662951
-204990905
-198189461
-178800695
-181804193
-166219669
-178741314
-175853702
-181658026
-152071866
-147289783
-126149934
-89805891
-84425922
-81416035
-101705513
-109972164
-87682311
-64008019
-43816236
-23629890
-42273923
-20422585
-34682423
-24440687
-22269567
-86675188
-77817306
-66337460
-81931971
-137093611
-134829102
-203346634
-185332323
-168326243
-89120797
-101647774
-75699042
-65317869
-73995311
-60308969
-85688604
-110287641
-95024589
-76629615
-80871192
-71086781
-65774942
-72747625
-8958969
34341907
24741425
41537828
51718158
53659850
55577566
45683382
50558112
67300901
49888843
45059451
28513485
25551484
26700843
4392949
3999521
-41280731
-70364757
-63492537
-53335307
-75386347
-88458508
-49581831
33338512
41363294
57667659
65523627
90297562
90819300
78305115
78690228
21873579
28508344
-32314572
-28639963
-37292701
-26081635
-35286976
-51474975
-55062804
-75533849
-42458705
-34500719
-47540885
-45247688
-33478993
-197169201
-196768339
-183693302
-158922141
-147888280
-145199257
-231535383
-220389390
-225822387
-209801339
-211160752
-217951788
-235960915
-232805409
-249649262
-255376746
-248780414
-255568208
-255077560
-229301677
-237035536
-266127066
-266503979
-266061480
-324830056
-319453895
-330615252
-311668625
-369282967
-368706095
-359780470
-355169422
-358381436
-360427189
-356492549
-346840214
-357687122
-357080866
-427728915
-442241638
-452344734
-452319808
-449563009
-459080374
-456854617
-456523318
-482081745
-450210592
-460890243
-489150304
-544151262
-540705010
-534913649
-542297327
-536727626
-527528180
-546164164
-548501412
-526764616
-516773869
-464497756
-475992487
-475630254
-502177865
-490642131
-449869659
-480978189
-475661377
-464859660
-452987784
-536503330
-529446456
-528386980
-542873410
-646229287
-658522691
-653069004
-652201916
-651762976
-646225362
-656353374
-661867723
-651035298
-672957504
-669756270
-701851009
-697277270
-786125938
-815440479
-801402458
-801857301
-784677435
-847022080
-842300692
-857791128
-838123692
-849138090
-845975057
-838874484
-843308334
-892889463
-891513196
-874061318
-877817319
-903629027
-902120079
-951211611
-967324090
-939814145
-961225668
-960212369
-901398757
-895613833
-864654827
-808248401
-811236929
-837424166
-797789703
-817260452
-839724308
-833236032
-797809173
-784974036
-806442411
-809882358
-803781067
-803137309
-807029246
-799362254
-787537449
-784877851
-782990726
-784485672
-774878670
-804628207
-796528571
-769324111
-767450909
-776853065
-760103532
-760394581
-760890190
-784351555
-793359734
-792926210
-789826589
-825695701
-828140505
-879390135
-909109406
-910207623
-915330391
-924251490
-930547050
-916769696
-908906223
-909078248
-910227467
-907974276
-910379306
-939797418
-936156996
-932000098
-931034144
-937684940
-943545117
-929305046
-902532680
-899919757
-879893723
-874734639
-874007768
-888780976
-883145817
-928051926
-909441808
-972797556
-967608602
-1012310113
-1046952541
-1032037560
-1054636657
-1128617539
-1121619577
-1119282034
-1157381840
-1109715550
-1102406790
-1095249199
-1093644304
-1139502357
-1129833850
-1177647337
-1178173361
-1171656698
-1169097340
-1165425427
-1160366040
-1126681492
-1120181144
-1133665685
-1116027672
-1132366543
-1132899063
-1149735609
-1139533120
-1148719874
-1100212522
-1090055312
-1072068422
-1091319710
-1073625201
-1087900564
-1119671995
-1109901043
-1092324666
-1091391007
-1118483140
-1177192589
-1163303199
-1134677565
-1141454166
-1127329006
-1110025761
-1111428827
-1090907535
-1089957125
-1100476039
-1089447625
-1073628949
-1076130562
-1131655303
-1118319661
-1098635271
-1114759288
-1114770235
-1113164030
-1090378597
-1115194839
-1151069614
-1115158910
-1111578854
-1108712277
-1093083358
-1161236507
-1133953090
-1116875597
-1113490118
-1114253073
-1108714919
-1093758998
-1088911025
-1148061512
-1114324096
-1117856643
-1094203016
-1094015271
-1098710066
-1108813992
-1180175809
-1152215907
-1202395677
-1205460206
-1196223513
-1159011827
-1156526766
-1163968433
-1179173161
-1179118713
-1165140594
-1164249873
-1162950032
-1151766432
-1159770017
-1198609909
-1203998181
-1202856176
-1196102244
-1102891759
-1104341988
-1118246251
-1165094168
-1164870230
-1157255581
-1153770998
-1155361257
-1158502736
-1161233352
-1136389911
-1138399700
-1183856801
-1171268783
-1155039312
-1172017838
-1158998444
-1135334967
-1126879946
-1126563034
-1101468669
-1092525231
-1140752176
-1133414070
-1182466195
-1183532557
-1152828644
-1156483104
-1146988758
-1247044331
-1250275555
-1267107598
-1298864945
-1252467559
-1241243651
-1245754235
-1239138234
-1232849310
-1233664349
-1230903016
-1183584394
-1167320172
-1156967075
-1158521473
-1146578959
-1146737678
-1146383412
-1141499809
-1194540526
-1179666017
-1126045775
-1151688696
-1159212999
-1169394239
-1173461197
-1151941561
-1184082599
-1180480171
-1185638046
-1221481135
-1143621094
-1181160119
-1203393941
-1200661197
-1182193232
-1172100473
-1151786435
-1147512832
-1141342434
-1128694123
-1182349593
-1162610434
-1160864407
-1194857312
-1117777320
-1119236414
-1120467528
-1121578447
-1114198666
-1107661684
-1089316689
-1089265523
-1078439277
-1081708633
-1079135854
-1059608470
-1059334885
-1063800780
-1065833726
-1053242594
-1048840575
-1035592769
-1036523531
-1048995054
-1104643741
-1089350895
-1066244303
-1079606156
-1068347750
-1061166342
-1049527773
-1044704838
-1060920218
-1114969808
-1121064308
-1122053656
-1117129864
-1102207060
-1101413261
-1173069769
-1200805604
-1199539307
-1339663395
-1339837227
-1290068451
-1261569787
-1267645929
-1274048667
-1266440767
-1272639475
-1253366840
-1249274804
-1240557691
-1336050082
-1337130348
-1336667148
-1326184156
-1257408028
-1248656002
-1196955500
-1205990703
-1202218000
-1233178886
-1235520759
-1238116956
-1276227574
-1305171599
-1372571556
-1343431428
-1311463340
-1327386068
-1330695097
-1331574289
-1325579331
-1323123887
-1304845885
-1290542853
-1295939060
-1309520307
-1332463965
-1331532818
-1359390933
-1384309871
-1392823992
-1406479748
-1410571684
-1395785558
-1402521031
-1400668293
-1401884350
-1360118038
-1364133184
-1319913119
-1314974602
-1353106926
-1357501216
-1360297974
-1367046410
-1323938398
-1301898197
-1281666264
-1279727796
-1269111739
-1269777450
-1243465259
-1251653944
-1251824089
-1252320536
-1250126790
-1248971543
-1261745429
-1260075828
-1261684796
-1255672452
-1241815568
-1315621451
-1295001173
-1300759519
-1223903310
-1163491362
-1160492962
-1123056216
-1072006599
-1044306647
-1042914806
-1043207821
-1040394341
-1063854673
-1059045308
-1108799706
-1107332547
-1126524038
-1128164229
-1132349428
-1148295140
-1149300957
-1172488917
-1190768829
-1194893238
-1196270042
-1162939313
-1211058375
-1185361329
-1202825825
-1248818673
-1248549113
-1227439158
-1231205243
-1194057063
-1199683830
-1226841619
-1206880110
-1214894101
-1221940247
-1232291885
-1245625473
-1246672794
-1243073798
-1250498053
-1196197777
-1200597760
-1182402807
-1200414835
-1195513972
-1169729531
-1195555328
-1195284419
-1209740364
-1198347946
-1289941151
-1265833262
-1263754390
-1263808845
-1246983838
-1324509426
-1363215591
-1403309632
-1388089855
-1412264419
-1402597543
-1400910713
-1391082267
-1417255598
-1418354399
-1430455783
-1441600594
-1442529488
-1434615597
-1418003072
-1411962282
-1414525435
-1468589229
-1479864219
-1437298174
-1537452627
-1575936424
-1578407649
-1564116957
-1563198905
-1596736051
-1590967417
-1593302657
-1633460328
-1621335581
-1618449953
-1630319782
-1626980872
-1640663091
-1578666217
-1562850817
-1650875446
-1655703467
-1662667374
-1693744999
-1761904975
-1761523170
-1745972010
-1767119463
-1766613564
-1678225184
-1679184746
-1660958475
-1634864451
-1630953236
-1633591804
-1636478678
-1625103441
-1629832545
-1613532186
-1600134284
-1609272988
-1546718955
-1542288868
-1540905362
-1548281434
-1557237206
-1557999077
-1557772174
-1538692439
-1530182084
-1559264680
-1529035506
-1515760342
-1488348938
-1514545844
-1512948489
-1512708726
-1513089469
-1583855100
-1604386506
-1595729015
-1494205177
-1500061547
-1499791498
-1465133236
-1509158500
-1505732457
-1514560075
-1515830770
-1512660491
-1530595914
-1557101712
-1504739516
-1485475263
-1483931577
-1491185295
-1494273054
-1458423568
-1460768672
-1480790563
-1455895628
-1451856118
-1436480447
-1419912950
-1503116173
-1484059048
-1513397767
-1528912804
-1529717469
-1571259983
-1566454584
-1608703435
-1642992120
-1624430251
-1664256635
-1673729992
-1659592975
-1666627875
-1698992051
-1690894306
-1681479018
-1676299404
-1698175167
-1661694934
-1567358696
-1568557996
-1571913229
-1639846230
-1644277031
-1633529696
-1625035837
-1626352607
-1639778810
-1623634436
-1609853052
-1611611381
-1622505057
-1576777585
-1586154593
-1568082736
-1566375806
-1561224065
-1538315203
-1545318143
-1542185133
-1600410090
-1608636654
-1660459179
-1663528074
-1656370974
-1719348963
-1722579906
-1624528214
-1619557394
-1611236632
-1567462038
-1605034447
-1606851803
-1602882276
-1607527595
-1611828973
-1592481267
-1597070068
-1600270373
-1541966773
-1540411452
-1595674245
-1657816675
-1632747828
-1624302295
-1604812782
-1597927079
-1601276013
-1683469698
-1692887587
-1682689634
-1675701160
-1655192950
-1595377245
-1626280089
-1627776345
-1622431772
-1632137092
-1667847421
-1658817643
-1655079677
-1627425178
-1625649262
-1632393980
-1648314510
-1657978080
-1653328839
-1645318794
-1676950272
-1696505165
-1669349848
-1668333067
-1650884302
-1636644227
-1623130435
-1555408783
-1523581652
-1521188721
-1532482275
-1529013137
-1531538822
-1586982476
-1591992069
-1585877349
-1593723063
-1618333498
-1601213585
-1577876654
-1641628233
-1645913656
-1658465059
-1659987182
-1645653872
-1656288392
-1659298078
-1656105774
-1658561545
-1659443282
-1654365665
-1663902017
-1646177016
-1636691864
-1582152504
-1586592621
-1617072859
-1623093374
-1631110332
-1655242509
-1646925997
-1648978465
-1644256269
-1602402423
-1599726877
-1612751485
-1611904197
-1548664727
-1546454796
-1555611547
-1544728948
-1592875541
-1598952320
-1592886479
-1564653284
-1564294967
-1582559744
-1609506028
-1602685034
-1643123262
-1625000894
-1621451531
-1610697488
-1600938967
-1617839408
-1609205282
-1541533722
-1547146674
-1568454642
-1519891123
-1522982519
-1493035160
-1542269917
-1559572465
-1552365546
-1555108546
-1554176273
-1532404630
-1551441098
-1552692988
-1542851255
-1565617741
-1562894029
-1552934602
-1554176889
-1556541153
-1565077525
-1560107999
-1555652419
-1551149990
-1649639625
-1650079399
-1637619854
-1640090038
-1653540641
-1653117362
-1624310835
-1614247976
-1656702938
-1642701539
-1628194857
-1613834224
-1618905672
-1679985180
-1631016907
-1621511214
-1623615572
-1628015711
-1655259298
-1786293629
-1801181512
-1807040537
-1791723725
-1790171192
-1791770133
-1792756092
-1790588674
-1793176820
-1768217022
-1808393094
-1799716881
-1763595576
-1779898010
-1781087822
-1769751399
-1740870707
-1743364431
-1751506130
-1758316026
-1758665459
-1762672322
-1766337097
-1754465047
-1812048515
-1803591391
-1798009250
-1781492325
-1802275465
-1799722364
-1799749853
-1803818775
-1815309422
-1834206810
-1832515042
-1824587683
-1828025129
-1825881381
-1826475983
-1866525834
-1866214132
-1813214628
-1868962644
-1892949253
-1879800183
-1875384373
-1908446322
-1886434650
-1937832022
-1942350067
-1912667372
-1900375699
-1916510065
-1920738472
-1911063129
-1916666219
-1900889146
-1898834369
-1917524146
-1896783987
-1861979018
-1832858421
-1838102044
-1815450823
-1816937081
-1807954674
-1755766532
-1790735310
-1741666239
-1696908163
-1733243045
-1726345338
-1769153317
-1756203196
-1779885201
-1774406878
-1819265359
-1851370254
-1833364438
-1851773046
-1850229754
-1797882030
-1806204300
-1805201678
-1808106921
-1822777905
-1778545461
-1769042296
-1804702893
-1788868359
-1737050940
-1734801313
-1726115797
-1721934124
-1714954877
-1710091741
-1692869219
-1752839884
-1730096149
-1717352753
-1717028010
-1738450636
-1723827503
-1734231272
-1733725774
-1732546304
-1754011931
-1801355918
-1809525271
-1808906557
-1805225154
-1829210257
-1826879543
-1853869815
-1856464511
-1847987045
-1841793234
-1860343510
-1862351053
-1856805094
-1841982625
-1871384948
-1897288348
-1889031878
-1860737662
-1879061491
-1853117277
-1843410363
-1832200290
-1825595395
-1789586799
-1796508458
-1792275052
-1798868817
-1792162138
-1793140930
-1790603120
-1825184668
-1823982038
-1822267412
-1819083470
-1823493012
-1791866270
-1788474577
-1790528730
-1844391996
-1871923947
-1861372734
-1875245832
-1911991868
-1930624734
-1923865151
-1893008123
-1895227842
-1886325649
-1896851835
-1895875066
-1901058811
-1824926143
-1908506880
-1907005279
-1904234719
-1901361529
-1909071562
-1920694015
-1906207092
-1928359310
-1918487973
-1846824148
-1797423565
-1782319130
-1759983499
-1741210578
-1763926078
-1785758181
-1782204283
-1782461352
-1789237288
-1767856337
-1798479002
-1782492817
-1737452407
-1742323449
-1746844006
-1688444916
-1686527164
-1696449302
-1697190100
-1736265106
-1782614529
-1759200860
-1765960025
-1765783088
-1779805338
-1779652004
-1779788102
-1767141745
-1765851114
-1765747056
-1775562867
-1771914392
-1764728531
-1752403938
-1753825700
-1736010070
-1736373409
-1735926333
-1814823532
-1816002666
-1813313063
-1808881483
-1792660454
-1785238017
-1773797864
-1756537993
-1777512067
-1766765608
-1810463881
-1788088597
-1771570183
-1782835446
-1785982884
-1773588303
-1775376685
-1764321805
-1759943618
-1761449877
-1784297317
-1785269796
-1788558967
-1774224722
-1770445344
-1757762990
-1756076140
-1738607326
-1739562171
-1736433773
-1729991238
-1785787528
-1741124436
-1771657597
-1765761828
-1749340417
-1731484732
-1745811465
-1756095796
-1740833313
-1737992760
-1755039042
-1740001243
-1747013944
-1735283153
-1727475731
-1695540369
-1694437045
-1721642463
-1753821903
-1745571943
-1786401162
-1773170247
-1784719577
-1774753285
-1805622493
-1803282782
-1805242054
-1782710702
-1792714022
-1789485026
-1790080747
-1796599143
-1797535999
-1779824255
-1821790994
-1831243490
-1839970196
-1843462765
-1950511865
-1952003503
-1943775949
-1967660475
-1986011867
-2001039831
-2036621517
-2039594030
-2039205844
-2054821167
-2047638301
-2038558919
-2038875208
-2019068160
-2019972390
-2032481093
-2036388029
-2074810022
-2075928206
-2025311798
-2042733552
-2024854816
-2014960577
-2011431678
-2024841692
-2001277126
-2022284760
-2016246906
-1976975460
-1979017944
-1978872506
-1976864320
-1982775017
-1981371848
-1991704016
-1992257054
-2020059348
-2007543333
-2004178053
-2078329485
-2093981679
-2096511417
-2096847210
-2098138042
-2097958559
-2088016058
-2078485966
-2090033661
-2088429609
-2030268955
-2021678017
-2031155812
-2027395249
-2078931387
-2080014251
-2042653320
-2031448290
-2017380503
-2012142377
-2014233423
-2005152883
-1974014177
-1971528532
-2013268993
-2003299455
-2004044750
-2112438917
2113145668
2056684975
2003685423
2002892641
2023918238
2039506314
2051690734
2048216578
2070106872
2068621068
2063344726
2080854212
2072582951
2068845433
2070803689
2086841760
2091363052
2085214381
2071906869
2092742684
2095817516
2105728698
2110066893
2119432599
2123559558
2122977294
2115347326
2077646862
2090233871
2085358336
-2128937306
-2131055882
-2135695818
2144952765
-2111701213
-2113865518
-2082791217
-2093510899
-2088900640
-2086769176
-2086858682
-2078589846
2072748670
2080732506
2078284732
1992766037
1987803632
1938902924
1887864546
1885558351
1884248004
1897345234
1920692683
1930543320
1836560146
1735967376
1753718699
1737641094
1733526487
1731084839
1700283812
1718518049
1717747451
1716483239
1713973067
1717386815
1715999744
1668035623
1707451789
1704267861
1704235079
1715384046
1717168415
1715681199
1652496483
1671379546
1637885537
1618799262
1536817267
1542707248
1542700047
1547676495
1543514604
1563745730
1579200775
1503257005
1508825269
1505718063
1438527431
1440556035
1445446877
1412118761
1403303399
1411414637
1382171752
1311430431
1283403817
1257510872
1257557362
1234475161
1204917602
1229824773
1225681482
1232641410
1210671530
1211231295
1208212173
1207784225
1208317965
1213754589
1218292387
1225498122
1292140931
1289764623
1298630231
1277688327
1290080921
1283130795
1296576366
1323570165
1324585719
1332771586
1332286355
1333316266
1337115654
1328744254
1327602061
1291767052
1329386842
1317040408
1294295674
1318167767
1353667346
1355377876
1350313835
1348817346
1351314241
1350979270
1345531298
1345822478
1324437707
1310218034
1325339326
1321355943
1319241670
1357021067
1372576536
1376495855
1377173965
1390741906
1390369163
1393585754
1392913918
1466526013
1476554382
1496313050
1561482716
1565183690
1566805870
1574178066
1599980447
1603394267
1603978561
1586591724
1577330807
1624680650
1568273043
1576588986
1573576100
1546870146
1548288347
1543129594
1582814794
1543241738
1542459506
1542872580
1542760884
1556325745
1542992175
1531442508
1531988213
1470951447
1504150991
1434660662
1440331489
1454551296
1457768055
1474755122
1418217831
1436735956
1444242671
1445988053
1436731944
1397503350
1415805438
1419528282
1418911558
1376743165
1390790686
1411840061
1462755510
1487848713
1491791033
1480501386
1403981523
1366282057
1367553082
1368005898
1369179739
1354672825
1374996306
1410941659
1370283082
1379160664
1392558933
1399511758
1399694174
1407279354
1419107412
1440289939
1452054069
1459064639
1440823960
1440359948
1464625374
1462281364
1490863926
1499683688
1482936410
1494712549
1483710640
1484326145
1483454126
1489754318
1490812423
1544188962
1530449590
1528524233
1541697149
1546439858
1533290036
1528914762
1538770563
1550402313
1543407920
1523386137
1581284339
1604898265
1604288774
1630886886
1682664163
1662666713
1665093711
1700287906
1713436515
1708748269
1712924456
1717590025
1741809168
1733387670
1732288081
1703204374
1703022067
1701971951
1702408794
1719635006
1708674269
1715953838
1724956902
1701146724
1701337588
1700318785
1701859773
1712217001
1716384936
1707860880
1734110938
1714063464
1714585979
1715127069
1715883598
1721387307
1684682369
1689654689
1687806234
1696311116
1704128353
1629166274
1568024698
1604739235
1542569589
1549638161
1557394329
1551789267
1550217194
1526157140
1527496841
1532055822
1553259324
1569972129
1579185164
1597021877
1585585394
1586053848
1594291195
1609931135
1647503335
1644310216
1632197905
1626783743
1620834052
1617217546
1609442675
1602784260
1601301565
1603177241
1609250456
1600543158
1550036965
1553452194
1551479022
1599557536
1588040783
1582197266
1582770871
1550716050
1606938597
1625141607
1627014443
1641396456
1646180769
1647481653
1641497651
1646789953
1638259484
1646971719
1644884686
1638621867
1622486395
1601156153
1596093848
1602936323
1585856972
1575742632
1578840823
1595711013
1570772278
1580422123
1576174218
1590539177
1586879907
1581772461
1587952669
1576409830
1577421331
1592298444
1596621966
1594632611
1589823565
1590714554
1570456526
1569467434
1625651149
1641283461
1630451896
1629503223
1664526077
1664081753
1626754024
1647132201
1646310614
1641363475
1552343396
1556530225
1543719244
1505050657
1485947585
1494219978
1503783873
1490043593
1498061187
1487578304
1575488542
1598419255
1589356445
1552367206
1551386766
1550598609
1556535674
1572109631
1581159562
1558624341
1522872920
1507299087
1520348525
1492325148
1516648993
1488912598
1496801895
1491213530
1469904062
1459412342
1404103564
1408784763
1375747177
1379014315
1379065626
1400126877
1422300041
1420059462
1434666292
1432427807
1465989553
1490337218
1498156983
1500962812
1519265110
1443840144
1446575518
1448555767
1451642496
1443181801
1429252640
1347724722
1339978922
1323661495
1371029445
1386433139
1386081478
1395309101
1407937460
1396331689
1367450068
1363567497
1376213741
1365025619
1356687980
1350438345
1353955792
1357761270
1365172806
1367914048
1361426844
1355664175
1344058520
1334993153
1326724263
1340510550
1336518809
1315310403
1276236565
1287696543
1287038516
1296771280
1303726066
1313867808
1316476789
1305918573
1290056800
1289885572
1315465591
1318946952
1312665134
1336335084
1298279145
1290330790
1287198598
1285363048
1300848961
1279451137
1291495753
1290705827
1297347115
1323068509
1317932901
1302597598
1197004059
1154386493
1126796767
1132488939
1145103571
1114206681
1112915027
1204668949
1204885083
1211302090
1211105872
1209960488
1211689257
1232410438
1235548930
1215505561
1216019598
1236155022
1249043190
1223816470
1222408641
1228723371
1233422329
1229195784
1187340674
1200344105
1201904914
1204423950
1201498037
1200781472
1194291892
1227898441
1226531326
1220117383
1233337122
1231724729
1239407242
1236312846
1264300525
1238748460
1237860953
1255588034
1243866202
1238791422
1240066384
1251400257
1258443170
1263298071
1249086857
1248254960
1255705283
1226598998
1213709159
1213569932
1195029590
1307244628
1275121904
1297243288
1345807235
1367354515
1343853204
1344751662
1350853286
1317060633
1304822983
1306434432
1389477870
1382221848
1298089993
1306101663
1309391848
1302422730
1285470999
1246904360
1275964937
1279171778
1251394497
1247171308
1282811265
1281190820
1275711138
1253133598
1240937212
1214822359
1145314794
1104886377
1101246874
1120275087
1120684224
1112140535
1111640043
1100001704
1115768384
1114958055
1145679711
1147472035
1147243993
1150778889
1148923478
1159559006
1176928476
1161107683
1168468685
1168807981
1199817835
1207856021
1207411107
1123650598
1121866575
1143913932
1143205501
1164746332
1170970708
1184682967
1141538929
1144539958
1002948034
986130224
1013177662
1051971009
982227557
992812979
1006081754
1014902322
1022298772
1006898873
1007297490
1005349912
1010185852
1012821142
940180339
938594657
952484499
916653437
921652695
902735430
860759904
867598670
865702378
848336385
815570804
814356357
814087048
820146314
822356191
828564846
830252956
833813235
828246499
865071462
887198826
896287029
901865329
900799181
888401724
887689632
885444516
900907417
904437679
913907809
914999784
933738480
897320536
893316420
923817470
844081036
847507503
851665669
812454355
815722161
711254997
707019717
708349098
755370259
740891556
731232343
725741550
701191604
656849074
704926758
674345319
681748260
679536621
617814529
602821036
610720822
603092739
613606553
623674223
650835906
661569049
647474876
643754759
620513020
688577688
687226330
683799679
685752845
706887611
692512976
671323308
595958952
603291692
589920358
610796582
573892533
573560135
616447764
618857684
615145593
636414587
600904517
603668188
599859240
605996858
599342716
591010049
581677198
588024600
586464901
547172194
564549256
550929493
560538051
525428635
475670751
483246963
488164584
478747774
426532715
427339698
450860918
464533433
484181404
467107875
471847026
442726789
421460216
409557520
411532072
417405802
334888610
296511509
294547755
244300397
245611901
210086788
260695814
272664888
259080361
252249384
276590789
310681413
388350056
373745304
376742885
390153669
384194393
393723327
398184891
337785652
359684696
305603400
315904653
325829005
344311013
344125494
335037623
339572943
350978259
352508680
376444235
398721846
402790696
402429980
433489849
429167925
382992240
373381377
403348669
404175875
404801292
427718531
401834654
402652463
402621837
382163371
374201018
312926004
358462374
275786272
289716886
290339346
299675881
301414280
298414058
308010627
344593261
346861132
306097940
306111004
305256250
308186135
309826855
290035545
276902006
235274592
248369930
254270213
268424716
278374169
278603631
291799351
293915146
290832579
315474597
323491511
322471543
371973076
369744846
364176620
380583429
440145586
426933576
437436964
435516798
447820494
534973281
539107016
536981599
530180183
524105983
525292559
556984276
570580509
601993900
615161245
630036380
525808491
527218101
529318026
531375402
542577911
562165162
552308161
546931623
554911834
553119924
557869052
557638136
551897663
535066908
539823631
541909633
540651569
514910262
516235745
523910425
526400289
474170110
473555930
440225163
494146188
500001728
521928586
493413798
504030316
509046317
510001389
511998613
574545054
547904207
558108760
539667147
542042743
547950483
544910728
555313382
542825705
579661706
579344822
597088908
623235002
621154999
641220227
685782771
691709813
671156040
667672816
679128366
680208362
684326195
701817650
698001137
709424633
716988136
718143327
710831740
720034796
609460206
620615004
619849354
633087780
627447416
580022408
580495531
593288644
544831922
547110594
548899402
557731105
556660466
552904032
551814656
577315597
584630808
588294187
598943185
493807968
493172046
505467698
514339462
519461219
520739475
518215204
508492561
508517999
497099326
490351130
491083164
448539466
498969934
523052439
515366478
514442762
491705208
497783606
482660957
488770344
521219348
514992487
512832692
437545056
435638845
440410870
441721064
449004685
456477979
434935111
404162213
394077027
411446717
395698405
392916698
425421713
424863284
425789494
343683551
361121279
318055838
327080658
326299567
333781346
308865745
304496039
287626828
264249970
283705712
269094278
258107834
256735194
293340903
284322218
251382272
270765491
276501387
263176178
286976846
288497323
317663136
328896104
328568993
376930692
434847261
438160897
417137643
416603873
415018875
433187284
445841142
430462424
416903137
409121927
401964075
363877399
374758250
364621002
363324993
395246121
387892838
381205411
352964485
363551639
408308905
409299335
358055063
373558697
346465587
347591552
299983090
300556299
346299037
352861876
402916075
404528915
409936763
410256716
411495290
402166533
404524881
401899652
399772203
406199193
402741506
419115311
416984328
414891827
459925452
379614342
381984954
362950811
341044152
275288579
284665005
276827844
268332659
270309597
274869510
279578228
237846276
246285190
195748188
209406892
216356118
227048131
171248225
180197736
194843912
183327803
182620091
172510943
152500420
154729864
170812970
164303725
175845779
184209199
181765580
185779064
191933915
158247607
186699976
192844312
198140833
180877479
247376560
193312356
198341110
204061754
199147200
209739431
216968737
165751913
157609250
106912400
107448404
119406353
130654761
138352692
92984631
93598549
90443311
4952335
17556354
41212628
35941956
83207450
81969048
86214883
86677921
140703975
132453121
128495542
174764527
168530112
173015717
187919720
169921533
163715185
164904157
162891802
197294027
145562590
146252362
157865665
155534202
134335410
116706645
129848670
118567040
121965419
123153133
124396412
122009547
-17651453
-14743882
-44508982
-43866768
-43172046
-40790061
-12483877
-18017164
-24009549
-17154378
11590562
8116436
9176083
-44020577
-38064450
-58696597
-43736202
-46211061
-69742811
-39627027
-38834746
-60547364
-71383974
-77941578
-49902613
-42838095
-69058241
-101848529
-153799656
-156362306
-155312197
-154368644
-144799808
-141393221
-139510689
-140300752
-133893242
-129571809
-127169608
-191606223
-271105017
-276444141
-263342312
-259391038
-290824466
-308233608
-318868028
-319819591
-318506323
-323763413
-323751197
-348842400
-282142704
-283880547
-389146846
-389906054
-391546272
-395612252
-406064090
-398751899
-392803019
-398378449
-362647964
-372930798
-379839084
-380456131
-399385701
-480895549
-461067276
-454448338
-469528752
-517194685
-550759938
-546127290
-540587126
-552185644
-544187642
-548332018
-538745564
-529840993
-576171960
-591938247
-591821382
-579194217
-602243053
-594452950
-595408742
-591520699
-565281143
-555811901
-549726363
-540482696
-563682058
-584544308
-583553082
-582409897
-587040227
-588162533
-591249003
-587444659
-587095692
-589427733
-581843124
-591684572
-594810212
-590205652
-602062010
-588458431
-585934703
-603417608
-603931642
-612205375
-651436884
-766745110
-761590524
-718101966
-690351371
-730461945
-745255996
-737535505
-737728319
-799396829
-820099740
-801417969
-819464094
-824657826
-808065780
-805936225
-788900026
-789224235
-798353867
-845991121
-858867096
-834885220
-828991818
-872428065
-864346771
-887741166
-913587173
-925224762
-933777821
-932520316
-909802297
-908825446
-905952589
-906234512
-922557306
-911957639
-902070726
-940624654
-940000128
-931918540
-959505452
-974050537
-994994149
-1006277242
-981061758
-960239903
-968691640
-968914064
-960461775
-1020015430
-1046055027
-1032705654
-1027224045
-1057240286
-1050669607
-1059908105
-1110211951
-1126072406
-1118214844
-1111926967
-1102133208
-1119025023
-1118561054
-1118640233
-1177510709
-1196096056
-1216096597
-1221531071
-1224427871
-1267008351
-1271558901
-1283400540
-1265611591
-1265272756
-1258027179
-1267081030
-1275885299
-1291115489
-1267573847
-1256619138
-1259817749
-1273571851
-1279150860
-1298771228
-1296451708
-1303286460
-1294188854
-1293862983
-1296462095
-1292102534
-1289396564
-1317490438
-1334697260
-1333806683
-1377763254
-1344431713
-1339697028
-1367832646
-1363764362
-1357688791
-1343480862
-1317372693
-1366684942
-1349324299
-1308748920
-1308613142
-1317477417
-1318377374
-1324234442
-1237983917
-1226809676
-1225938720
-1204281960
-1164248419
-1159101094
-1174359856
-1127365355
-1119759049
-1120909849
-1145674843
-1125443021
-1124930880
-1105890253
-1104660356
-1105521664
-1076916451
-1068923393
-1099998398
-1097715675
-1051570375
-1066364614
-1152383304
-1151916143
-1138405091
-1139987956
-1156313708
-1150162533
-1156215483
-1154301044
-1152586729
-1145901712
-1162808865
-1163469070
-1145531147
-1208757768
-1251620685
-1235635826
-1231652899
-1243940875
-1237688199
-1241052601
-1226533090
-1211874261
-1232707810
-1224623893
-1222197466
-1230929817
-1238851663
-1265250091
-1268592995
-1271026190
-1243601852
-1229394544
-1219500820
-1205759732
-1209841742
-1207065806
-1227569567
-1266271951
-1265267936
-1262354060
-1286435319
-1296062237
-1292256925
-1278594661
-1329602996
-1295101271
-1278431814
-1278636246
-1278627698
-1300825017
-1322732481
-1328594171
-1320740795
-1309828829
-1306423089
-1282571967
-1284868052
-1263417612
-1269291459
-1303945894
-1289242813
-1272410781
-1273466874
-1273371549
-1255572598
-1269862693
-1234952663
-1179454202
-1178286124
-1255160452
-1242507350
-1242088653
-1231632031
-1232080973
-1307649354
-1292419108
-1291966114
-1301765617
-1303298247
-1275759923
-1279182175
-1290703842
-1197686755
-1208250491
-1202293221
-1208288932
-1143194778
-1133412291
-1183023474
-1188078094
-1178512011
-1174518028
-1167168937
-1187555937
-1189682770
-1206628527
-1211547590
-1209578359
-1247309333
-1324533203
-1320168473
-1331086555
-1335737299
-1407203914
-1461710559
-1481880073
-1482097616
-1488720808
-1442786951
-1443850286
-1439468223
-1413215397
-1433022800
-1441169133
-1426527241
-1452458118
-1424347645
-1424340055
-1559226080
-1590255799
-1586803347
-1634457613
-1659974941
-1646527808
-1644963839
-1639543451
-1652772547
-1697632914
-1675174368
-1648455198
-1653975793
-1536140720
-1534968648
-1533092264
-1529229921
-1544084615
-1545695757
-1529834549
-1523331560
-1460033972
-1444325150
-1469031748
-1464827352
-1501131001
-1559706296
-1499403283
-1496852758
-1502976621
-1486611801
-1502162734
-1478043360
-1457151930
-1469711847
-1450829030
-1437303524
-1410994432
-1399158065
-1399832917
-1410133654
-1430784359
-1428267536
-1437374713
-1423756342
-1423778395
-1425959331
-1401872033
-1372450731
-1364894311
-1375314312
-1399033012
-1400927817
-1402633385
-1409884838
-1419944767
-1449314200
-1419018992
-1421098689
-1416495606
-1401732931
-1355629141
-1357110914
-1330740904
-1309089685
-1298113990
-1302061353
-1306764028
-1302682834
-1260945769
-1237713308
-1238534677
-1237890472
-1236176163
-1219439991
-1218976759
-1173779353
-1174008861
-1172309152
-1187765074
-1188299846
-1190681651
-1249333483
-1248007259
-1248460151
-1236380972
-1239055518
-1237706380
-1227523688
-1227601542
-1223266185
-1258566046
-1268810899
-1346730010
-1355980695
-1363331143
-1418125332
-1423611813
-1427788649
-1449538519
-1496895887
-1489155193
-1485411111
-1484386765
-1552542299
-1549771297
-1548446534
-1521898336
-1508409127
-1498187827
-1522123578
-1515800205
-1519882331
-1500797414
-1487388306
-1483096109
-1485527480
-1487464795
-1555852813
-1601515672
-1603869539
-1582746985
-1511349668
-1501581174
-1497315713
-1518507042
-1540125925
-1533894937
-1493480950
-1491635319
-1520217708
-1514366064
-1515801331
-1536736149
-1511041794
-1599110073
-1594748430
-1584517242
-1584075921
-1607245586
-1718786620
-1604285204
-1618540117
-1593891647
-1583906770
-1554767755
-1552525133
-1554903293
-1550195259
-1559136465
-1666281058
-1653246558
-1671755023
-1699749415
-1697084265
-1705581545
-1671240330
-1677697691
-1677514121
-1678281602
-1741923206
-1743321064
-1731136572
-1743795211
-1765761235
-1748408418
-1760919666
-1765805963
-1784245786
-1801343869
-1836992330
-1855047270
-1844733255
-1838875343
-1850554973
-1848220254
-1848077737
-1840743293
-1841998728
-1808631899
-1802494640
-1799268908
-1790644034
-1795553717
-1806515245
-1773445243
-1806576694
-1742069448
-1726130772
-1733559040
-1774774883
-1787912252
-1790095224
-1779652219
-1777579730
-1774782689
-1880532622
-1877281580
-1890539671
-1893240073
-1872589537
-1872690326
-1942153232
-1941854722
-1942087820
-1915469295
-1912328430
-1957668708
-1951389726
-1916162495
-1920958777
-1917911463
-1913852146
-1906814229
-1925139124
-1947432900
-1923851955
-1925801480
-1961062130
-1913082383
-1837704202
-1840901045
-1816304551
-1809070655
-1810611383
-1829297458
-1843549896
-1830168258
-1816809473
-1808142549
-1797968118
-1787371705
-1771715064
-1731565175
-1715772205
-1742463510
-1796864732
-1787383702
-1801764749
-1845267206
-1849134454
-1868733398
-1858183210
-1853657320
-1856996996
-1856794227
-1865326227
-1858406104
-1883642687
-1864889534
-1857254990
-1899803860
-1895477361
-1895013560
-1878089541
-1856623686
-1836900443
-1836409042
-1828262213
-1824995015
-1852156246
-1845569848
-1845076762
-1812060480
-1813878721
-1779593414
-1804504413
-1803161605
-1799706715
-1799740715
-1790806962
-1786499272
-1802844333
-1790676323
-1816846107
-1811922348
-1809407278
-1810289041
-1848649077
-1839591262
-1869409194
-1871244996
-1880190700
-1882340430
-1857386508
-1841990430
-1863981615
-1866603131
-1847814460
-1878515922
-1858748406
-1861295421
-1880333239
-1854537451
-1831656562
-1815190886
-1847763197
-1962068319
-1919296027
-1882332571
-1909222160
-1893602916
-1896744359
-1900771415
-1880921416
-1875475593
-1874910822
-1881937413
-1869551310
-1856600740
-1825848572
-1819569952
-1827969734
-1803130825
-1796685015
-1816886283
-1811570881
-1805632431
-1818868422
-1771780769
-1770698426
-1771161871
-1772500974
-1708482159
-1748649143
-1780288992
-1786368432
-1818301104
-1818803973
-1802017838
-1811979463
-1812937450
-1813840761
-1794736801
-1772958496
-1816498897
-1840823122
-1848107969
-1816799895
-1820418772
-1794586479
-1800576856
-1811584406
-1808949862
-1766072759
-1822910699
-1733986229
-1722446702
-1741315859
-1753588910
-1754593360
-1761589765
-1756232584
-1755049971
-1738676734
-1746342808
-1747011104
-1862679788
-1874894536
-1862506189
-1867397353
-1863399750
-1847640592
-1846494929
-1862530626
-1885613277
-1888360548
-1893609486
-1932217698
-1932537772
-1931191536
-1901667970
-1911736455
-2002124959
-2053540616
-2048399072
-2027950493
-2029623467
-2086161156
-2114916972
-2097507903
-2106586313
-2106649182
-2125325101
-2134825280
2146002263
2141414218
-2095539032
-2093632648
-2125737428
2140098165
-2141475412
2138160325
-2143713395
-2137753654
-2108759438
-2115191312
-2104426714
-2069996249
-2063680388
-2060643598
-2060777064
-2061865752
-2057313186
-2025319117
-2037962554
-2028923372
-2045268018
-2094715731
-2075573320
-2077643852
-2081771434
-2084513700
-2085967377
-2117370320
-2122564222
-2126290083
-2144080402
-2142435983
2145174940
-2139545616
2130985832
2134492345
2125299623
2107161183
2086783817
2071894449
2088589135
2084737873
2088637489
2107383599
2031473822
2047067799
2040442452
2031666631
1987095364
1971632364
1971902699
1965544838
1973110581
1968490257
1970171597
1984162028
1995846680
1988095427
1979295199
2005484600
2037414471
1988173359
1960924581
1929738791
1916002451
1888801816
1891189201
1899632555
1904897293
1906488278
1934904268
1915689119
1940361188
1977816808
1990957555
1986268939
1936337668
1846877722
1848296096
1833184316
1809888660
1814467748
1830727414
1820693817
1823872426
1830556328
1860298243
1809624110
1804400232
1813843403
1785725508
1794433345
1789987186
1713198785
1717169962
1760311940
1784397238
1780655951
1724116091
1719834023
1721833921
1720991012
1715189526
1711655956
1716899993
1688332228
1682697411
1683781226
1659432580
1652006611
1608427214
1608486996
1601986812
1552328096
1541124842
1538358128
1570781801
1567420158
1564905183
1566292984
1522431837
1529898968
1540461869
1481475654
1479384065
1472670657
1474158791
1520255492
1473383718
1467104520
1458044482
1489724664
1535892867
1537199367
1571153581
1539942224
1530892661
1507873854
1540977078
1513376462
1502328886
1493016257
1483364023
1484441143
1473819387
1473278279
1466274304
1421828604
1374091986
1372737138
1365144542
1410452181
1406957172
1412959089
1369284816
1362062289
1363698519
1367601183
1382389684
1365385388
1365045206
1324947874
1299387246
1298496661
1322742739
1291054518
1311912155
1309520068
1313454513
1272282630
1298195291
1297330414
1300302406
1289612484
1310095785
1299008714
1305723997
1310820076
1286005884
1283524734
1296396206
1285626892
1279651636
1276584079
1276110963
1283535808
1245924990
1246381362
1255012131
1293433114
1270807887
1240937374
1237354995
1221935171
1176434592
1143314306
1127457667
1118837601
1130519135
1130365635
1126513879
1125904885
1123485158
1117468493
1117043082
1117387290
1144682382
1151139813
1145437129
1164843379
1183425751
1183819388
1197811868
1199443603
1200007466
1185978162
1189060847
1196170187
1225579294
1211567726
1213121705
1225934924
1129919926
1105256492
1156301824
1115895082
1086448557
1085386782
1097527114
1097942986
1038320081
1062452658
1062704851
1021013962
1034650778
1042527213
1047227502
1056241341
1104230132
1103038916
1103762055
1125508614
1124692405
1115173913
1116978544
1113117057
1105747092
1104925072
1054682953
1050165259
1047375342
1046707423
1007137176
997695484
991857401
980132669
982189678
992504398
896992244
909708872
940061946
936617851
929861116
919379144
910662180
915092982
899382407
925686669
939228829
945443819
941077442
935377436
927050346
928332603
939949913
917709165
932383440
963031660
929626979
920547440
918940780
863730888
873441347
869990107
883930000
896789395
912118759
942848281
947176729
941198457
953709820
946419563
965393892
970278561
961812749
998127127
993053237
981075087
899303077
898659256
898932329
873188779
874149022
867522786
880177388
885681349
886263152
892977582
894178794
962244674
962140192
938191928
938783920
946201608
906601000
906128484
931401012
948957751
948738913
948838180
944893767
945402140
911077269
897432475
855049034
872231858
885788713
883307099
847076107
825809370
808799506
764004928
767888642
765569755
768297069
733707355
750708267
789660540
775321270
805882307
839279973
851376259
845520835
794494794
765260364
726944049
728067188
666338960
660107515
659443701
656769873
617393016
613942111
583083848
561539618
566716829
574942973
593762466
590150171
565769934
571099572
567621458
580347594
600723249
626065525
589129295
585740270
583403015
572763356
554256754
558270037
542489951
556644843
550318061
562205814
548344041
524034761
497771632
490127520
494687572
501573689
519346074
545915597
538982325
531964437
558324481
562510239
481125994
498322033
510585799
519451893
519932135
528806235
506483088
611529433
599382737
600496536
552506279
556498309
550242656
564426328
568269270
557280863
615998884
609361558
620862580
619281862
610615795
592462085
604061463
644282106
620262659
636045009
579660020
572373842
549451010
563051555
560078882
566677764
579412224
542273409
545924710
561707340
552882864
534941356
550161309
526498358
529892863
571086477
595697850
596998643
575480490
574075503
576163308
596387957
607327101
522161406
563316134
577154176
551675190
448370430
471269345
472658847
476231835
415590114
407016398
387653474
386429974
386599999
404342552
404343522
410126963
407054958
371746284
340065455
298961109
351296621
328805154
289856718
256848277
254934781
168289570
162365295
230279279
239488869
248007546
244713546
251804776
253441446
195737137
190633264
279592131
279717382
272298957
273309235
271622985
254142903
258338236
258866814
245130314
253987854
258621551
275521299
277595358
290413947
296892651
298170765
299839007
308305198
317469761
317769355
319334173
317927111
369827030
363548084
319223919
338352072
282569523
282041896
277646449
294687299
317288684
313336789
341032264
314802528
301073857
329080622
318276063
326655404
289710573
287459579
300090409
270081276
265502302
287952965
270536315
287400769
339777676
339746920
344427302
344740330
354185994
335027859
297488467
284655033
287734605
303969183
293689841
305340735
327956105
331854221
346283352
319326871
314732472
273486250
273435849
274818162
277018207
211595246
214234242
185564043
173848429
176169040
179371355
74428768
72475256
75399301
74194846
46288926
34028756
17548372
66823151
111092870
40246905
45203190
53702242
53170543
52336904
8682069
-33219767
-39661236
-56177917
-97834000
-87825522
-93459185
-63373552
-61650328
-60139816
-72460190
-71665007
-49948615
-4774669
-4836035
-1089515
-823717
51326578
18958110
8920173
-15989807
16046967
53050724
40988880
73017626
88755988
85051493
79465149
80959227
60336556
16098212
4468904
564321
22089376
21134204
24987820
36347273
35338866
33540013
42560887
45823884
46233371
45822821
33258553
47091149
41916828
42674532
51732236
57521532
54812587
49417045
61844491
62017327
57091207
86592985
94278349
85291309
91943068
133358206
169879603
130368410
137121289
122986841
144183067
148217447
145877807
133471208
123308540
121230819
113759247
149344354
156990353
157884091
132613225
136977102
148405749
151034851
142015092
172178114
172840598
37435446
-4277384
-9474644
1612075
2919597
-3802791
14934493
22821304
25237690
39167786
-90485336
-88415309
-83751256
-43060293
-38012055
-26258876
-5828149
-2747281
56250016
64141509
65972747
63652446
97677358
110851207
109366822
112011997
148464566
131249111
142267919
119288155
120528115
123355826
134588026
168595932
164684033
91013886
89641911
89592401
89902120
89008431
104742047
54795040
51629062
59919302
69100419
-15229539
21933512
15706070
20657724
-13638700
-42736535
-43485884
-28695358
-18753633
36632485
35834847
42960475
26939856
34098321
36572259
48058476
48162714
47560845
83022976
65448556
72074862
72616442
112798030
81425398
79501260
-47607662
-20728427
-23081908
-11901669
5638577
185095
64116615
68204399
89677780
89202402
90295858
94316443
93055515
29321057
38084150
28285715
83581185
96531847
98108360
95402986
110839259
108961624
110923002
26988164
23380418
-25410076
-25289369
-22052365
-19191245
1703564
-20581830
-23496504
-74410482
-96333511
-149229132
-178075051
-167446200
-236404880
-230823388
-236119909
-228825212
-232231419
-223050223
-216185271
-219063967
-220189728
-216999141
-217111810
-218327600
-211131246
-211140685
-198970092
-197721054
-191752131
-221968847
-219576635
-227290514
-167676085
-141487335
-137535203
-56735091
-56493371
-70803820
-107660538
-117491553
-97221275
-109529217
-108163472
-140335610
-143256286
-140832720
-120106907
-128984938
-205689453
-203948373
-231456016
-241764790
-241714161
-245759753
-242610362
-239310123
-239994627
-301243687
-282845499
-332815994
-330327727
-400327058
-438406318
-421500866
-405386661
-397397795
-397218713
-459571768
-453394181
-482244310
-467226444
-435772238
-485077605
-488924629
-473643316
-477612783
-481265871
-468855937
-459019848
-489332462
-543737199
-535171006
-531915620
-550818248
-543886574
-546993877
-550104019
-547125689
-553362054
-597651278
-585913447
-573008251
-554891122
-557657215
-557802943
-554543703
-635260104
-606606381
-650834511
-669421967
-675734210
-671861472
-682497901
-673120235
-672133454
-667522216
-650870138
-644721677
-642102651
-636198014
-633115792
-632430035
-652163771
-704285535
-825096154
-811075038
-810403347
-794942818
-776619001
-775215804
-812024881
-818715063
-809793982
-827276125
-804228894
-805193786
-797132933
-772139565
-772878789
-788849107
-773050704
-843289527
-859270244
-858747961
-850614759
-831520567
-810820577
-805713397
-795430191
-800619531
-812917395
-817334719
-731565449
-734647554
-750742461
-731497300
-739052446
-699559625
-685913414
-665192655
-681431744
-658448695
-657969695
-649999331
-711380155
-691211271
-695328442
-686151362
-682368691
-713516286
-724561549
-718564459
-709371970
-681549574
-694599369
-725008692
-726866818
-729321719
-704996015
-702465434
-702487383
-703326331
-711305871
-739695571
-747359415
-765545100
-805432493
-769172111
-761733746
-735855854
-775336631
-771332065
-765457256
-824249876
-816001900
-857550632
-871823574
-890776846
-895394960
-871602324
-872498590
-879570391
-954171576
-859760085
-847544225
-876465408
-879860193
-896042359
-934589199
-934788622
-885970072
-900738606
-890900997
-891056842
-886871540
-889334967
-873125413
-832259498
-836316655
-854052372
-833241022
-814087900
-806061835
-805843344
-800101321
-815926384
-816403750
-825372236
-829601269
-830882464
-815810547
-786076206
-708690561
-714789823
-717019783
-705552275
-703881020
-703467889
-703466753
-733461855
-735242366
-860678765
-866115309
-873032247
-872593986
-865825300
-861117388
-887004304
-898742116
-970386302
-954170123
-954611460
-957715991
-957765168
-960366891
-957480750
-958063326
-959399543
-965001641
-962688717
-968798539
-964504797
-960454538
-992077772
-987936271
-970185423
-993939220
-977214393
-970545045
-981660138
-995542754
-990233326
-1029621084
-1024313891
-1017164385
-1012241630
-1006305275
-980539515
-979361779
-970745631
-977181400
-977141854
-962157703
-965710664
-989090080
-1014983403
-1012118614
-1064694856
-1075286310
-1084073434
-1085734784
-1103117120
-1112409448
-1186750259
-1181551845
-1196282461
-1196132104
-1187601389
-1188593033
-1214250909
-1251566297
-1247502510
-1250370647
-1237021945
-1292541169
-1287634811
-1284962024
-1283428631
-1246516352
-1240743903
-1238315299
-1311128714
-1308860689
-1305171187
-1305511386
-1302964308
-1308424204
-1302309115
-1300725409
-1310737711
-1307089604
-1306656353
-1300838252
-1291518819
-1273023503
-1254305180
-1259363332
-1269294448
-1358872469
-1363094381
-1315289553
-1307171781
-1248872736
-1249460004
-1221903023
-1229841620
-1283249221
-1273297528
-1268023533
-1271473709
-1260766506
-1221157280
-1244476377
-1246749720
-1240396822
-1260162537
-1257527888
-1228169209
-1222784742
-1221758509
-1279794616
-1275896781
-1275603864
-1332040452
-1281771999
-1262321273
-1266885258
-1247231957
-1255208817
-1263880295
-1270203428
-1291469416
-1288150469
-1294870930
-1253416500
-1249539626
-1277623054
-1278745638
-1296225987
-1296541199
-1316451840
-1291051129
-1292094931
-1285191076
-1298003558
-1315660996
-1317619751
-1323819484
-1353814961
-1370444731
-1411599367
-1392508468
-1392901771
-1373103428
-1366556851
-1368205582
-1410430706
-1477109333
-1498918147
-1486667428
-1475567629
-1476164702
-1484617521
-1482325941
-1481396374
-1465931363
-1467088718
-1466128210
-1486930146
-1482095399
-1445574790
-1448257057
-1434903510
-1437754271
-1437696272
-1437995122
-1454862546
-1547892181
-1550904601
-1504918018
-1559707262
-1571818733
-1579401081
-1593740649
-1596895940
-1573822431
-1666708352
-1676677733
-1664212041
-1661468924
-1646284197
-1628873965
-1630625034
-1630717261
-1620701375
-1617521174
-1669731776
-1710673543
-1675750145
-1675867087
-1664619623
-1651583919
-1671152086
-1680565035
-1681483821
-1686758894
-1697792970
-1701607874
-1725675521
-1628709884
-1625711797
-1635227869
-1634911781
-1640173104
-1627509714
-1626894832
-1600413375
-1606384386
-1592444280
-1663316262
-1655437542
-1663081142
-1657433698
-1654793487
-1652966578
-1641590365
-1657372337
-1709133975
-1707316495
-1679476015
-1682033073
-1681442465
-1729286502
-1701473004
-1698747608
-1689778716
-1592700183
-1577779348
-1572499268
-1555527410
-1543444817
-1544498903
-1545574768
-1546731117
-1547349668
-1547187190
-1543896460
-1548499859
-1536336883
-1607026020
-1605718525
-1604425969
-1602364834
-1601700630
-1630805972
-1642630245
-1690658400
-1666769040
-1646168045
-1646664345
-1646369031
-1639433440
-1644118205
-1572623844
-1531546608
-1515066507
-1498568233
-1511731023
-1486138572
-1486910574
-1574849543
-1554477724
-1549249071
-1565584234
-1579324885
-1556015186
-1609291052
-1610533671
-1620988514
-1616259947
-1607901942
-1599162645
-1600504083
-1600234062
-1581900263
-1591854854
-1541285068
-1532049527
-1531905003
-1575102714
-1611505634
-1619223819
-1645255404
-1674418761
-1695433663
-1644394121
-1693313192
-1684067525
-1662512553
-1661848946
-1661014303
-1596859136
-1596120629
-1596131685
-1592839394
-1580678438
-1595772410
-1606027823
-1631199919
-1638042495
-1649913927
-1643879278
-1618478512
-1595265401
-1674359751
-1668919196
-1655593354
-1654791080
-1651381752
-1651875493
-1649137734
-1656160112
-1689529068
-1629735039
-1628543863
-1620394991
-1637824933
-1627293763
-1627919941
-1642269378
-1624955042
-1698301147
-1696725517
-1693570842
-1701321260
-1710080619
-1711817830
-1712957313
-1709692175
-1707543000
-1713609604
-1716271846
-1701998868
-1706795507
-1744548318
-1750117129
-1794876677
-1801395584
-1794857246
-1793708566
-1778256199
-1771572720
-1770022605
-1807225495
-1788945188
-1819776652
-1860560802
-1882816031
-1870037964
-1863353328
-1860121424
-1876739906
-1826636781
-1822972783
-1829164831
-1804597019
-1824892729
-1793788093
-1789224189
-1798527122
-1811599297
-1804888281
-1853037583
-1965607868
-1969178522
-1988682346
-1984720402
-1986473576
-1944324862
-2001195885
-2001644644
-2010538310
-2006622160
-2030622930
-2023073176
-2008103265
-2011211347
-2018701686
-1999779082
-2001610375
-1994303815
-1933916525
-1927014505
-1917256859
-1969575126
-1967908546
-1970353830
-1972473572
-1975635235
-1980250632
-1984805215
-1978996150
-2024389513
-2093782070
-2112276967
-2118874906
2145241797
2146468038
-2146446185
2144585985
2146052739
2132288839
2128913976
2132338076
2132851907
2135168445
2137018046
2140924323
2145284791
-2139662112
-2103677069
-2109221074
-2132483977
-2133738441
-2134032501
-2145664724
2115403280
-2134765155
-2133954155
-2105028340
-2098572847
-2101015685
-2098145849
-2099091666
-2116139271
-2132576278
-2141850572
2144833661
2137785083
2096955037
2101787201
2101512385
2056908728
2013880020
2017176426
1996151122
1990753254
1991000292
2021741339
2021023179
2010233951
2032510650
2071755367
2052225280
1997617123
1957818653
1953318957
1954128255
1875283305
1885442530
1890999182
1907050782
1905692613
1936372708
1926641077
1925802920
1892011932
1893988531
1891116237
1896846864
1897928331
1934225478
1924396919
1846151277
1857131113
1834022441
1837268693
1828910628
1817773027
1835664651
1838427635
1836078029
1802445784
1834859373
1849783159
1799293193
1803592560
1813270737
1821087411
1804265747
1808462028
1825320927
1854695540
1854927338
1855691316
1793703457
1787008905
1776788894
1782601938
1794735549
1808106251
1811361485
1811533886
1805829855
1805565250
1804358194
1804212437
1823572460
1825579668
1836385218
1843876123
1824609609
1823534945
1783743786
1741201345
1738067962
1700259487
1703118344
1677020483
1635812391
1612816812
1634077406
1622896676
1638433684
1631810217
1636760446
1615938643
1618036530
1618655007
1593117422
1567407214
1551366745
1555439106
1557528675
1578633564
1588970380
1594537630
1548757596
1521953267
1520985304
1541930123
1544500107
1552624353
1496837683
1482940902
1484274070
1486435259
1478891032
1486017870
1483230091
1484836492
1489025051
1495540923
1495963438
1485583601
1473430394
1472812622
1502856178
1513105787
1508332075
1463957887
1466617684
1413656524
1441523629
1425817711
1416791546
1366706443
1360830258
1357115785
1290266085
1286302946
1280556432
1280745887
1315661009
1305037533
1281478740
1253644407
1308691723
1286323123
1284191080
1283380433
1285638249
1259067230
1268624002
1268170120
1269112248
1291814876
1288535743
1275557216
1247731226
1214493183
1197477682
1195510940
1122819718
1122170568
1115053922
1108122310
1113277932
1043502314
1052974000
1043094935
1027644846
1045543521
1038903481
1044044043
1071925151
1072310505
1027697792
1032920376
1037924141
1045431318
1051327293
1063117277
1087261458
1060597803
1009428898
1010502184
1010857704
1019460183
995584313
998158509
1005075433
1003102808
1008731921
1002106782
1053533851
1067809614
1070723728
1068569085
1069054346
1068480372
1067991822
1072971366
1077111148
1084028778
1029066516
1031617606
1037210347
1020886004
1026155052
1025857273
977068804
1017318656
1052190199
1037405739
1043714061
1079100121
1084866042
1088972754
1096737113
1030605185
1026909987
1020584178
1008915602
1008243375
1033765181
1022569701
1017725851
1021350822
1023156516
1022549509
1025469307
1031586289
1008291423
974084700
961658819
981754246
974428007
985643147
1007188892
1006756101
1011758474
1091009957
1076813449
1090498839
1111636347
1121612435
1117231586
1163215853
1143993511
1122387758
1111098995
1102453447
1099989384
1103970990
1077556682
1075747340
1077734969
1077939896
1081750233
1078805008
1096497772
1117990688
1135415833
1135487189
1145368459
1159000236
1167606890
1168411471
1195356633
1188113542
1115608029
1128527826
1127537740
1113898376
1126017692
1131225737
1141399755
1128884890
1155668677
1158085207
1155708007
1151931117
1150797248
1170533062
1180665061
1181871533
1180532944
1182165882
1184336745
1192785269
1187465783
1111102807
1177024532
1180572372
1183561021
1155528996
1163326947
1161813632
1077440216
1103948530
1110480726
1048994458
917008651
918079425
902094007
878809485
883044539
887535225
875621448
870331697
863536563
879637235
882453713
887168531
872399750
873465851
954565380
955610233
989514561
977604512
1031342257
1035290070
1018647551
1005311276
1008992119
962321798
1044041540
1041280145
1050323551
1064657417
1063183018
1063686663
1055102322
1045352044
1049302255
1056138599
1070000031
1043298274
1029155907
1085016340
1099193633
1104797866
1134713600
1139786811
1135865159
1139667854
1132233061
1195942839
1194160213
1204137788
1166823243
1059145878
1055844006
1068041985
1016847728
1010477701
1012766331
999287374
1002886634
1027626437
1046377449
1074313960
1083231776
1063515605
1030985047
974324532
972259091
990259930
929690951
931706181
931760414
899034811
902295862
894358513
891214643
896112995
910334434
954580284
928748336
928789521
950753070
938329685
938705830
949588942
925047200
876359661
877532073
884029515
878440623
876397689
870118049
889915665
843366365
842572273
851443166
858387462
858892353
851427392
790940328
759704773
773487464
766427981
833414622
861087535
854712181
852738524
852718758
865713244
776686016
728542244
726946089
682655012
678807163
697884700
704092110
753394031
752247605
738521583
730411058
741533412
811182270
789091620
811118777
827260161
825994591
728684469
754953728
753939507
756719038
784370254
787030227
825906621
851432003
863409579
867658792
871875748
852444216
835119828
862498770
863490696
857210533
825636944
855238162
852516609
847605293
831598781
829129524
852466866
845907327
849536907
848140130
850388133
868196717
881377841
876641219
875692009
877538532
878333600
815680745
796726727
846967914
902588873
901583549
905119186
879092224
928096975
923731589
953146575
935095018
987941556
994434092
975034811
962492095
962220950
977621417
979505395
967525359
923606652
915155319
919399348
915262785
907942636
911593285
913793534
927815344
927204425
929655045
942752284
912600556
916960978
954200587
955742619
954178927
989047152
1034068536
1022432058
1036915473
1038609570
1026548469
1025536666
1039544105
1048462571
1050430934
1070357069
1067691542
1080680610
1091889330
1149835756
1165709665
1167524030
1155516447
1123103987
1141537846
1150879410
1151634627
1152029489
1214490926
1208422883
1219437575
1194347631
1196202890
1186017387
1224472317
1224359995
1222253794
1220881082
1238268349
1247004420
1244108566
1240678539
1234867628
1235790496
1221856677
1243252046
1156145097
1102387089
1094296507
1116978279
1122141836
1089851328
1101598271
1117416938
1132021846
1127106439
1114422097
1115875466
1114575502
1164990486
1178962820
1174302147
1162113754
1161850934
1160729838
1168676619
1162133782
1195282336
1201225919
1207288492
1198818198
1199127511
1164847285
1165529132
1186323292
1176836135
1166078286
1230463926
1226903376
1227318181
1235355719
1235795644
1243985590
1242091137
1271828893
1277052577
1288466011
1293117081
1338021004
1378142289
1383242402
1357303062
1360200039
1364471623
1272198093
1187133468
1131047387
1125630128
1135964231
1136885677
1121423254
1119432027
1003600693
1004306974
1011167024
1016052692
1030761772
1036164473
1013475832
1032612163
1074904706
1107502101
1117968964
1134143638
1146334257
1156223589
1168759163
1164676321
1189928816
1185356302
1222734149
1222510253
1243980776
1244237393
1274493583
1284829487
1298163835
1317313185
1315575996
1291115100
1315593929
1314830460
1350014320
1237442681
1258855085
1268661906
1261852094
1269128909
1289622462
1289765278
1290038739
1289756846
1235129565
1238455213
1238929707
1257562183
1273470519
1265573851
1287755302
1305130513
1307415268
1306632867
1305830669
1251039042
1252737994
1268458835
1232544560
1228331458
1227393844
1218668862
1191916050
1191534511
1204813267
1238549333
1244899670
1235782677
1187564447
1192564150
1201403728
1240162973
1225010611
1242713996
1221319635
1217846991
1223772188
1241737270
1260798105
1256812901
1280211828
1303427714
1304445010
1300622934
1308626417
1309815116
1353777920
1362192355
1364929828
1309272346
1179878392
1144290557
1120593427
1150103684
1150964228
1176197758
1168219210
1185157426
1184632187
1165729444
1151045375
1154160010
1151891567
1171293985
1223593532
1243655049
1243596752
1246216944
1253537051
1252393329
1274448452
1236430839
1220122052
1218313623
1228681716
1166752300
1169934369
1179431287
1165400384
1165636866
1161099232
1166127148
1149230786
1140198005
1143345193
1201768546
1245385055
1244446931
1269620487
1283283636
1292643050
1345427711
1351334211
1389357036
1397123431
1366728949
1373979445
1335133851
1445601143
1425857328
1449726787
1380764111
1311225139
1316531146
1313248157
1276138955
1288789992
1329726552
1343070691
1398290283
1371553551
1392332038
1412804607
1421512730
1427835478
1415592673
1472810806
1465669951
1467868546
1419793776
1408397159
1377391452
1371915552
1378230107
1377148329
1388144361
1400603586
1398788814
1392886002
1394423130
1349228309
1316424967
1316742477
1315801599
1316534586
1326647901
1333574676
1343516186
1320285755
1330503848
1298168811
1296372473
1232966516
1250499800
1221834027
1194677816
1176097471
1179908410
1171550429
1169233258
1201171736
1195004480
1189309765
1170975397
1143105979
1166221915
1215182520
1209954284
1241414353
1268365742
1261576471
1261755660
1261153819
1255386300
1249935169
1259516491
1262188973
1245601660
1249483209
1251190406
1235160010
1191405888
1139284700
1136052483
1252709170
1264739596
1230743288
1237509257
1235774246
1250165417
1255003234
1253324201
1225907847
1196921779
1195969090
1195614741
1203438974
1192355117
1167266458
1158539363
1130310163
1158931844
1189450033
1203288591
1203693812
1201718869
1216956298
1178117948
1183942519
1143427028
1107441764
1137322130
1154899126
1156704073
1160082803
1170846055
1221910407
1226731396
1221959651
1218948979
1217173675
1220056368
1220920160
1169371027
1158113241
1189760809
1216628115
1230342847
1232359473
1247224900
1260658110
1234767012
1241104225
1243795774
1242633516
1235060884
1210731775
1209499222
1213473529
1214083674
1222935407
1224016487
1244959561
1226282233
1200008602
1213752869
1217103284
1128631218
1142789758
1137750326
1086020900
1084158622
1087452538
1085355594
1084859319
1006134842
1023426474
1027778921
1026921240
1026978036
1055903641
1049663048
1047465994
1044710278
1022415651
1032550920
1027470923
1037106409
1036217998
1044944882
1043920913
1044469290
1060178724
1057009542
1040473239
1031354613
1045475131
1018354464
1070776965
1085540586
1044636860
972197080
976275329
985099535
1006956335
1009322562
1011521449
1013653929
966781733
967727307
974814946
1002970277
1014344074
1014418849
1011950012
1004525664
1002293213
1005319427
1003984182
1002948311
1019130651
1021135226
1016652150
1017435231
1057871657
1053278976
1046985684
1052863339
1035025438
1051233250
1081228201
1081135813
1081488924
1068647270
1071798381
987551707
986516263
984298639
988198826
921340160
931884169
945516308
905810687
862779532
864994743
836701905
822163276
842252361
786986188
791833838
792767963
787658179
768981465
746404442
729477428
693278900
650276924
653816816
644468969
654013058
664829582
649280159
668532442
667803856
669401674
690859895
690681754
713106054
735223000
711228125
710289876
690496649
693036107
667287065
685768339
676849480
665802623
673687445
670294247
661542430
664014170
673943326
649016411
588818236
596576926
597317656
588598063
578163070
550807705
549115768
545352994
551002418
546112689
542002096
570263509
618287127
596544574
615906633
616191741
608114308
572240717
509096052
494126795
429301034
423030549
426152594
420746536
340439365
300982827
264432591
263869332
250634763
256860107
234129496
231233665
247031728
241400009
251021987
313455178
312541538
331948301
333416860
337474503
329548568
311696633
318403716
323918754
325459363
322964401
309345226
299880296
297492607
301361763
314848682
283250453
276413913
288815640
330497903
324242206
328927414
333689914
333448136
333271773
340665034
344017080
366363058
341617950
354099536
298363017
301441624
291103534
342654183
343930205
315700514
338821899
391739251
384731340
383003498
396902021
324471374
336523609
355967571
308268113
314162971
314370295
298287939
302638890
301525317
220751710
219794326
149464377
147435439
147855660
147595209
116708469
139224815
136058393
136231503
147498890
148112326
132828486
102657056
99447918
114696422
111998265
79717263
91705274
101022773
48334661
60258632
60240968
60732786
65504977
92552426
94915779
89417075
108345651
105738943
126667433
82329595
51558969
56677657
59498036
-8204416
604496
-20032297
-25433677
-45452373
-42360942
-42184139
-44812475
-46752089
-32132077
-37883879
-31880346
-34530907
-37370304
-57031611
-54998472
-56968009
-60480358
-67509864
-73730724
-82408839
-74792066
-72393729
-73565141
-84797092
-126806005
-125918124
-167365866
-161265945
-157810777
-172848576
-172653626
-168439482
-153126609
-98296140
-97296957
-92925623
-104259707
-126592820
-137095929
-135966324
-141670509
-147079158
-149494022
-151475415
-127471667
-127386296
-96874156
-96007127
-128403693
-168982464
-188485180
-183860569
-153988812
-141283424
-190586527
-226494125
-233438902
-220714856
-239772269
-233945990
-210863809
-226774686
-230795462
-231215076
-206820023
-206627901
-233019725
-208735959
-208077583
-225775192
-165929129
-137396553
-123773184
-125262291
-127161321
-123518806
-118651713
-98212020
-173691238
-172054488
-187413196
-179441946
-179541344
-162449109
-149365339
-162446998
-136151138
-148056474
-150122256
-166966843
-185987109
-187507602
-197317440
-203448763
-195528810
-228864937
-227287148
-238983915
-234798782
-247063879
-248491366
-237632601
-238643785
-259169635
-266167469
-324380774
-326338085
-327928981
-327104929
-333285033
-317497937
-269803339
-235389714
-255926122
-340297393
-266686108
-241400548
-241786307
-328145502
-359341578
-362463586
-343787889
-321724469
-326130615
-320081950
-319391865
-320510074
-304460761
-334804460
-344740554
-311828012
-308098593
-306942297
-287886524
-278849699
-286023084
-290934910
-355604110
-356378586
-310429185
-299860009
-299434097
-298986234
-292467684
-268752299
-279910736
-269133818
-275121529
-273462917
-278847776
-270275349
-261793450
-255538492
-255393128
-248625993
-294232192
-318732219
-295262752
-297445437
-253602969
-255447149
-255058436
-228893183
-246880030
-240257522
-238953607
-258443787
-263040636
-241560989
-254457714
-230131445
-231010997
-231929751
-235235679
-233550384
-271290518
-263436584
-251796033
-237793529
-242836706
-242194101
-215630379
-159077683
-149361382
-154878282
-189823462
-213430973
-239902736
-226127109
-224257730
-277622116
-288261179
-290614137
-281720217
-298810254
-214510021
-214699169
-226455886
-195543624
-175109186
-170481139
-164518409
-147654344
-144833491
-148134195
-144783161
-166669829
-165641285
-158386655
-164668120
-179366714
-196714754
-175195949
-123663522
-118055217
-121659255
-120632428
-133672835
-131409374
-150398711
-194294551
-173730432
-173087339
-157970193
-155876975
-177591446
-183600682
-192280421
-251939922
-252788159
-258873068
-265116534
-238924623
-210765163
-211050562
-285769452
-271709459
-267947416
-254492595
-253052337
-303258640
-260903971
-255071369
-229124945
-228587486
-226947852
-223500820
-226088447
-240814810
-217264335
-215194563
-225751407
-224317310
-214476176
-187464951
-212526035
-229250997
-213104121
-229768578
-261950842
-247138809
-235590702
-230250831
-248556202
-274731590
-265403953
-268799817
-272242391
-328972686
-347931633
-406300720
-403767148
-403372832
-400874168
-432919461
-432443912
-427178903
-400888958
-480021361
-472925146
-543877500
-560758276
-560994865
-510693192
-542793697
-531381693
-511303005
-507328969
-510090653
-515111140
-532281857
-528079434
-525428120
-519876796
-498681873
-492030887
-568007335
-558187037
-537782112
-545825660
-523124779
-526028487
-513861029
-512952115
-514729318
-510078148
-504893291
-423669682
-415966499
-412943895
-477759750
-475422060
-509410077
-519347260
-515994388
-518775136
-509787139
-512248256
-483060916
-498878189
-479217155
-467650221
-462980941
-542630299
-517621605
-599186675
-588516273
-594126640
-588935222
-650177921
-654133565
-665911699
-668902005
-691181315
-671124329
-656137783
-648225941
-668856694
-666412127
-643673222
-615396556
-630482008
-702551403
-696927069
-757524910
-786586900
-820541445
-819956040
-810084640
-817513002
-829625124
-858728132
-837530835
-827408578
-825006070
-846492054
-847814156
-847256532
-833583540
-840118201
-837742707
-850366798
-853672563
-855693354
-831371339
-838997447
-835629817
-833685831
-814908839
-796785842
-795829624
-825892634
-833612379
-856024108
-838318707
-857725083
-840139400
-831173164
-887988659
-950480523
-951983537
-974693804
-984362328
-959127640
-953176818
-964761705
-963376923
-957622315
-948588799
-943049231
-836771381
-885149856
-881870966
-893331221
-858703776
-836458250
-838982761
-837073914
-842356352
-826800006
-874547752
-861375242
-843500241
-846679607
-837622061
-852004001
-864504604
-889213723
-884857169
-949156246
-949070052
-968448761
-1017226986
-1016641714
-954063076
-979757564
-976312401
-979529869
-1005401423
-1013782517
-1013221857
-1067148353
-1066591540
-1134735512
-1120569627
-1103622320
-1105944595
-1091255607
-1090339729
-1081135977
-1093136793
-1090212235
-1066675428
-1049920088
-1044425214
-1011783865
-994567054
-971861692
-1040747228
-1046909906
-1042397577
-1042695876
-1045370834
-1076701907
-1057736131
-1056157287
-1062324468
-1049958491
-1058532684
-1063433226
-1063672815
-1096201455
-1077320481
-1080614206
-1070701271
-1091500854
-1159226137
-1185835493
-1178786032
-1188782335
-1161002595
-1152328521
-1126139641
-1125906369
-1134643681
-1091887440
-1077801245
-1060974748
-1059740516
-1126589117
-1122192308
-1123181765
-1119547671
-1117961312
-1076325739
-1080008208
-983926420
-952589451
-960843188
-1001283500
-1004935743
-1068437532
-1092861446
-1093864461
-1094044562
-1082669415
-1082613610
-1086263281
-1091224502
-1093877343
-1092473287
-1089270547
-1093614428
-1095827421
-1093957647
-1055779865
-1064720990
-1073954589
-1090975773
-1038182763
-1058140563
-1067714875
-1062601873
-1059126546
-1060570510
-1049035790
-1084032634
-1082763003
-1087630021
-1097620029
-1065325528
-1052019320
-1046328914
-990639053
-963619430
-939364026
-933850167
-980789064
-1044914622
-1041209144
-1022513591
-1027769284
-1027385294
-1026074783
-1043841583
-1113965852
-1115024256
-1118754254
-1117221463
-1081958545
-1088851117
-1088292885
-1142608190
-1148325076
-1179863374
-1179151612
-1177672718
-1171579045
-1193421609
-1143654765
-1131509007
-1133668917
-1229797428
-1235565637
-1230186382
-1220155695
-1223068199
-1232094196
-1239504594
-1282614586
-1288569050
-1268584928
-1256468090
-1253248318
-1249240835
-1252511615
-1253570565
-1246823171
-1192926305
-1190476406
-1187596891
-1174953706
-1157209155
-1147848949
-1162069602
-1171857649
-1136170513
-1133335215
-1112408160
-1139658603
-1132521881
-1128948863
-1129692363
-1131846668
-1122919993
-1127573471
-1152481894
-1133727309
-1140731030
-1128675457
-1151514893
-1131535234
-1064512180
-1066637876
-1073592989
-1053648505
-1116610353
-1110145417
-1113186138
-1060500460
-1059848811
-1085644487
-1075422607
-1076200176
-1082094016
-1071195185
-1031560185
-1092033806
-1088248087
-1090212572
-1099643031
-1090531759
-1110664841
-1129502436
-1128147555
-1146987339
-1148726985
-1112101179
-1105692561
-1106236422
-1104684842
-1076128459
-1075425037
-1068063024
-1032986296
-1050754299
-1099696346
-1104489212
-1105819744
-1108586894
-1099605782
-1102633143
-1083179085
-1108889412
-1063909727
-1063402135
-1062310488
-1042480922
-1016524891
-1012667448
-1039258151
-1072557785
-987057985
-958711179
-963732474
-935506347
-914890799
-929216433
-933239666
-953868467
-933494049
-925845408
-921431478
-920338556
-922160812
-940632816
-941207581
-919253929
-921389783
-890046411
-901607664
-900978431
-901837518
-988347135
-987599440
-990945460
-996180647
-996084409
-995672692
-992527374
-984562128
-987869344
-1063174186
-1032145069
-1055473085
-1059974234
-1060548663
-1023815329
-1000930410
-996545193
-997422690
-999758337
-993932149
-987090340
-958808100
-958339093
-923291649
-932478973
-934204577
-933466083
-937746892
-891191979
-874506356
-880205279
-888666850
-920387069
-897985026
-912096783
-887386102
-949420305
-936787036
-938636752
-946793773
-950416621
-895518798
-899786500
-896275374
-903139234
-899432770
-945995528
-963334020
-959855654
-975446408
-1020193714
-1023000340
-1009861183
-981483802
-977355163
-927857963
-927374359
-937064652
-946395474
-935846640
-920281961
-920680570
-967137697
-942113928
-938145824
-933489009
-937396519
-925845831
-925240508
-921936637
-878969369
-929761672
-937473925
-924840272
-924649634
-957275869
-955194377
-953755138
-1020946579
-994579228
-975406573
-953240554
-948942789
-959117222
-954071856
-946995403
-949491267
-954554811
-938822083
-938035127
-952072212
-932526425
-941230676
-976617478
-986437794
-968265547
-931038808
-990300260
-965013206
-948938361
-961731128
-961941590
-947511734
-948501730
-949623229
-960198301
-966654529
-984576907
-1014124260
-1005386750
-995258431
-985945531
-970575070
-941945643
-924930526
-929619604
-1001543187
-922334830
-986825777
-1045838790
-1047485350
-1064055899
-1050264863
-1058431389
-1071756704
-1067628850
-1066242043
-1060729804
-1048898566
-1049550584
-1019463702
-1000250420
-1063004749
-1062700107
-1057852332
-1062561301
-1063817145
-1073080574
-1070351741
-1069703820
-1058786270
-1059775376
-1069900343
-1066660888
-1065731986
-1063083397
-1045071806
-1022444785
-1048320807
-1040172161
-1039552501
-1044778282
-1046909881
-1079882181
-1073525930
-1135854563
-1133211165
-1127672408
-1126145770
-1127542367
-1126550356
-1119826492
-1168781334
-1095318613
-1083650829
-1057709555
-1049005148
-1022285675
-1005356094
-1003441148
-992276027
-986759854
-1015253820
-1018660891
-1019882662
-1018334674
-1021602277
-995964080
-996257586
-980901463
-1017391888
-1017016974
-1016856549
-1020868674
-1056230559
-1056999866
-1052810004
-1043058952
-1046698769
-1069331458
-1078287717
-1139713554
-1157114580
-1166470267
-1106004659
-1125998987
-1129820970
-1128587978
-1128331139
-1125851154
-1130201752
-1132412642
-1126972901
-1131840494
-1157302228
-1112679441
-1108271742
-1091844980
-1137370466
-1133462402
-1116985492
-1145786591
-1143427810
-1157542105
-1148075509
-1154682765
-1175557316
-1178633084
-1178202315
-1096052350
-1059306608
-1078515446
-1040060282
-1040276464
-1034015731
-1022533345
-1001850037
-1020354184
-1013471656
-981361745
-977101664
-969152557
-986098097
-981527365
-981581119
-982986946
-1024907575
-1032224570
-1055703953
-1037783330
-1030171731
-1068838826
-1062879051
-1106273413
-1154061239
-1148097560
-1142570948
-1133601177
-1123904356
-1114028998
-1155500029
-1184005555
-1188228367
-1192324708
-1253588408
-1283471638
-1267224443
-1254755527
-1223627177
-1217581072
-1233872307
-1236417772
-1302130403
-1337032054
-1343695215
-1341355019
-1309993028
-1311468797
-1311733569
-1310274139
-1285986432
-1285245074
-1282800432
-1226998117
-1228393549
-1223351286
-1248002363
-1251130932
-1266444829
-1228251015
-1192751162
-1197427431
-1190385055
-1172103482
-1171910979
-1161296081
-1136896873
-1131603233
-1133110697
-1201356616
-1212543681
-1240970899
-1233714408
-1291979846
-1296918131
-1282737719
-1219920422
-1205130150
-1203554229
-1256249605
-1251784800
-1322833348
-1322855113
-1322795898
-1325529859
-1321528083
-1320150210
-1295879236
-1283774453
-1256496602
-1202243161
-1228143567
-1224102505
-1227106058
-1226587872
-1230707469
-1251941702
-1244559306
-1245535457
-1236082371
-1260777621
-1256858115
-1258711730
-1258867657
-1260739669
-1264701931
-1263644509
-1252378175
-1253382815
-1256981475
-1255879843
-1252165951
-1262545917
-1312235391
-1256845271
-1223992968
-1224055448
-1288016328
-1287632897
-1293477212
-1295557235
-1331568027
-1357643710
-1428534248
-1412002962
-1400738980
-1398616453
-1389445693
-1408953761
-1448430696
-1453125952
-1453878619
-1428257336
-1343205085
-1381007166
-1346405285
-1343566359
-1338903468
-1337971961
-1333790431
-1358868570
-1316740817
-1316719459
-1331775148
-1331998695
-1338351797
-1431386403
-1407222451
-1408644038
-1511453690
-1591954318
-1671633243
-1702292743
-1689331090
-1754379636
-1754818576
-1748543680
-1781317742
-1827757194
-1817710065
-1784777113
-1731003157
-1760300935
-1741638288
-1731370980
-1763070499
-1764057853
-1765778625
-1767368088
-1733058128
-1742399557
-1713389444
-1694289941
-1720074644
-1718910106
-1721494010
-1679620669
-1652415352
-1656962065
-1636700766
-1617215644
-1606886138
-1617183637
-1620356869
-1597586851
-1626301920
-1696785413
-1675461183
-1676167813
-1673304179
-1668767429
-1720765241
-1745353627
-1745481499
-1727902434
-1706637037
-1755469947
-1759606868
-1752976555
-1748100347
-1755204139
-1757569860
-1828855731
-1838861477
-1838456557
-1842256046
-1834807644
-1857154560
-1858156273
-1855923320
-1876795121
-1876457777
-1879760368
-1881434364
-1888459242
-1883523474
-1876146972
-1920606285
-1921623100
-1918322020
-1912834841
-1914260842
-1904836744
-1904248248
-1893898811
-1894236101
-1853463500
-1849418871
-1894855232
-1900882653
-1901480153
-1891132383
-1890960303
-1854461937
-1857438696
-1845734308
-1848713030
-1805495626
-1828580746
-1829199666
-1875367593
-1879558914
-1892040044
-1892238805
-1915542434
-1911980974
-1867300859
-1862976602
-1858315625
-1870106720
-1871019143
-1865924739
-1855661032
-1896165278
-1903506091
-1901506445
-1940668392
-1954476575
-1978195438
-2001290355
-1991173298
-2004499448
-2057283460
-2006030352
-1993742999
-1976491875
-1979149806
-1973349977
-1967982479
-1965780300
-2055696440
-2040159680
-2026716432
-2022730335
-2031508541
-2012352533
-2009433761
-2009440842
-2009881045
-2005682227
-2064814507
-2146653693
2143200614
2128371788
2082522830
2083406193
2084262011
2075041502
2083368125
2085888125
2067137743
2030657411
2018612346
2002658685
2011688463
2016427103
1989913180
1996111097
1987095773
1940117605
1936589211
1913406748
1983164210
1992078780
1999960326
2003146283
2015256486
2015070977
2014631188
1996548802
2037660295
1982023208
2001942756
1979491217
1981577851
1966949481
1963078735
1954236235
1947616816
1947384128
1938348748
1935407599
1919248585
1903149791
1929566396
1926728540
1931431776
1924845986
1920540602
1917430741
1924910499
1930376231
1919086215
1882486418
1911151185
1820576509
1902896350
1900921755
1912865115
1919840757
1929097773
1916529267
1857846205
1852519022
1796374198
1779700711
1708357399
1711221208
1694915109
1638910053
1624721171
1615888660
1618116595
1671197943
1676337877
1645775115
1662344445
1655761164
1716461791
1704409469
1704667709
1696270983
1629650705
1633860801
1627688952
1657182091
1675337555
1669584804
1635160089
1648501809
1704806731
1703461571
1697881205
1694731482
1688855446
1650827973
1630706708
1585041534
1551197500
1626107634
1623447162
1614339893
1624755735
1623882574
1621234367
1615138811
1616969691
1599486213
1602476323
1599244109
1581596547
1603434140
1601591254
1601209816
1605704293
1600162085
1587481091
1599551023
1592689607
1675669711
1660016268
1686609584
1631532115
1622387750
1576566007
1591362412
1609282467
1568975080
1563138400
1572419650
1563573573
1564211359
1521286802
1499606113
1495230080
1508654249
1477213074
1481444169
1492576451
1494589603
1493235352
1490079479
1492876899
1468125977
1466670559
1466617139
1462537488
1405143315
1394560035
1399461929
1412368052
1380970438
1366399237
1373136757
1380014367
1356423009
1342003456
1321144670
1318681320
1286208815
1237595876
1237487686
1224347780
1223091198
1219471610
1215647529
1216409735
1222704606
1212820414
1273914872
1268408920
1241207925
1238436955
1236897699
1240834112
1249833896
1328903180
1336198035
1354174333
1355740589
1308964269
1292513023
1295623931
1203515484
1116692319
1136894174
1136484588
1138251481
1139616895
1155162894
1102202889
1099083094
1090244487
1074597973
1076554982
1095985834
1091131267
1096994386
1094051739
1090611081
1137617543
1145287658
1159324399
1134937341
1135340620
1193717604
1196300906
1187684699
1212280958
1217996029
1235572282
1198283818
1198832076
1202435286
1219938395
1227476717
1226411979
1227929685
1227678466
1259241607
1244400316
1258506789
1259185076
1265230972
1293836223
1300134566
1269458714
1273673369
1256011737
1241334206
1241460367
1288779522
1275702285
1422154699
1382967979
1392778712
1392264999
1423879614
1420882346
1421000212
1410517579
1411283278
1497207767
1485776107
1490405032
1484343139
1449642543
1440273377
1428608283
1398808939
1379794797
1354253890
1367839608
1284131820
1259656584
1260980222
1260796248
1279030046
1198527650
1196581878
1196318201
1199285151
1206935309
1204047139
1198060245
1197733081
1124240058
1106483173
1081478187
1072147216
1057253571
1059043311
1111101064
1110437550
1083930555
1099972873
1089636923
1096242385
1090094456
1105035189
1045211385
1113665993
1106871726
1122592882
1145364549
1144676738
1131203590
1137824892
1164780036
1108804635
1133546926
1119201435
1126087331
1129427489
1033650735
1037345985
1028949832
1040074092
1018006388
1018044492
1002957374
1001942821
1011342698
1017407625
1019161449
1005572923
955163572
946180093
948843157
944541696
990108971
989763205
1032987804
1022207576
1030500629
1020685165
995236574
989998738
985755715
988665567
991089838
996582776
1027914091
1056154997
1021000782
1032655343
1038604404
1024982324
1018756091
1027292670
999196707
997534776
991229736
1001895742
1001746044
987986232
977119834
992798754
977225447
961341166
965076075
976842093
972939475
991504277
939897963
925623087
940417123
943776887
951337209
978657050
976639823
975320635
988221223
964355076
974551488
1007688002
1022570495
1032940579
1029807851
1030920727
1028272162
1029237795
1018696307
1028531796
1021512289
1047306012
985742798
995662429
1004690556
1007353401
1037076854
1034353806
1048148465
981150349
976810474
931352192
886223192
865233872
839652192
748844345
787698722
779904672
782738652
782803485
785203139
812726104
819787389
784227346
757126350
783391307
792109071
774997888
707188251
720742648
718312674
719376087
780492209
770475519
758651981
788494121
778913721
780946903
770588850
736569523
734823817
739022693
712938238
747585363
747532661
757738514
722241862
738374695
733797304
823489662
815444095
830826812
832358008
836590367
880000146
852377593
853462367
837127526
834733418
833459491
874778049
859215094
859450408
789627017
789242714
775306051
767057453
781111333
773451627
785014809
753943797
750417532
725002926
726251723
727453580
727232404
757565480
760008127
727853971
728965848
712883790
686006926
701777978
710292995
707914757
710901239
669202902
644719576
610233204
607704128
609011610
608891165
617783831
611745686
646362691
653847022
649059825
672280760
689344106
668452873
657251178
625354890
655903894
649052589
645211633
629544840
583252567
589233505
575520314
563057358
579411681
567037258
521663958
469796756
477703627
478078799
455584400
458195734
457812820
390238758
396676200
361784216
361811035
471084751
470389061
472792596
472096357
461574186
440720482
406975643
390781852
397135429
427215783
425277560
428836828
430809524
421691687
408476886
379688683
397871773
372935390
394737964
330100428
340861492
340535923
312425917
314685807
358504731
366322085
367804537
370104165
316024196
318731864
270013421
271194029
239789645
239661410
238385593
240868239
256301122
276184389
301607621
340235969
338768807
343042722
316163216
336122481
374063489
378231231
369274393
411310713
420549304
425460741
419961579
417852181
419592065
420798023
447972896
452385064
482440076
521832481
536424424
555796908
569403682
622400530
647078004
717119836
720538720
679013457
680446798
678900429
636187107
642357252
639642088
663173748
657412125
682311169
685555005
712448837
715052129
719471998
714690415
729519762
730567268
738988672
715927878
688401258
672583870
671760415
684395271
705661935
695010246
699254415
680799550
694589976
679547633
684203200
671573733
660463296
655433074
635629024
640769786
663859190
649928687
669614166
687037787
693682157
683557990
679946867
710331936
714338967
714488348
670716112
700592237
703718101
710506896
643448654
655557277
642592856
641661940
638922420
632803601
622775836
625036751
619936511
619669168
613264911
627872877
644832049
623669243
624101613
570137642
570111915
566101019
550256715
607606465
624371074
629225124
626020027
627315364
628028350
635483192
644429548
661409227
704311154
652201076
660011673
580063703
578197767
566970780
547592184
548645045
553636482
558711205
540175581
562725852
561529588
571367206
570018840
601655205
615002577
618229359
621099033
606462986
629097278
628729550
631993888
626058508
627268012
623584549
624157730
624131386
635382958
642035127
611174293
606989682
652689876
675762635
656805203
689526810
689522137
730371741
735531824
712015660
691758268
678237538
678228289
649316565
634477723
633952339
620695581
601591609
602532640
614127078
631219980
631317975
630712417
629753867
628667549
639683958
621437754
620779992
620157367
598774817
578492660
591063573
672471674
673194283
668020391
694263616
694726005
693840016
682583800
733579662
758011665
777174583
756323387
710079319
698962611
706888824
711118161
740519628
754599556
754120541
733395988
725973524
730494683
723617775
714433941
710518478
712777581
713359679
728777835
731697232
696079211
680320290
666349076
667462027
638602010
644148941
623871691
640382429
675573761
677586002
580880975
579679005
600720095
610202498
608014301
614092745
626643555
642734387
652884582
651352551
633254952
620327153
616741560
620427314
663533211
630657559
672496431
648116050
650164759
652602200
652362230
777279609
782829782
782002825
783329858
803539639
807793649
807329773
824906462
834623054
846232778
853359584
853629620
798271256
821029540
826491937
820531870
771956646
783115622
740942271
713616372
723158614
764237610
755611876
770543013
761213897
763265338
742627307
727009652
724467676
717948791
728648096
716378029
703882305
706060390
656755492
645846228
635149586
695186908
693747212
695565779
739731884
756788172
752805920
749504090
739649865
760956252
764853436
792752045
822336111
803303278
803279620
793488391
792863479
810000935
821468732
851518512
815002966
848156274
854608589
863013390
861462235
893508150
888108856
896789367
897843611
916524431
846114554
863754885
862634212
854993108
890069406
889214891
886339236
883251935
865694074
870582879
893154069
880477718
870316334
871410347
860499548
867847066
864536635
847892664
844364184
770565356
766083233
776100217
779440228
776573410
802950650
801796278
803393478
808002823
841656928
843158244
839801824
842823362
823539274
837548212
863186685
871537516
868380803
869569396
878152955
865626227
856611411
860070098
848657291
846641893
848696748
849640177
836088765
839873770
835394328
791841206
753297574
737932799
733683057
738372815
652049501
700944091
702206801
695988107
664231413
667515432
667590841
634267599
651306131
653066198
636980340
645410175
651925837
667764949
672996940
638223884
696355459
710333400
691905155
713222204
708383936
697280467
687346722
704975583
703668922
699450570
679765738
681678483
683091739
680948670
650695280
650759802
601210284
588608462
561431693
521622355
590957145
537430839
539872994
541796074
551687965
554578918
558151689
558103668
563281628
562528917
556255510
609293351
617279469
632319025
590685871
584531651
672486576
668973700
671607086
670238951
678875440
675595482
675096981
682407382
680313598
703289617
704325429
708620684
732300384
731934836
742659314
744098678
757339490
692746453
712152034
722203419
725630220
728550875
715544683
723763521
732443766
726980237
737519719
755010430
758548838
714716558
708072847
731066053
757924251
766956671
774562491
729788089
747529134
746813065
713779766
705346707
686643691
672967039
624352818
701367406
682914650
662804747
685208295
704368935
704144302
698357669
675138245
582310214
571613817
543112313
533965641
539853766
537791078
489113762
509337255
509050943
486285873
426751797
400782852
409950864
420154588
433287954
473012857
465338322
458131595
467562293
438578996
416808444
482687289
443667579
469919981
445915107
445623671
450461271
456624405
434672636
481020072
452195030
421392013
422120714
432729440
440012434
434816244
392250824
398762458
401347402
407559394
406706656
407550480
445412325
447269779
454109003
460105729
489815716
490408393
527929879
512629904
489691917
476250422
454863319
479911217
536192489
535168414
613378071
617223065
598931040
593469426
599886357
713306414
719358495
742009124
740255253
716868995
701589171
669225562
664946850
666904980
669257442
706641575
713446322
684046015
702696141
744614207
809239766
804871238
804466060
759085119
780515408
774896562
768809735
767736181
756306067
767541077
810444441
813090462
812866480
820405416
853939411
804596115
805332029
810047871
798812197
804255949
804475171
873266830
879268357
890479095
874641654
862233927
870742764
820858032
862040838
876872533
898256469
900130118
888798335
905248452
895889465
883963695
884653624
884325045
847512809
804545907
809358909
760089361
783238713
783792776
772591688
773858573
767807314
797429111
788228833
785084778
789371412
772958013
757339438
700617259
722336582
723016259
700024082
702662816
672847401
667355195
667653143
675994024
671510308
669875215
614960775
652547800
593720344
598906664
545030875
546425401
544082845
546608102
562151837
581706037
587158607
595310276
580295906
569007532
582410146
545971593
546989533
557597156
562393596
565731158
574985956
571841415
598082761
601868005
609102460
615814246
617064176
630028640
621332606
613684601
603968324
604808364
614846416
613770694
538422436
540223111
524686466
538124562
538908839
534721304
445296929
442003780
446658155
489569188
491127858
494836751
442591768
416377489
454553006
445660267
444438248
420999471
398233629
417132803
402129574
388949067
393412192
341862058
350641444
317598708
318061418
315439278
316228202
313847659
373966420
373616237
389284868
390648423
444665300
456103046
447496359
447613776
450178486
427295633
437776912
450889583
453031720
484916271
459208776
453143432
412402577
412493122
413362459
415158578
416095198
411081511
417145357
402442487
413909538
433489564
439274596
441377518
437091239
446773412
423677447
437469848
432077050
408259589
417661654
442690945
429087518
436771882
437159494
445062407
440369829
445329343
446408990
450513372
500675136
501265236
496885894
483773865
462955987
388802658
404088011
337743517
296431853
295228275
272556044
241399224
254597604
243518326
237312628
240400373
240168256
153199036
95397776
106242116
129255144
128876560
120405901
124620014
153730634
175913778
198501340
200084018
155630099
156598781
157187518
158178389
157132414
150235963
61526051
95957188
101608768
101820587
93831140
94122446
68670066
89921654
90179906
113863673
84280939
145559279
153578099
153365830
154415374
153648957
149979217
149136104
152844095
145486680
140247649
138700050
145686010
179564015
191159264
210378167
202089031
192658759
138083284
111105511
118013431
124935668
138030371
178555465
215352161
183150296
188802499
172646498
172326577
154676517
166552912
184130843
164186298
184316089
195095355
239861297
310621497
340908099
342031116
323979961
298699966
297061833
308607266
286942880
305023437
363241466
364417134
370960634
374921093
406334593
412502156
403101046
313830619
313789092
400808929
407382508
361095035
304783384
305936283
311564039
309097224
310382013
308923284
303271722
285390835
262707486
255668542
243222461
247617063
248961494
255225419
223011927
136261141
102097739
102931981
100349121
62628969
44383029
46689111
2464304
26744691
95383511
87885345
101552887
77234807
80940903
95927226
160331446
127191389
122547777
149434489
143036749
147573155
148257238
138612419
99142956
84028046
93215361
153957284
155520103
162728486
186068956
182976286
184039558
234676641
232626221
242967975
248125897
266040296
269251313
272780088
263345302
256056716
202909893
182818392
137202575
107298793
105016077
120964617
119646445
116320143
112619223
119287592
121683185
118052414
123654742
95530838
94320265
98571514
91824818
91151212
124919764
138203984
121224828
141350740
157327120
168900496
168902186
158043420
159435461
165908260
167767427
141041034
107858479
111270086
108416075
125069038
128351918
74833429
80317865
65554840
65555738
59068896
61169531
64490820
61575449
35319984
27917784
31870052
33794350
3857669
27032887
26989660
2231085
-25406596
-21628857
-24784265
-17657605
20721844
17880226
26023384
106366021
119729091
130252932
118281953
118979688
132976513
143149038
117994434
100599668
100153570
89817295
90192356
102652140
114126447
126971353
129357299
131800108
99055293
100711582
3122768
4056756
23076879
101487499
113107829
115117190
146261627
157721415
172285828
170458355
168141946
112601171
63046444
97366615
63211675
107927744
112225084
109380257
103885960
103459243
81780149
81876954
35199607
-12233339
-4654503
-50796102
-50189837
-50830499
-51979111
-12669342
46101170
45820016
-33568601
-6334754
-12228934
-54646338
-51617299
-46468897
-44910175
-39731863
-44761576
-93958401
-99986530
-93531976
-103524246
-130921476
-124353381
-130044227
-130064308
-128268387
-133619666
-161428988
-184802723
-181499481
-176607477
-181670479
-203778475
-204996128
-205087295
-243637852
-291216180
-277008067
-299484938
-265723184
-301215914
-310427374
-338375648
-313331226
-391045931
-388942027
-403264401
-389443659
-388520675
-393119649
-411443349
-535923032
-515364324
-555154413
-573156670
-631934750
-621215574
-664083027
-653767355
-662385808
-658321580
-677090183
-666441207
-664912186
-654531800
-668180259
-666607663
-664564622
-665282800
-684830694
-681324870
-683665685
-675647384
-670467524
-673608240
-637531478
-657245198
-653338957
-662766750
-665798011
-664863689
-665819062
-648231214
-716189707
-725793971
-785629845
-764172975
-771539603
-775122655
-817117598
-814951744
-825756763
-819806422
-859194471
-833971548
-841219952
-858483743
-847461763
-871724170
-874201069
-844038851
-858972741
-888683311
-876221996
-808801669
-808834323
-796656837
-802175300
-798873308
-805083418
-840062733
-837424798
-839219490
-898677515
-894497145
-887659878
-875144102
-873908000
-844852171
-804084081
-785309476
-783891957
-810207246
-799796409
-850824232
-853602868
-817383484
-850706887
-841996035
-817032813
-831808836
-871844389
-873076075
-990115920
-997286730
-997791796
-1036292383
-1036445746
-1038812511
-984854226
-1016003220
-1048143025
-1043592791
-1032794081
-1002142417
-1019511560
-1011219111
-1008612294
-999336877
-1048750934
-1092764110
-1063725629
-1076775773
-1083028334
-1065599847
-1049048234
-1050004813
-1055761745
-1056373447
-1042500037
-1069523579
-1068635936
-1062674725
-1065439437
-1073153476
-1052233373
-1054915792
-1025258080
-1009383454
-1011799324
-1023172084
-1001318532
-1028733496
-1047365241
-1054479974
-1057430190
-1056210817
-1134359691
-1133422545
-1111409576
-1113418120
-1103668734
-1100097480
-1135963654
-1126560482
-1110576138
-1115752531
-1116484122
-1105519239
-1117203026
-1115428340
-1107128946
-1103313422
-1119451370
-1135656319
-1144487585
-1145892103
-1157781035
-1139061002
-1136097788
-1158679568
-1157459254
-1156445352
-1191331701
-1220471444
-1204878679
-1206130134
-1187282385
-1188347872
-1180846873
-1176385587
-1182022164
-1155017419
-1152217533
-1160398050
-1162697268
-1157970006
-1169793836
-1178836638
-1190974850
-1194332819
-1181298373
-1173532002
-1167818208
-1160664035
-1163390892
-1222062364
-1185187547
-1173371263
-1174399412
-1186033218
-1194152026
-1185094075
-1221414585
-1222308157
-1224091479
-1206067253
-1199422500
-1184886467
-1171024666
-1203571406
-1218589036
-1265379322
-1235452705
-1239293201
-1236144167
-1278714958
-1222722878
-1225664101
-1232693823
-1227240671
-1230795803
-1236083346
-1215867090
-1193567841
-1148118923
-1148182324
-1169093607
-1170570660
-1160350335
-1146428447
-1146884915
-1111532589
-1112059817
-1133872388
-1134190820
-1155756699
-1151366851
-1162385769
-1246796317
-1244162868
-1296738996
-1293619368
-1348191451
-1355864743
-1358429457
-1365450253
-1358100200
-1364272598
-1357420401
-1361695107
-1346775735
-1342281574
-1336149229
-1330773696
-1333801318
-1337713481
-1386458753
-1394518300
-1394642786
-1365497622
-1378443399
-1426152284
-1428587731
-1455194377
-1458312009
-1497530835
-1537500109
-1574254762
-1579339123
-1587336076
-1578339141
-1612222231
-1598785018
-1613926691
-1604960842
-1601231311
-1576210418
-1519109177
-1508677746
-1509315675
-1503326400
-1628014051
-1633576240
-1613734357
-1606213397
-1609086449
-1588078744
-1585347851
-1608844737
-1615158919
-1621877083
-1640007436
-1637589063
-1648802374
-1661803275
-1649197502
-1658320248
-1660023893
-1636414167
-1636422502
-1637581800
-1658809021
-1659194335
-1659931730
-1638520275
-1625655996
-1601092816
-1606470047
-1613644918
-1606520283
-1649854207
-1623078095
-1620457737
-1649690202
-1624642769
-1603913902
-1596892310
-1583353777
-1586608562
-1585279250
-1583921884
-1581978407
-1546684328
-1617891098
-1628682389
-1621654625
-1620887118
-1619147712
-1625644659
-1604774521
-1594431701
-1558410363
-1527827918
-1523474197
-1516280178
-1539452480
-1530726755
-1535075433
-1554159431
-1564105719
-1585272890
-1582221286
-1582262231
-1564320864
-1566132495
-1544943268
-1535905075
-1530563285
-1538789289
-1533112468
-1536394624
-1600217348
-1601975343
-1586171738
-1560382906
-1503428555
-1494038810
-1468838058
-1468078254
-1461892096
-1461710612
-1450425217
-1458757801
-1489885873
-1528790562
-1512365395
-1449308708
-1481441756
-1480730912
-1483652596
-1468910349
-1527068878
-1515143729
-1521642659
-1591408321
-1608685729
-1573066266
-1572252381
-1571691674
-1551727139
-1556371372
-1549019606
-1552496982
-1573588144
-1623388698
-1626477306
-1626096853
-1595594018
-1598567394
-1612403170
-1589821351
-1587855968
-1576790190
-1558633711
-1554477626
-1563393457
-1566306051
-1566373638
-1631603500
-1629136890
-1583229774
-1542031372
-1544023834
-1532998118
-1519265064
-1541429042
-1547289014
-1543189636
-1566577291
-1580236267
-1566423071
-1538177688
-1540887459
-1553581315
-1600030600
-1590443785
-1588656962
-1590446853
-1640990206
-1706330196
-1724359226
-1723696139
-1722800159
-1739937933
-1711645846
-1711398960
-1723748511
-1715418921
-1710073118
-1671830785
-1666740658
-1670060203
-1666382450
-1757572712
-1756935881
-1769677621
-1781272622
-1778970927
-1786531925
-1785601722
-1782343470
-1849398022
-1847917139
-1851111822
-1895944148
-1873320389
-1869591347
-1870569906
-1879750111
-1886516280
-1888667959
-1850507114
-1847138425
-1959462241
-1954600147
-1962141297
-1947250004
-1949442362
-1976662780
-1961081375
-1996822449
-1999721293
-1997603173
-2004344867
-2001064363
-1991119962
-1988314322
-1983974644
-1963252642
-1963383707
-1984392723
-1986957199
-1984932232
-1973482766
-1943456672
-1953203841
-2009815516
-1975735346
-1940840747
-1930988822
-1909024522
-1912807236
-1915509028
-1922536401
-1920033591
-1865846991
-1870456390
-1906897403
-1907420558
-1919775106
-1953348223
-1892789687
-1910354990
-1912280099
-1911468484
-1910567891
-1892013060
-1814710062
-1823071192
-1821528593
-1823531675
-1811444333
-1832234167
-1823169266
-1825782982
-1799136207
-1794079273
-1828666906
-1820680871
-1854124445
-1842040240
-1852690914
-1858818153
-1853185364
-1842165266
-1852320701
-1879999037
-1879546358
-1839895522
-1850791335
-1831230844
-1837356032
-1839049051
-1823879961
-1847715564
-1849089090
-1864588293
-1888940602
-1907062589
-1892950250
-1886693607
-1897289325
-1896667349
-1896490534
-1896504511
-1853155580
-1859001763
-1852176021
-1852447959
-1830765252
-1868448110
-1888690381
-1875540875
-1885973134
-1879729292
-1878430232
-1883251535
-1938352201
-1935492912
-1915578196
-1914409641
-1913436310
-1913523415
-1992003672
-2051832162
-2072447984
-2031270712
-2031351338
-2019331024
-2015778219
-2046873944
-2044504499
-2046752405
-2036881501
-2031709916
-2020271336
-2052243536
-2022849498
-2035047894
-2066931873
-2042373047
-2048037738
-2048981901
-2055656095
-2068094162
-2058205972
-2084168620
-2079561147
-2067450246
-2034671105
-2093531225
-2094420833
-2097833527
-2134543779
-2133998454
-2137186684
-2142513031
2042782054
2044649528
2044855357
2041539957
2030654088
2038460393
2046044957
2057696894
2086522301
2054635069
2032048323
2006321317
2005067440
1945411271
1890930616
1920863370
1872064268
1853201106
1849036097
1838163677
1828114540
1836518663
1839803287
1850159067
1853726005
1941168590
1968202241
1978545028
1996868630
1997029588
2043138631
2094748637
2090770503
2096043854
2105002478
2105092212
2114445807
2115702730
2125112840
2125559951
2111643193
2112681844
2094459172
2090514443
2052798500
2053943383
2086091653
2095608902
2085195585
2066970427
2068736206
2074704136
2066736111
2065024761
2055670995
2054367974
2018481015
2045748196
2071083532
2036571702
2018136248
1994483855
1996763782
2015501335
2022615614
2024019562
1956553738
1935223933
1950556850
1975250344
1934184009
1928434531
1894843507
1901162278
1899127364
1854020415
1855252353
1845309660
1846215916
1858612117
1851393707
1867539776
1897768839
1906961153
1879894568
1849580109
1852562149
1848228136
1782926483
1784300502
1766115641
1738255673
1741573599
1705924984
1703009283
1690447815
1687190010
1687589048
1657726027
1673076559
1685995235
1691562251
1696080775
1689656135
1703815871
1701414766
1688331146
1687999612
1689877656
1719063693
1728748966
1742039010
1751452545
1747560696
1747002249
1747722495
1743061877
1751238800
1741874842
1741015998
1695463803
1685023110
1703129831
1703302527
1603417256
1592871839
1604486677
1602917747
1596171876
1594062931
1593648103
1649998467
1650281597
1663155342
1669400478
1636213834
1645991013
1644211164
1650570419
1649190068
1650760736
1654398102
1655989353
1651373122
1652805038
1659355000
1648050388
1622835453
1617789431
1615001675
1615319284
1569131463
1568084984
1587564797
1587754034
1581518612
1527252910
1526852990
1533752833
1544002363
1542165630
1542142735
1595909982
1611737279
1590447755
1613529996
1614630331
1614584614
1645172369
1641357713
1587444126
1622852827
1644243443
1600353811
1635490934
1598349638
1615061888
1633135382
1636393270
1640082573
1639096319
1600079250
1605832810
1613222830
1609837146
1624260773
1627624493
1594543705
1564807150
1552342321
1567154207
1556201428
1543638949
1533610337
1523394341
1559669815
1558452791
1544671940
1542740040
1468609238
1477544904
1472882188
1472087343
1457478945
1458532460
1468191937
1435014694
1444628499
1407739285
1408745845
1390869206
1400970551
1388705385
1355211601
1334921256
1313184492
1267761642
1267160796
1226117411
1238549419
1238777163
1184641340
1198298648
1210468160
1209704758
1229297566
1226798996
1229086499
1247308270
1238818839
1220978365
1220378103
1276314455
1275291529
1289634308
1276278416
1306431269
1307368275
1332176403
1329689465
1329805913
1330143779
1281442416
1314910483
1295699243
1305628925
1312210065
1318722615
1321045584
1331168308
1333871478
1328621861
1334171539
1272314031
1286070408
1296649906
1308515297
1306742779
1304127840
1306953686
1255431973
1261226724
1265347621
1292250186
1319055453
1337447475
1338082115
1356475862
1313429508
1274538626
1286716678
1293215328
1291816065
1310680164
1320432576
1360877596
1300526145
1295592854
1295457314
1314101624
1306959428
1308175492
1300020820
1299449133
1257019296
1327656426
1306210179
1302670486
1321314645
1324137799
1327528346
1351662954
1333574094
1315393795
1334362907
1339470306
1336428929
1304325338
1309004429
1283836138
1288302210
1287919861
1294697483
1298745913
1301802026
1320413352
1314453496
1254199153
1225939801
1119656465
1139756224
1135793248
1011346232
1008459633
1002112496
974359248
955189739
951388635
917007806
905806271
993079773
963745141
984277680
940529863
939464924
980323555
1006423160
1018923336
1049202141
1052514388
1060837395
994031464
1004024799
1001276346
1018499167
1030397288
1038121313
1058563375
1014533513
1016051439
921519954
893007984
897337749
898328099
880377203
887480704
891948766
897859038
894732568
886887380
885865585
859280509
871382380
917600781
921983152
946499173
949496240
826568953
839795231
788459436
787158245
870113772
803588077
809417839
822823472
832618175
791178373
795929233
778643005
782597408
777976072
729937330
725927894
709545338
713335690
737223188
796347674
798511211
798458830
791600678
807495833
863198109
888077834
888954469
901211874
881944073
896224657
896252280
896526543
876336364
874686738
867546901
852949371
858217319
854665485
857532124
864144737
869165435
879494648
879784154
875367144
825351565
880746896
826117398
890825862
905495476
915331917
925045467
930944784
944182797
911119437
894342091
797355106
734083383
779613810
818638682
815198947
780721620
756366431
764510884
803450600
845252731
852047752
863193868
859069443
887965090
904692653
899090915
914919495
905662610
904428716
899020946
895410047
935575472
935896555
937229438
941696027
927753248
924352878
932064731
912918105
871612498
866040773
861641479
856754461
857020586
890130172
898276014
892676482
891336820
892911067
907031364
911246690
892526947
883282527
884879534
864922679
854059285
871430985
881287693
845387657
832372925
850084903
855681114
860600736
880441201
874078459
845634451
816858244
820345687
828077907
818004117
876758219
879404520
870058921
821429471
822451769
840719502
842720930
895960415
904566528
874069592
893336806
906445599
887378596
882853545
900089406
825254228
821808357
822404257
807777644
807373302
818427722
822058487
822355581
862683212
877572385
901105328
827857457
834493619
850043274
854824409
858904319
872553532
859025353
888933358
896659760
890999277
873102767
874014128
868070494
862692447
832370719
831716510
780019659
778824431
759180028
743958018
772014967
779013480
777274213
776856937
761563550
759028928
715420377
778885504
778463064
807913674
828324915
824742400
822703078
844306884
841708588
902621004
878272302
880555615
887705308
896732909
846993406
846929912
879677664
897024841
902167763
933708844
951938325
962160976
1002560859
1031122648
1030348828
1030693554
1026231276
947495940
956026689
988919809
988940424
983303843
924987312
997935695
991483399
992462789
1015339239
1012433125
1053445481
1077270617
1081110405
1134752976
1156642888
1163983070
1167345686
1185775712
1182292499
1196038490
1195472426
1238971025
1245424366
1264399807
1260978317
1219944261
1260285369
1293122058
1283221618
1289423331
1292183459
1346172655
1346102327
1348190176
1339616488
1340983330
1323663586
1283356923
1295234500
1324056130
1272341681
1275485997
1213473840
1202889578
1200895796
1196309942
1090929999
1009736735
1009954736
1012069158
1014330309
1015743142
1017864966
1005678308
1004347153
1018321833
1016982242
1026648479
1041372985
995162424
985043154
983573465
1004237004
1000541814
873299943
877397557
810324432
844562345
841114706
834960709
810453647
806509960
850928206
859833085
858647638
817278063
819691970
844928075
848186008
857727021
817686806
822218365
800488072
800310953
813463326
807118944
813873985
813623554
788943703
736221149
620741755
636422214
635908811
658657378
666600946
656291019
666801387
691821541
731203592
704952165
708616154
726837238
727187282
726787876
718813130
717784688
717477664
718387866
715946817
720943286
723998617
727149526
705040927
706426000
705559100
718523747
701392309
698231671
690888060
693996246
693409408
679052941
670304106
667161099
675599943
671696475
585316423
593966664
596247929
587149773
589375456
584060241
580189827
616895008
611598929
627146777
636832434
596616476
620422213
618527017
597666932
579506165
579745711
586014593
455409708
449521465
422879517
434026473
439503115
426040731
453166372
475563124
499832090
500411833
517721790
527542980
508575495
515843707
534647444
536889028
579891652
534890710
582472226
513087752
518833452
520640880
513881193
530955987
532661991
538262098
555672572
582735790
548667006
586242783
582041298
622392279
623109241
627175774
623506608
633859412
632870317
602055591
603028881
599666527
572642403
564099294
575679277
580098909
601989633
600801426
600593397
590696116
513237012
585270790
597962575
621960366
624662123
624456241
570447467
596988472
587801496
583932899
585896337
538492318
545104836
517347925
553810769
526675770
524367513
525839970
504067587
503275070
500178914
497268232
499338076
499116021
409127361
402155251
419127057
446818239
460199281
449778683
458863466
452661303
479307346
480060521
479982671
465432110
492568435
541953263
562096823
543316315
541370747
465352722
477261423
457789764
463314680
464598659
468721438
484512433
488399888
472405691
479008622
480037539
492256012
496178309
580448475
554042711
557838199
564678191
567442960
534954592
550677488
544202826
528820540
566724176
516234394
498256256
471920579
483127340
468811571
468959306
469277733
468047580
485614213
491209235
520009544
535748038
505813046
497922714
491355846
491378017
504713987
449122130
453411977
486485568
488264042
489147516
496400460
489800395
478522555
457172608
463268080
463194066
472192728
409748371
413939648
419770278
417678033
438642518
420678965
394534188
412926292
421807307
413654158
413681449
421848083
422186531
403657380
411543752
364783663
370638054
273828133
246506164
298264305
310985382
324725761
332779835
326594759
325510823
344005739
334066072
319194589
316515081
323427403
322678686
323469482
324667331
324829285
365598358
378710625
382420161
376429059
338149628
340447999
337483964
331653793
329593023
317798644
317926722
281640934
256578335
257050101
226126221
224210698
231304761
236263878
205594192
206689349
204425608
209530048
205894311
206908801
174333067
174399370
129118840
121530101
152906316
173733032
173630640
132882454
133304201
137544119
136731698
131712179
147103900
158366599
193718793
193803700
161779889
182318002
192474321
191647714
189354409
61639975
79895922
26553135
24496612
-1259088
-18027775
-17401425
-16116991
129306709
192470842
190145412
124062771
140064078
113147150
141563502
135265094
138945112
124732851
123932992
125193372
142165254
125292514
121346212
102701226
104665901
142736023
144131275
111099405
102814751
115071881
51714638
49500445
55042033
749540
-5427915
-1777344
-1660163
1667361
33984930
43682512
56998254
74018261
65411768
23371804
31628306
34018687
-20548123
-17901803
-81027146
-69270683
-72336300
-43781422
-70604673
-40398664
-23230664
-28181192
-28249336
-13318557
-37009799
-28926074
37028665
49235346
67160310
69335337
76157969
72333667
59800002
41046892
43434710
18310175
57814047
74931428
85521218
25311220
23550235
60520116
64103652
62152080
59643908
88353325
110644883
105285576
100293152
97396683
100241191
120945666
121288976
122955121
137448795
121930999
56785181
72263825
76323314
92325908
120802667
128634910
118009243
106385851
122972285
91749946
92706641
95349022
25283818
41785569
42198700
36219336
32153119
30784557
-74666022
-27797051
-67512659
-62911050
-72727343
-76131252
-90303388
-98595796
-104602455
-102074903
-82039206
-59235423
-58931401
-50846766
-43302093
-43661073
-42138218
-57428186
-57662080
-61493195
-69192927
-48560223
-43879460
-41049014
-40386052
-79724200
-79283864
-74288823
-83366918
-51853962
-47628300
-48933375
-44750243
-65477684
-67576867
-44494734
-37442553
-21084313
-13084203
-2865108
1775428
-2602313
7475031
13191554
28869324
30673363
-23413155
-24833185
-77468712
-92995412
-147889710
-160251557
-161124227
-237716459
-236616730
-239312001
-249856126
-245913722
-242961352
-258072262
-275829654
-274181349
-293643170
-282421225
-274716221
-280858764
-269586767
-272730081
-199518518
-203184085
-186223050
-182676678
-193717799
-184725370
-188283157
-178483095
-172119472
-159062793
-266682788
-263581629
-264667200
-233903627
-247003866
-244306036
-260286171
-264575383
-264759103
-258486035
-264214579
-263632670
-246095909
-256218125
-260427696
-277246099
-306234553
-295814701
-272405773
-303627612
-316384188
-330082251
-350429180
-343974783
-344876454
-331720871
-344563172
-340358935
-320430894
-325712980
-324346539
-334216886
-341615008
-340919933
-339788714
-338477542
-329555127
-318128754
-321005716
-383422637
-384560513
-380610319
-348428059
-350878667
-352775016
-353831105
-386390286
-298412549
-291542862
-290408692
-258161590
-293572441
-293633295
-277002322
-282708315
-304597192
-376428206
-393217357
-489249644
-492629081
-507847538
-478979336
-446063757
-465789325
-462290485
-462411317
-532907555
-526359307
-497498177
-557367659
-549494017
-509067649
-536614418
-524484440
-520258890
-507699787
-513538931
-517159417
-517765921
-509834692
-518749420
-503968710
-494995629
-493793618
-508184785
-520078909
-531471872
-550062319
-538188836
-538832326
-554400166
-642919274
-644134505
-664482193
-641431340
-644327947
-644392723
-638014342
-614545819
-607708774
-538818743
-540117521
-539523073
-518129570
-521481373
-524275147
-541629580
-537603883
-513700782
-513329257
-503383421
-513865697
-529651587
-531320255
-471718800
-441006568
-441195348
-440193826
-502045255
-511989195
-547757428
-529002495
-529861976
-487106153
-541461534
-558221517
-526912576
-543108462
-542918824
-532712939
-561286746
-542504919
-539595489
-546580577
-512089209
-495249858
-476725771
-469423320
-488571885
-486797891
-474326417
-461644508
-464527416
-467352891
-468475894
-452228194
-463737381
-546622873
-517801362
-538359685
-539858954
-538788893
-532353317
-530125348
-533404295
-529674772
-511740755
-448683133
-367814527
-409663371
-442456518
-442853230
-410117919
-372120222
-376831972
-333026316
-330095112
-340916530
-360573926
-361328252
-365874182
-319304304
-312303954
-307058059
-288228259
-284194796
-246108353
-240673539
-225797232
-217742102
-238036702
-215618388
-213185299
-228290530
-248629857
-293343855
-279153993
-290463157
-232019356
-229794850
-239509321
-253880375
-254769071
-276901902
-276205304
-292604215
-361784523
-363035641
-375637078
-363597285
-368332229
-380153658
-406984349
-395313976
-439015490
-426431688
-429039820
-431287470
-433876821
-435903656
-428389322
-409789453
-444676364
-404576696
-402976616
-409659906
-452637082
-455194802
-454741614
-509597038
-513167504
-521421644
-539902929
-533408813
-429781944
-431325280
-421905223
-403326492
-388420089
-388362859
-447246045
-423953223
-425679454
-422568702
-434683728
-435011147
-438859388
-434523102
-375035236
-401936854
-401076423
-437877550
-442872985
-449129170
-453969003
-446849214
-449056967
-453201949
-401196097
-393565281
-360478911
-360699598
-354977352
-348351289
-422442889
-431497133
-402554758
-417201196
-425624008
-418068560
-416256970
-497311351
-420649653
-421602422
-428577380
-445394396
-424306881
-385037852
-374204193
-347254966
-393190592
-377782619
-388015853
-388670929
-393849971
-370610126
-356439909
-365625419
-341331500
-338163999
-338847214
-436684581
-433632061
-449975391
-471912934
-520030277
-529288215
-530884050
-547699201
-512383331
-504643101
-495906934
-501441620
-499575664
-536483564
-519937717
-517089114
-501520065
-477268021
-492474408
-513180166
-514359617
-508448367
-508747593
-462527543
-527057692
-505207548
-503252286
-500933120
-578486485
-595198575
-594832603
-598948552
-600819143
-588839831
-583768960
-550600698
-543812250
-516614150
-488294923
-481207773
-471943520
-460419053
-425026185
-428845963
-420302506
-436987786
-441437400
-427731219
-405479642
-394716599
-395037952
-477350763
-445618432
-500077695
-576002707
-545542913
-558117121
-562144090
-549300606
-547713578
-553585492
-542978329
-613027011
-607908896
-590958956
-574365896
-559010040
-571163866
-553713911
-584748709
-592265801
-592143483
-607951758
-546278422
-552131988
-538681451
-481074851
-479944745
-477758866
-468036980
-470903708
-449753797
-482071612
-481600658
-515054403
-514992104
-524251785
-503266337
-520904110
-562642847
-575597545
-575332777
-575567183
-574892575
-574339406
-574433266
-561879544
-569427090
-567244208
-568831397
-576416492
-576736739
-565243378
-579022852
-592690591
-575591532
-564754645
-563084722
-559406476
-552038298
-571455454
-638375644
-648094099
-654346892
-637623876
-623692244
-629680154
-574856226
-550881283
-568649118
-582984524
-583785808
-611960726
-612146543
-620533672
-637744880
-641440581
-640298651
-692324992
-698760191
-694591329
-711276106
-711312038
-718159205
-720965384
-718931895
-710557218
-709298231
-700786124
-682500393
-661037137
-672913427
-669958974
-661505458
-658836041
-655237473
-655971081
-653208400
-654177899
-705831218
-746893318
-748461568
-749735598
-755793005
-758530214
-757631012
-759751268
-763491883
-742456296
-739034374
-738507648
-711427382
-679277381
-665172061
-663174261
-662515110
-711229527
-706155258
-706166841
-719791371
-714648892
-714937593
-693860020
-672273699
-635517966
-594982769
-583372476
-612884664
-613818705
-618773071
-622420470
-715496757
-721270464
-725162819
-653410687
-648180532
-735643888
-764644938
-811497309
-870473048
-871572707
-870443180
-965763664
-963555353
-964754316
-959753540
-959123242
-967125967
-952172992
-941325664
-948551427
-933170012
-931917459
-938394636
-983135718
-980901064
-1052246340
-1052719522
-1049874534
-1052142838
-1084863899
-1083601141
-1083526708
-1116721714
-1105398398
-1101963645
-1098024786
-1156473600
-1120279345
-1224983308
-1231975474
-1228229456
-1234553991
-1266974690
-1266287611
-1238610473
-1213004053
-1222750396
-1182354683
-1173357614
-1163749715
-1163836853
-1164051156
-1149759057
-1151022068
-1170729145
-1170823803
-1165999233
-1206393443
-1212548618
-1206372821
-1193808973
-1188202248
-1203434814
-1216257975
-1216772839
-1185703233
-1183676924
-1178265267
-1163330065
-1162727286
-1156689068
-1206540792
-1264548514
-1271265889
-1238918336
-1245679787
-1169364961
-1165377358
-1163623990
-1154310395
-1137195268
-1150811374
-1149246809
-1143520581
-1143098314
-1143392886
-1142238344
-1132076671
-1144056574
-1176689153
-1191537846
-1176657939
-1188218432
-1146054340
-1155232954
-1154933580
-1178543258
-1169113509
-1138239333
-1150708638
-1149189420
-1136468514
-1109478199
-1107640913
-1104865952
-1117242118
-1124005331
-1106884545
-1116550031
-1090429567
-1094923868
-1105637056
-1102131251
-1106995855
-1102499724
-1140678050
-1156527793
-1146857271
-1151174416
-1134616652
-1131621882
-1128467246
-1124136044
-1126176919
-1146893321
-1148583605
-1150853003
-1152805635
-1198095986
-1189143767
-1154623457
-1180281682
-1176499235
-1158828560
-1171314654
-1151758876
-1134357817
-1157095640
-1156860978
-1166107263
-1161833231
-1141925993
-1151898957
-1175370371
-1224375841
-1238919208
-1230276954
-1195559871
-1193599396
-1206780738
-1207052904
-1207827706
-1207750919
-1264088366
-1245488024
-1270727044
-1285912024
-1286392543
-1298588076
-1356539086
-1446443007
-1445554995
-1444500088
-1440989009
-1461557023
-1453044188
-1455627651
-1446315203
-1449394745
-1488449610
-1490092843
-1490076728
-1488909834
-1462295935
-1468462369
-1458530527
-1456259652
-1460213271
-1444718630
-1426710044
-1433328670
-1361846821
-1387530357
-1393847210
-1393990132
-1418585235
-1413482079
-1413893581
-1411920355
-1400167868
-1390062957
-1376690206
-1375731167
-1487427680
-1490734466
-1512014753
-1513433106
-1541613409
-1523216407
-1531149031
-1546772538
-1555000551
-1551384790
-1548899884
-1555228830
-1565268535
-1575366404
-1577061089
-1560367239
-1549340201
-1558315660
-1513267103
-1511725078
-1530937103
-1533242435
-1527682867
-1537577991
-1547282791
-1538595189
-1538982058
-1521938501
-1468261849
-1444938924
-1439049996
-1431343954
-1430707017
-1427566895
-1426543056
-1402678542
-1408865422
-1366819419
-1357895199
-1343090613
-1349539103
-1350471966
-1364667310
-1370808884
-1416467802
-1416500181
-1417084815
-1406628366
-1423474576
-1451868100
-1451311085
-1462294031
-1505512203
-1504912800
-1460172553
-1450531012
-1450976199
-1488944022
-1484709746
-1446033953
-1461370087
-1465919119
-1444350089
-1440023856
-1454566223
-1454839183
-1452782107
-1452251698
-1438158007
-1442882546
-1354138728
-1367352192
-1376427243
-1352549739
-1351108796
-1343899932
-1340068933
-1307955433
-1310941195
-1309151476
-1376242266
-1365833400
-1367613581
-1357014526
-1298136943
-1278568768
-1274979236
-1204699424
-1201372428
-1197013587
-1189785995
-1193920350
-1186961990
-1183185823
-1200066246
-1205875781
-1203687081
-1198560002
-1187723068
-1208212705
-1217956009
-1256204655
-1263389675
-1243398240
-1263174973
-1293261431
-1291598998
-1298969440
-1292172078
-1308832659
-1310030204
-1289574071
-1328557580
-1305732223
-1294641009
-1278224960
-1279687540
-1340286679
-1346702227
-1350990350
-1333535512
-1378860707
-1351234282
-1358049689
-1337249745
-1376024276
-1371740873
-1353387164
-1414796364
-1415456201
-1408981737
-1420086837
-1429686151
-1418409197
-1411698126
-1395257156
-1514764827
-1512256039
-1570117246
-1567834316
-1558949708
-1563407106
-1564134979
-1498972225
-1494133780
-1470805022
-1426600502
-1391248207
-1406326920
-1396910783
-1387983301
-1385863254
-1391012424
-1395716167
-1403683268
-1393294996
-1391774654
-1378861735
-1341109284
-1336268810
-1333706340
-1334193309
-1329991413
-1344066451
-1386537799
-1382513482
-1369083230
-1367514379
-1374936426
-1373409126
-1375713150
-1316639224
-1348248175
-1350831519
-1353505886
-1379216188
-1460946772
-1445421541
-1426028446
-1423644193
-1442231223
-1434885791
-1410206095
-1426256429
-1428894572
-1422205784
-1439948670
-1439166730
-1441742202
-1444419578
-1448259174
-1432608224
-1434610290
-1441240193
-1445880978
-1444844275
-1457618506
-1459367587
-1464237981
-1464288733
-1463446600
-1453679140
-1412235213
-1448697981
-1447387315
-1482547194
-1474740447
-1479698362
-1479272324
-1477032119
-1474584927
-1434674917
-1446328648
-1457053223
-1429755759
-1410503332
-1415172460
-1399060905
-1399371388
-1395693106
-1411740305
-1449583061
-1468685395
-1470256346
-1423638461
-1412035960
-1419539944
-1428311768
-1451789244
-1456557888
-1460372509
-1447470983
-1399145653
-1401509523
-1364757820
-1320939522
-1332194714
-1377891364
-1360937904
-1308933385
-1300234158
-1334423042
-1339366507
-1390656604
-1402722462
-1408418868
-1410097340
-1412335811
-1370495684
-1416008292
-1415190242
-1500903546
-1492494225
-1481563745
-1478590214
-1463797435
-1401328035
-1449126869
-1447077361
-1448077526
-1412670935
-1392341493
-1436535328
-1442969548
-1454306176
-1463021140
-1434176267
-1431544400
-1439256423
-1447760606
-1426841807
-1426985681
-1482657711
-1485729460
-1485453854
-1505818664
-1537369406
-1531839493
-1571489745
-1592508465
-1582264202
-1575680145
-1597294105
-1620871747
-1551960726
-1572618720
-1580933365
-1585263069
-1591381846
-1586300082
-1586224739
-1634402121
-1635899405
-1645600780
-1648236212
-1670994364
-1677069753
-1676418780
-1683558382
-1685835619
-1687271951
-1617350172
-1617263823
-1725600776
-1700307980
-1691004772
-1714192700
-1685244519
-1672065133
-1667498154
-1669749082
-1675590008
-1655576835
-1664616104
-1687686943
-1683346119
-1701300109
-1653588950
-1572302648
-1561392721
-1564025345
-1574284457
-1572392335
-1535734304
-1609715576
-1623295251
-1605430364
-1597630551
-1589032133
-1563944800
-1626960696
-1629550910
-1627108730
-1628754330
-1709118094
-1699146328
-1709135403
-1713923806
-1660692464
-1660048981
-1655174416
-1655059359
-1650757306
-1618511517
-1626636544
-1621678278
-1610048555
-1643743020
-1692187756
-1705149315
-1747167375
-1740681477
-1732916849
-1703215206
-1707329709
-1649145003
-1640628150
-1688896100
-1682462237
-1687042611
-1700597882
-1711536365
-1701886799
-1699547617
-1699938236
-1764160799
-1742213003
-1678052346
-1673647090
-1688843845
-1710831519
-1661192613
-1665982728
-1674597783
-1670990916
-1671637568
-1630359736
-1625691307
-1635544553
-1623670978
-1609530707
-1608613293
-1668404289
-1668975114
-1690070499
-1731719392
-1739370908
-1723353431
-1718597784
-1751856654
-1757822019
-1705413646
-1705473030
-1688781283
-1689271396
-1691602536
-1689750796
-1677025310
-1678519989
-1677725056
-1667915876
-1649428810
-1647457869
-1708231823
-1736200081
-1643768117
-1642561984
-1641488301
-1635483661
-1589214981
-1589085386
-1615130604
-1613517297
-1662070063
-1654644647
-1651702838
-1724731815
-1755544079
-1750480541
-1788292957
-1811160383
-1798659245
-1788795913
-1788603671
-1764186333
-1752784767
-1749031305
-1740830579
-1699931926
-1740785779
-1741476101
-1747603108
-1725009948
-1724117132
-1733391100
-1720926321
-1741139092
-1804420767
-1803588782
-1805353370
-1806761528
-1833991632
-1829801358
-1829338429
-1827286497
-1808025691
-1798089566
-1829974937
-1837541876
-1855888718
-1846717066
-1852836394
-1826277593
-1823854354
-1842718290
-1839002285
-1839372309
-1821313573
-1826706217
-1821879715
-1820253351
-1817656534
-1809903168
-1809011532
-1850672380
-1854185932
-1865184909
-1863895674
-1839526511
-1830625665
-1886583138
-1883738361
-1914114679
-1904197582
-1902780417
-1894821403
-1898263780
-1909851438
-1927057362
-1933790325
-1953462974
-1949845930
-1968072268
-1983841762
-1980771826
-1989116621
-2004876944
-2012971055
-2019605056
-2028343259
-1981775079
-1951162782
-1954477739
-1944175672
-1913907081
-1907695518
-1922887995
-2005246547
-1982882683
-2014452547
-2011918199
-2021414148
-2015518380
-2052439654
-2040892362
-2030164687
-2029854440
-2038588855
-2035636824
-2005756067
-2003422344
-2029359480
-2016357883
-2010338604
-2034835293
-2034370565
-2038520412
-1994763116
-2031564169
-2035286599
-2022559542
-2024341837
-2013639707
-2029037719
-2020055309
-2080371066
-2127121678
-2107345318
-2119230328
-2119076636
-2124525704
-2112205387
-2118860284
2122498906
2122639291
2122766290
-2143199472
2114264308
2118428668
2140838981
2143840427
-2144239896
-2097689339
-2111968617
-2106737601
-2132620294
-2119083000
-2116565443
-2108004103
2140605259
-2133808199
2104889531
2094941532
2093543176
2083069944
2049634234
2030711754
2036524324
2061440738
2082618991
2114506199
-2133233330
2143389095
2135875884
2134903479
2138307289
2111706857
2107165109
2062292399
2065105994
2067859720
2069922131
2073469602
2068454225
2065336922
1989723411
1974475328
1983328510
1979363224
1951780889
1900237569
1864391586
1818732283
1829149918
1829895698
1828991545
1809655528
1835892456
1854857052
1855564750
1876916857
1886811011
1886652234
1887429743
1882717379
1884497850
1909177185
1899421594
1902713831
1905716935
1907017329
1912218611
1884141825
1834924613
1798192379
1790278201
1805955615
1778777384
1790282169
1789041004
1784006129
1790775671
1793920616
1795411742
1759734400
1761404498
1761916832
1750978378
1808465428
1804433668
1846200956
1824869418
1823743950
1781026468
1781902667
1715103259
1708608900
1758732425
1708377249
1705302164
1730592015
1740750478
1752268708
1753997311
1762151320
1756533743
1802188392
1793756541
1798493016
1788257900
1788511601
1768788902
1779082186
1793593247
1816512584
1827595597
1829830520
1821043102
1787983976
1788406930
1865020331
1859812524
1872585240
1846089465
1865783181
1875463655
1870331125
1772538217
1772276240
1772171367
1784157589
1821302486
1854841094
1843494607
1870286056
1880750322
1881793883
1893311732
1841667350
1848951952
1852981689
1852096688
1852809046
1863491102
1863414532
1860397593
1851763638
1848270764
1849464936
1858343383
1841272389
1890498123
1953564989
1951184720
1969604515
1900222270
1896215720
1912751366
1927644149
1945666217
1927108871
1947489951
1937180571
1934758362
1994337725
1993218455
2005575101
1979329886
1979608283
1978057291
1936846538
1941878410
1926619306
1934268336
1982647560
1979718337
1997679303
1981147771
1969404335
1978402838
1980686583
1975531401
1956505420
1939368085
1926246033
1935767848
1930491882
1929848483
1944390054
1883082592
1866335459
1821000869
1823596864
1810544393
1821483826
1813464902
1805274480
1798827041
1822108372
1815381330
1811199758
1736595833
1739699041
1779336499
1829104616
1837889997
1867297500
1863531043
1857256295
1887216506
1894103841
1893988748
1828391095
1813143166
1730930409
1712653557
1711969564
1687083755
1663771885
1685348106
1682596403
1699119066
1693743101
1540120429
1551653905
1564349551
1563088589
1564174573
1570614036
1511960831
1466132329
1466141111
1470554278
1474962495
1477350855
1472008554
1493499281
1502429620
1534565651
1521984007
1516668669
1582916156
1585998872
1601224148
1600401584
1604670733
1606362436
1649866531
1648492239
1642627194
1645895853
1652241988
1639579374
1636513373
1600887074
1604898737
1605444826
1591580445
1612140937
1611477988
1603971149
1610129838
1582121329
1581467795
1574469874
1539178131
1533140100
1532746394
1529943524
1518064185
1423245307
1412007716
1414807369
1422898955
1448998823
1436103677
1454754189
1454238342
1459995636
1460712644
1456516853
1508503846
1519434880
1520543764
1518524548
1522761449
1519047852
1518956212
1542319915
1551362116
1482219409
1501155656
1505705274
1485320003
1500799019
1469613469
1464353566
1507178352
1501847314
1491636540
1482995939
1499462204
1501482849
1463738315
1474106712
1460969035
1468886941
1468754018
1452333647
1452965017
1465182445
1524404646
1607781534
1607821651
1556410327
1529793557
1539597735
1529441803
1537102036
1541475395
1542852647
1529370648
1503072544
1439051267
1439228216
1503499669
1516945505
1520042617
1502295564
1461730915
1466854821
1467243772
1465273890
1512264634
1491915516
1523080620
1561443747
1568812469
1576488006
1578660429
1564795517
1566741757
1570058672
1570299109
1575329790
1496393602
1493383991
1487227380
1458449579
1458874995
1452914872
1451775131
1434780846
1475504371
1456732654
1440882366
1425359880
1433289307
1431128073
1444131768
1416728746
1418476637
1433768307
1431605875
1441525866
1425701473
1409641673
1408864722
1413240314
1359041024
1374507500
1374785471
1378130679
1368187081
1397855170
1373714728
1365810085
1367164651
1370237146
1393614791
1427963364
1429827310
1429809825
1434489829
1444889724
1461410009
1455877127
1502672620
1508422877
1504517243
1504668104
1499857583
1467105602
1465188934
1479419522
1462060746
1468927265
1433256405
1337697538
1328098816
1314840020
1299710783
1302729567
1288163644
1189596227
1176413831
1171206696
1208978999
1205327354
1204956789
1214011235
1163139257
1132577307
1118770187
1120789926
1115614002
1114003815
1096326034
1103410952
1101462334
1101496914
1093396523
1090646540
1092569977
1174965790
1124907700
1153362905
1152038165
1162304775
1161116164
1148821640
1155458514
1143389557
1150907125
1136876329
1150368212
1139213377
1140411453
1085871623
1084100508
1090046494
1101458313
1100675118
1102701238
1113370456
1110554833
1127013142
1125540939
1132113481
1129376739
1127661702
1130690696
1129565406
1151721662
1210738882
1212049054
1266759597
1268160561
1306953097
1296636746
1303268494
1289578619
1312654641
1332548056
1344369069
1334133619
1340592810
1339030667
1347742737
1361576986
1383086459
1375685547
1394524676
1394746125
1399117272
1387086677
1403990527
1389788800
1384751020
1396487959
1394833343
1398810934
1405680263
1407735314
1421035600
1428310105
1447219158
1383594623
1389541341
1377419797
1471497283
1467405626
1373332533
1361807109
1363943230
1373930933
1397276219
1413356153
1419867348
1412258010
1411819956
1411098738
1377569451
1375245466
1383765850
1370134294
1369896847
1366084192
1370016503
1424654227
1401562989
1413750035
1457856746
1459915639
1457169046
1454743105
1457756645
1498805895
1473014026
1472499201
1462791100
1427518985
1469763881
1488193368
1451453308
1429024562
1455931291
1517950221
1463559961
1495731814
1508466825
1519565556
1492065537
1503528439
1512466672
1515503788
1531355422
1553553386
1561462073
1583914063
1575183470
1577022079
1567522170
1558461589
1559723754
1543517689
1528079590
1543472571
1554135509
1527140990
1540960387
1565129904
1568333815
1578667851
1581934365
1586262714
1587578240
1596258598
1613647574
1634366741
1624953287
1619890444
1628296425
1616323335
1613721373
1617565975
1616921012
1666704884
1666526758
1607276289
1590982879
1589247004
1591013849
1595927944
1618907246
1628705622
1579348114
1579229712
1568203163
1571981383
1578418810
1598105747
1505481707
1503548198
1486464106
1444794668
1469799634
1453885231
1458363519
1469293891
1470743149
1480544141
1446001219
1439856756
1437202808
1408311440
1408919729
1419860595
1433906348
1433900876
1373612882
1366151787
1350473567
1350473902
1338558935
1348187039
1346937521
1362018130
1366670350
1367582338
1341489957
1343459903
1352030779
1318392048
1293679802
1267375214
1268613373
1216369090
1229543296
1209318011
1221541268
1210832301
1213492838
1213165796
1139362281
1138177410
1145414305
1186180823
1190657910
1194318504
1200633839
1197642076
1201141145
1267021453
1269638239
1270603188
1263579529
1260732162
1271084819
1253327630
1252180581
1224656563
1235429573
1223294875
1214046487
1225461147
1260745895
1176734533
1198427812
1204141069
1205946030
1207594824
1218697492
1222606484
1205752912
1179233759
1187611093
1216746846
1205197946
1216781304
1214863528
1227033035
1285594641
1300177810
1287192561
1306400951
1260126838
1261170828
1256369697
1243435135
1245937166
1208425768
1238405441
1231587825
1225480371
1226084430
1224618625
1214245911
1273679796
1219273910
1217164182
1220495419
1222774901
1214383475
1215247979
1161542257
1147494617
1170523369
1214700133
1187189405
1183413531
1182062217
1167340564
1161689330
1160636476
1157789956
1157723202
1165422480
1170298004
1182852322
1161923616
1151356391
1174474185
1205621463
1200634998
1202709980
1192956411
1128096598
1128154870
1131982583
1131690730
1127122538
1122256856
1071570908
1074906830
976174704
1005511401
999611008
995748769
920423588
922937667
906003500
975653767
975041268
990530725
1016940402
997500983
1031176900
1005296743
1003437698
1007101304
999490993
922587033
903672752
898111829
896308853
900600532
902027194
901601473
889594528
883010287
958421063
959040464
960529587
951424213
950858874
943106453
939316499
947571955
960042796
949055645
942545489
902885019
947490835
957141577
958671894
970873255
1002147025
1004568929
943091912
928767762
939272735
936312516
994802773
996915741
1001708215
1002150492
998721501
985836518
985451666
986114351
1005944217
1039196019
1016983793
1014828553
1013406632
1015558999
1027572821
1032355121
1037375535
1048291565
1032047109
1039698392
1058599833
1052498869
1053187854
1065649344
1074993246
1079813121
1081112715
1085650029
1135595490
1158911959
1159998858
1175640334
1175755519
1168458272
1140385664
1063138593
1096031534
1117176574
1135967721
1127593582
1173430110
1157933992
1179372691
1176461432
1207049338
1207359720
1209441764
1207723965
1213696260
1236959152
1265630800
1255779745
1271499565
1263040620
1263114435
1265820920
1247936238
1259562795
1265361437
1271991247
1272756420
1263447280
1264708143
1272845969
1259275442
1266962343
1236622353
1208780047
1182114745
1188835639
1183836543
1130645568
1124201631
1137558575
1179439872
1219917713
1175928014
1161232234
1160528226
1153674783
1165269449
1174454296
1170602558
1175904841
1227193601
1221769966
1271731634
1268514943
1274640875
1277565534
1251583964
1250946811
1245962858
1242550449
1251941103
1252272035
1212746337
1213083638
1213472980
1242000144
1235437508
1200541491
1163463772
1155888224
1181229564
1192590366
1196605517
1199616227
1206605886
1214716359
1175333770
1180839839
1158155040
1207082283
1211069858
1178193769
1212798642
1225190780
1243719467
1247822146
1266079603
1211001471
1214100501
1155746111
1160752640
1165505634
1193081352
1186041126
1114453577
1133187881
1074571786
1075711305
1093672809
1089669625
1089480833
1037050866
1029090119
1006927867
1005816413
996659038
1055241136
1056283663
1058228870
1062828397
1142363629
1159962369
1160285976
1174159084
1174893563
1172493078
1172581658
1176123696
1160567714
1157157504
1153145586
1150532508
1145138273
1155958212
1113486148
1117187259
1111670268
1160940211
1158324734
1159189751
1161244140
1161849585
1164690351
1131587631
1134758400
1142548411
1143672418
1164798964
1153740465
1145280162
1143037825
1111738998
1146640360
1157753454
1161580916
1166505791
1164426342
1154400135
1126882525
1151909499
1208273607
1201123084
1212681930
1221129255
1215195813
1221422785
1226477848
1223130380
1247126346
1263617531
1264170727
1264406988
1359059173
1357504200
1364579772
1288319525
1227010867
1229328597
1248886037
1258210559
1262832912
1252411205
1255828072
1247173518
1240798879
1259758734
1275557429
1261632061
1201815566
1202745694
1202388178
1143757920
1150167663
1178608911
1184366085
1088064981
1060000483
1063714558
1047328094
1087723861
1126460121
1095190371
1164398803
1173533774
1174409911
1188815711
1178804752
1193128422
1191153158
1192628797
1200641899
1096840015
1078943727
1078855070
1081620095
1048755358
1010144559
1028523813
1045221856
1047442313
1087364354
1108438527
1137707665
1173962495
1170530151
1181821611
1200795621
1202737089
1202156156
1195721564
1193765914
1178239668
1167757997
1130476299
1116714400
1118704562
1114592044
1128485197
1129721855
1179139894
1150485357
1153849056
1166707405
1146647985
1159337468
1160713553
1166063024
1183110328
1178539887
1185200536
1215951303
1203547213
1172544577
1173144516
1180933514
1198088200
1206501578
1181255684
1143825230
1144074030
1113871791
1180357590
1193422457
1193177785
1201774551
1211114005
1177036092
1210949832
1195251251
1199002305
1191098599
1192552966
1192491036
1175651591
1187721293
1190930632
1140975948
1130346448
1130421622
1103241526
1106267135
1100059138
1114598430
1128777403
1096025261
1036570780
1032478107
1041133048
1040481163
1030661291
1029171922
1023385325
1020942623
1030085090
1030047100
1053218660
1064319747
1063170119
1064749934
1058585902
1058247906
1087456714
1085662251
1034927349
1050765758
1084000863
1092876602
1106397325
1101874641
1101850502
1124802240
1119029300
1119360831
1152057437
1164464377
1162079279
1163496065
1155645722
1152293843
1077939855
1062674903
1061328122
1079020640
1080389538
1072874897
1073411303
1049093762
1045623757
1038436794
1030612603
1046005053
1020793915
934916506
942137148
902249195
899781723
900893270
873596619
886456991
833441179
841737829
842340074
803659623
831452299
846869149
866380497
925203444
946415093
968474746
970206741
954480451
956662898
960009328
959843259
946609700
946339583
964556455
861077189
864179680
852790274
844760387
884956245
853183862
895189084
916538461
884515990
886030629
915916443
935572260
940872430
936877682
946491118
941683466
1022212860
1021151501
1045776039
1049032260
998262578
988810095
994595278
999017065
975641933
975300380
984970344
966932684
967417325
1011412071
1012014578
1031400008
1007934342
1049410529
1070260829
1062404859
1063260380
1039651934
1049185368
1031633291
1020826339
1052730263
1053585904
1110274652
1049837775
1031431782
1013441679
971519019
955406644
967447813
985693255
967981321
968063543
987637300
987927631
1023086923
994044987
985386488
962744264
963206876
961652169
960596478
930736914
903835944
910310717
911456420
881594886
867394105
864249372
869392453
879397810
841893589
770659759
780678899
787819362
777425066
790152223
752617974
752881551
777973434
892654688
896421520
986554469
981639185
977269434
988670406
987405929
1005172292
1058761122
1026858968
1031776930
1048773601
1053806429
1052330167
1047280046
1060312320
1049733528
1033564872
1039133945
1049940588
1017763866
998910564
994895903
987754123
978077875
948181140
966554251
950168506
965737487
968135888
931249468
935937603
936376367
930516330
895683957
891877396
923719526
928974822
930315945
949645258
948246281
950182134
963722737
969694982
1022623050
1027392707
990466680
996234063
1024026418
1015359533
1003965730
1014023072
1005172890
946477048
931873399
947051345
944825309
941867201
944136310
944513035
918176835
926872081
929832374
911488943
892161701
890394576
901344496
803523427
776372074
773711053
780014513
789225674
787745921
786230088
777021183
764704998
762414420
682820551
705334189
706827168
605681095
596371459
604414167
571126003
556031607
544298121
550674526
524260543
529883773
487827073
510511140
431372031
430493100
388725715
389954222
380569518
399368497
383339721
393441171
389946062
398452640
405963508
350015566
339765554
339394212
313564774
322433957
349059249
343076141
340411254
340366395
345359959
334304231
335926931
342415451
345618447
350820230
360093345
381830625
444878720
347450489
350958578
355724558
314143383
314980753
311302648
319545333
379754126
404912999
412660536
402346731
400934787
413732499
416700264
400728772
413327192
400255768
402407683
402251290
420096660
376825997
371487437
372847205
368265579
380358616
381272310
369408697
418019697
363796582
347991005
289502668
277934623
287428771
294952802
292224947
290125576
301671459
278920564
286918268
290276221
280129122
281695125
277847392
276234175
275024824
279165963
306772641
312124143
314898430
324822614
308779620
312368294
312569773
311492274
308220162
310863517
307145782
292229062
333807273
244993379
248246514
149806032
149684042
154431145
150804305
172401603
142731955
152124094
116998068
141881000
144971439
166689339
167892156
125721402
134070557
148996488
157680230
143382491
173123422
194110996
181768933
182036550
186943341
205650055
225412945
249957873
297205375
298701622
323316017
349113095
356156473
386010463
377705871
373404766
378572676
366855754
362874260
394869313
442405139
405389037
313502141
317538389
305232959
320566468
319548596
288966860
287511949
293173604
254796187
255074023
292764988
233323755
235122194
233550290
150989464
146015040
146513515
140266086
153757863
140611279
132787880
134186951
139209259
142624614
157041400
168978757
147652562
199798005
213880696
211034013
225540017
226213461
240921280
233182841
234202306
193335881
188019427
198024062
212220727
217199386
216296764
215137253
218132723
216626907
220829039
224264253
224150896
179171842
173190747
136121009
141476947
172160919
196314193
191392941
190260941
193267547
165656401
169721355
81840615
79497758
77986335
83765839
83681335
69791938
70536264
61432518
67974594
72159388
68710824
133062702
148167351
95356870
93160647
99843005
77777881
68353016
64689424
62998519
70166928
12804720
18876631
25566385
12191369
-11230767
-10625668
-10149240
-12008400
-6547937
-25340989
2838932
-82669638
-84682995
-95988032
-105707670
-108887535
-135252082
-133294544
-183952604
-180662032
-166302840
-170534938
-201999501
-189353901
-193143865
-192005929
-203293452
-208140386
-208976217
-218977604
-267010286
-272044215
-225658402
-230673440
-228726721
-221666937
-224891229
-210579934
-221707920
-220353995
-208005987
-181393154
-193064216
-139117366
-135109593
-130411110
-129954979
-171445715
-131753354
-133133378
-131603615
-144566751
-143982389
-164298545
-187779198
-191940017
-193431871
-209586782
-222735040
-200079916
-201137570
-207811597
-208735042
-247704292
-279077514
-276526449
-277970236
-282169712
-272421660
-251311632
-230683682
-189619232
-179387655
-180106286
-202157469
-203382834
-206727826
-192186028
-168330003
-138962688
-123837977
-95403031
-96613687
-96612794
-129571649
-128413219
-130708705
-131513783
-132044877
-163653552
-199333329
-192400626
-200032299
-230404971
-221521231
-211620254
-183959330
-175923647
-159403453
-160252634
-195978623
-140472758
-142536484
-133073967
-59245083
-53164208
-56056070
-10886832
-10417242
3529484
-25372337
-28085974
-23445792
-95205693
-71569342
-80575295
-79912512
-25521880
4929676
36661041
-20441554
-15364821
-36281721
-78588512
-57031894
-49836170
-8056915
-7652536
-7373910
-5907488
-6382175
-2379613
26335567
46021890
32124167
44309728
70016818
60451526
77694974
84851487
12740790
3097763
31835178
41105316
53852687
-18145561
-25755800
-52951820
-53208756
-26429878
-34313855
-28118008
-28921181
28892672
35085487
24339567
11737670
25362559
44458145
28583643
17340365
1546236
-6031896
-8430629
35907983
37996632
3976566
-1554239
-8729753
4997611
-2779822
7393610
19775346
12391265
38216576
40952647
31310894
-3268827
-5562235
4382557
-40237029
-69690256
-58310220
-61030379
-60511018
-62442563
-37365729
-41581410
23357735
20087214
3847071
3596616
-958843
82723
3890298
260408
27671
-17176191
-37965506
-36863072
-37924804
-22376342
-9803056
-5909507
20478470
-45622680
-66926745
-65345507
-100033381
-107119547
-113857376
-112863393
-97962811
-84932484
-78440491
-79173157
-96171579
-110188824
-112904258
-92216361
-111686826
-111812127
-107366803
-122334537
-120755111
-107941201
-168986236
-198188794
-227844300
-214299524
-209018173
-207475778
-197769804
-186794533
-191542992
-181989446
-154444197
-147151002
-100172229
-102480450
-101968826
-95056567
-80349200
-95845037
-98382029
-152448361
-172091360
-167268904
-156735597
-158419620
-170750204
-174563121
-157152247
-169447782
-207899550
-203957832
-195491663
-194398361
-183846564
-135304892
-148871440
-145633080
-151982352
-158966144
-144697251
-149456962
-150983158
-117857515
-135460595
-198684192
-197350260
-194366893
-202211004
-196995402
-198634530
-191397175
-172189086
-170046543
-153788912
-153877156
-163152672
-206366962
-227703730
-225318588
-240885344
-240672310
-238213591
-221307323
-221937168
-215305032
-164245806
-179455797
-172171051
-172954997
-170574780
-115368322
-108145072
-103357832
-102373620
-122920210
-132232805
-133000686
-110244225
-113285856
-110227276
-131552287
-132573362
-156534579
-129582592
-101596668
-100109473
-118824533
-128801070
-156208911
-141087264
-137059035
-136414802
-127839599
-169158993
-171203517
-166278056
-159763095
-185804045
-188786679
-194754000
-193016633
-175219549
-239096538
-245814669
-272529074
-324834106
-316999387
-317164300
-350091526
-387909399
-333988874
-277630016
-285074995
-275400582
-249011425
-274505245
-305370230
-330264340
-399021869
-465585181
-443973410
-441648200
-441715289
-438137216
-456271748
-435395926
-432757858
-432738798
-430282519
-425779591
-423162735
-424521392
-406551911
-403503547
-403969094
-397598804
-371711536
-341451940
-335747904
-335586075
-334120464
-321620556
-325050577
-315381679
-323811976
-349662041
-349592626
-319833150
-320326175
-316827048
-308396787
-296107024
-276096656
-267489515
-274693019
-256856134
-282891469
-321506552
-334046244
-351017065
-344738056
-335781300
-332043231
-312409381
-313129900
-292980848
-294655850
-284277156
-280381347
-273662420
-245329467
-188560173
-188668381
-186272184
-162589209
-167912460
-174385773
-152118722
-159393927
-173587603
-176585247
-157503415
-158843180
-158886364
-170571441
-118187716
-111299529
-92999809
-97856671
-96583425
-93083990
-84953160
-81288655
-124945602
-113873738
-104102305
-102675032
-60709856
-92417818
-173838918
-157889172
-148075503
-146793957
-178109818
-178215883
-173823030
-144816355
-116414879
-141683430
-157285378
-156551951
-173333362
-194236531
-177289970
-187244658
-182171119
-162777760
-207486671
-188782965
-182713560
-175645453
-180186131
-258675155
-258583594
-251591560
-228845485
-228621983
-198433063
-211188907
-222427724
-222535254
-189439699
-188293036
-185957677
-188053887
-182003765
-142652356
-135579782
-128482002
-143225192
-173835380
-171354574
-177695889
-186119269
-145172275
-171959036
-171496773
-171860525
-169402387
-148030226
-178663293
-182448981
-181662610
-171132187
-165751667
-165530102
-215214571
-216408492
-264347181
-237383394
-237926357
-195721692
-146182622
-173159823
-160210596
-151367377
-142601521
-165171030
-150324147
-132128911
-129312978
-137961730
-113229919
-106116955
-148824712
-146009137
-109753124
-107303460
-97103794
-98456948
-111717254
-67029768
-74175345
-90420893
-123094977
-131383651
-129098760
-158559143
-147961023
-145975702
-133944346
-150659903
-145593958
-139092115
-151634106
-158942329
-164103499
-167300423
-150050876
-125130523
-104435156
-182720990
-189352790
-177738432
-170274781
-163250889
-148877529
-232220289
-237998303
-285104047
-322340100
-327871921
-332831118
-334550494
-330044267
-267145211
-261210812
-258225211
-256641460
-251091107
-248521325
-244268765
-241478154
-234497335
-254306386
-252935356
-253826324
-282925916
-274874514
-282209429
-295293473
-307079812
-307732171
-310908613
-302597090
-301976274
-311476138
-275844240
-348435612
-343364630
-349061949
-361483117
-361689831
-354597626
-361337485
-425231046
-426050501
-416971867
-418598887
-424764354
-429062075
-436078566
-451362728
-452369841
-418470896
-415037409
-399228136
-401204855
-454173119
-452923565
-502080234
-533776654
-535493529
-507293288
-508098252
-517173530
-567624279
-571296411
-567027075
-557478458
-554986302
-590825013
-606753512
-609208405
-620621999
-605051248
-599931643
-599282588
-580934616
-544358380
-532451293
-526687697
-579194383
-614165597
-607911760
-609222384
-587935484
-607625089
-628907106
-604701914
-613891574
-613354499
-610312808
-618076282
-616494863
-617970545
-629177336
-623367163
-590258752
-606861941
-594041379
-607957917
-668927525
-670841514
-704185645
-700545309
-664365178
-670900294
-675398411
-669404283
-677190293
-699675900
-692490066
-708465577
-705323588
-692607742
-733812702
-750864023
-832452576
-812344524
-798988869
-799443074
-783200437
-747613754
-745856479
-767085372
-774777718
-839263760
-806888555
-838222232
-852434332
-883201267
-884084568
-881150133
-874178594
-851956277
-862146256
-784605603
-835142504
-833192148
-832580382
-832492409
-833265741
-824639187
-808121292
-859035512
-841969718
-809075717
-807168198
-766064167
-785910639
-766864488
-743888324
-744802623
-728256491
-744479371
-781947070
-780847750
-806802368
-811219413
-823458528
-836247021
-838376648
-865837641
-864761292
-857109482
-857627605
-845014897
-784392478
-893196922
-881173033
-899982666
-901578240
-886581281
-881551881
-880134383
-876195137
-970151426
-976600515
-962499403
-953514771
-954315926
-922954719
-919018569
-903383277
-906893691
-943278848
-942530054
-946386805
-969748663
-1002382918
-1003358018
-1033920904
-1031065414
-1034549596
-1027367400
-1023648420
-1015923022
-1008385675
-1011077049
-991977282
-964110088
-964267159
-911597827
-946034481
-927895598
-863679640
-930701201
-954374180
-960265086
-958825463
-959323109
-953438643
-878794062
-875315554
-894368541
-896148869
-897965152
-857297247
-889088629
-894107911
-917096900
-903900604
-850400843
-894547636
-888309952
-914408581
-960751050
-961391948
-950134387
-955062761
-993489546
-991947365
-1000400059
-992274752
-1008028612
-995156938
-1037880120
-1027626778
-977312661
-953868480
-928357653
-927303765
-950766874
-962891608
-970316574
-960820230
-972958761
-974767430
-958370885
-950225207
-944151088
-952073097
-983204086
-1001734325
-1027767858
-1033354996
-1036460285
-1038480048
-1031893592
-1024801066
-1021227464
-1003091754
-986198522
-952497428
-875814565
-879726462
-878120904
-877850943
-875663668
-862589537
-865295036
-834407160
-887984933
-906145274
-950361027
-969011378
-968679862
-980823065
-997382656
-960076916
-961730646
-959567382
-954980564
-970198765
-990260864
-992161964
-995579159
-999560731
-992564672
-995972838
-1006811366
-1006224663
-997387296
-992323571
-1126527734
-1126766799
-1127339727
-1127254800
-1142582245
-1141316126
-1146055685
-1139065408
-1144110100
-1179065265
-1167944573
-1165985937
-1222421991
-1248647726
-1253362844
-1289063174
-1258734040
-1251112485
-1241829635
-1200871095
-1162617600
-1174489330
-1167694658
-1248194010
-1247863341
-1193245212
-1193744302
-1169559530
-1181419900
-1189948493
-1193067996
-1178410478
-1187464822
-1250957106
-1254675776
-1237004776
-1205913972
-1266840522
-1260814416
-1262012661
-1251234973
-1247150072
-1248830649
-1243553805
-1245218723
-1231028515
-1180436712
-1180293044
-1129630382
-1102136358
-1088640546
-1110248734
-1111294510
-1102722137
-1093551451
-1085038156
-1076295149
-1075121139
-1096629013
-1064836768
-1059080973
-1059643029
-1058976754
-1047553630
-1035810794
-1022844545
-1025163549
-1054238765
-1078028694
-1075489620
-1081590063
-1054093451
-1052068593
-1047501196
-1047082124
-1029814309
-1021556282
-1038450530
-1031459528
-1022110568
-1062658871
-1056672534
-1016824536
-1028528210
-985457734
-975952831
-976670450
-965141955
-1027707321
-1023876445
-1016295427
-1029039806
-994822607
-960819486
-977711590
-929780598
-929145569
-931668886
-930626275
-917236506
-899345161
-894482952
-895570989
-954929271
-952424693
-1020511194
-1031307886
-1035454487
-1028300750
-1045075196
-1046269050
-1079748114
-1152865622
-1154270774
-1149915777
-1131000847
-1124656215
-1128253871
-1133102803
-1198208840
-1194503929
-1178413768
-1169770665
-1161693391
-1184927451
-1185908566
-1181851654
-1179666304
-1189223614
-1187092358
-1244651951
-1233947951
-1231130584
-1243682951
-1242500330
-1240649618
-1249228883
-1274379308
-1297550625
-1300514972
-1317158349
-1341449448
-1297677811
-1267266435
-1278304995
-1284157150
-1283794682
-1280117211
-1270689558
-1200205534
-1201588579
-1191484234
-1199302835
-1261939041
-1241278849
-1239105314
-1280427955
-1268620825
-1245039335
-1245326628
-1285038992
-1279256889
-1251027232
-1253621251
-1275528432
-1276237509
-1272936241
-1287941791
-1293057721
-1301513442
-1300995018
-1270122180
-1342647419
-1329383704
-1350736210
-1358590813
-1408987313
-1409606514
-1429243188
-1415526771
-1419079658
-1424286501
-1446854821
-1450127791
-1450175141
-1441255881
-1441661701
-1429879501
-1405068904
-1391914381
-1403320574
-1404959750
-1383902870
-1395970720
-1455347436
-1423302798
-1450222378
-1451128240
-1468451350
-1445286687
-1433269824
-1414465616
-1450964588
-1464000024
-1533921043
-1539326079
-1541642832
-1533146885
-1592460484
-1595318886
-1604355167
-1616018678
-1624231510
-1610523059
-1618401515
-1618371483
-1593949406
-1618339988
-1621848369
-1622163843
-1601656015
-1614963210
-1627923898
-1623297386
-1625912361
-1620570902
-1573309361
-1645236530
-1650461164
-1663287736
-1657772053
-1660581655
-1689216118
-1689109448
-1675579964
-1691531230
-1688249168
-1692843540
-1730254518
-1739027605
-1747791106
-1746687414
-1740927751
-1767764895
-1765688270
-1853050086
-1840349869
-1840903953
-1830298696
-1816799231
-1815152018
-1824101883
-1914780174
-1922671742
-1934039834
-1924613851
-1913135096
-1930947825
-1930789852
-1914453137
-1942236365
-1928711916
-1844468461
-1831372338
-1833325510
-1820638687
-1813954834
-1807775656
-1809578492
-1822897320
-1806445794
-1807848251
-1801967602
-1797316013
-1798379598
-1790281228
-1741381471
-1666698956
-1666939391
-1658778179
-1670534611
-1656056826
-1664915479
-1667007125
-1701673427
-1707346136
-1801123930
-1770263987
-1766035755
-1812081281
-1782902481
-1772725096
-1783784976
-1782699031
-1824418400
-1826949084
-1825166096
-1823914798
-1844518208
-1848950624
-1918047862
-1918574361
-1928104579
-1928300727
-1928493678
-1945078882
-1951223676
-1926140807
-1924586523
-1921648713
-1893247171
-1885760544
-1889438469
-1878012605
-1882394928
-1866226152
-1866471523
-1872870958
-1874911735
-1857957649
-1846349537
-1851898057
-1874478221
-1865186340
-1895756639
-1883384875
-1878378566
-1860415617
-1845594734
-1844217369
-1830849678
-1823345930
-1810424337
-1835284963
-1826335316
-1841040770
-1836475463
-1897684084
-1871666024
-1871427963
-1865051588
-1887830350
-1882135781
-1881909219
-1901647830
-1900459494
-1900948753
-1919602993
-1891390042
-1888912889
-1916126131
-1962132575
-1986401016
-1990460605
-1959173324
-1974534933
-2112984495
-2114732703
-2072407239
-2062120676
-2054824259
-2069837885
-2100395238
-2086801601
-2073232683
-2126863655
2125219413
2128992270
2090247737
2081084413
2084188167
2102244052
2104222000
2094522700
2132940808
2143741202
2065885089
2068823540
2082847321
2083399286
2057894905
2072395496
2074122542
1975904660
2002851991
2012537652
1984011357
1999225508
2020222627
2093401805
2147407756
2129438299
2129786763
2136106791
2139477030
2144360007
2137775680
2136771963
2145419269
2143724011
2140510830
2141205220
2032957805
2047983755
2046858104
2000814237
1971672745
1965904128
1983828009
1975691347
1962877117
1968054918
1903738542
1928592183
1915784794
1885861855
1858798018
1823597625
1790150565
1771418395
1771172847
1809465497
1837291790
1817462216
1848322240
1860314590
1849807413
1888042213
1921134521
1947501613
1947415120
2001024453
1994135870
2028592930
1964653818
1966556516
1965956096
1963514181
2003559262
2069198352
2072714326
2062127332
2078191266
2103737738
2108989201
2078080390
2080687647
2127670358
2138255460
2138841700
2138124057
2142797405
-2130742168
-2117868789
-2121801850
-2139219172
-2130833365
-2122285808
-2117901270
-2118512189
-2120125949
-2122854706
-2114848034
-2112928773
-2115274884
-2110548256
-2112069181
-2109475154
-2103054780
-2108136388
-2122296275
2141833732
2133858099
2136425481
-2130488770
-2063053744
-2068495986
-2068680695
-2058024255
-2058498070
-2080354886
-2088333094
-2106395192
-2090164179
-2099014015
2146631167
-2144553720
-2133347499
2074544899
2107271600
2109083579
2145413338
-2141210291
-2123559498
-2113414448
-2127354615
-2118782593
-2111451748
-2079952280
-2063441132
-2037477242
-2061087081
-2027281149
-2011864822
-1993320376
-1990726015
-1979627190
-1930020690
-1888514987
-1887152337
-1884742472
-1917972034
-1906085841
-1898183605
-1894437711
-1886871561
-1904999877
-1862235062
-1845399569
-1847678193
-1845516138
-1847179550
-1844370488
-1843806915
-1842546271
-1852759460
-1879981080
-1873497001
-1871406700
-1917280711
-1909133870
-1889038069
-1864332678
-1868564245
-1860609877
-1873462330
-1877752143
-1880649568
-1871938625
-1882052370
-1889153001
-1893395686
-1892780712
-1892119796
-1924631257
-1911589456
-1813161946
-1815620706
-1812269313
-1822342433
-1830557013
-1826130360
-1825852178
-1772802856
-1736179802
-1739320120
-1744365857
-1745364298
-1750837100
-1710148182
-1708658803
-1709723577
-1703933050
-1669540156
-1697187474
-1686646442
-1662514867
-1652468791
-1627953649
-1578399043
-1569686685
-1573924742
-1554998843
-1556463606
-1551972048
-1571234511
-1570523781
-1611545605
-1619108125
-1657810038
-1675659254
-1665422427
-1651459777
-1658824476
-1662667784
-1662057220
-1698354287
-1704000265
-1710048649
-1716013076
-1716777531
-1768912684
-1769635515
-1838365718
-1862408701
-1864261691
-1861811646
-1933122285
-1937384885
-1932046021
-1926626168
-1938596659
-1938195944
-1862830461
-1857533986
-1896028254
-1893909477
-1897965943
-1902918351
-1865249869
-1871634840
-1875492693
-1872265954
-1872408375
-1877410099
-1893342555
-1892106784
-1871873590
-1882485305
-1878877788
-1979658484
-1978039613
-2067518917
-2065983985
-2064226044
-2046713765
-2058956078
-2058808109
-2042292010
-2045665007
-2024457668
-2054501692
-2064155035
-2086287616
-2070232928
-2070520459
-2053117841
-2042611496
-2038948540
-2021076033
-2023958328
-2019255890
-2017092471
-2012608192
-1982876865
-1986396159
-1991478914
-1960949626
-1970054943
-2022203935
-2058905822
-2048599557
-2093254703
-2091391222
-2089624674
-2077423863
-2087410185
-2064492870
-2051818918
-2049602660
-2047732638
-2044563824
-2029871089
-2093101627
-2079123233
-2083203324
-2083105611
-2098087776
-2125755828
-2112981264
-2115804351
2140527251
-2145828866
2122304339
2089007152
2101176550
-2133822636
-2121822037
-2122361622
-2117166890
2086124634
2065525835
2035305481
1992881354
1990543228
1968894148
1975896921
1955881630
1938102979
1941887788
1982578767
2000035466
1982784269
1985738430
1974319293
1959956714
1993418474
1993466088
1992440447
1962860179
1948385939
1953866598
1950860500
1885905757
1889859798
1887161628
1894291927
1920433239
1937702756
1950670591
1944844838
1949102714
1945936796
1923424852
1926842204
1937846496
1958629028
1958109370
1945291726
1917670876
1882199858
1881911500
1879131774
1842239255
1820438361
1817161118
1808457441
1802316743
1806553402
1821042360
1793321814
1790943984
1819624423
1729575440
1753517854
1733965424
1700466524
1759066971
1783394806
1793971986
1796952979
1795048098
1789776601
1784278014
1785476319
1814002220
1806662775
1806971882
1803785358
1815266628
1814409274
1730600954
1685433535
1669995721
1691885839
1668873981
1669099715
1672310212
1682589886
1701116928
1714902469
1726479593
1724210753
1760101744
1777296215
1781265529
1859461351
1849423952
1869247472
1872591077
1863795152
1877199872
1906857738
1907368405
1915194169
1934499010
1944871619
1930737562
1934303847
1920482709
1919386123
1923742777
1927610678
1918325501
1832419585
1852588849
1799314327
1785391929
1798239077
1759069480
1731653409
1739971757
1768384266
1786848426
1779513704
1782930947
1813393535
1837985518
1794026317
1832903134
1823160813
1812712832
1817102610
1820436945
1844172725
1813800180
1775690687
1758510345
1757918460
1798417968
1765256348
1765888113
1754297885
1726117994
1715371674
1716354239
1710140881
1679625820
1684460414
1731780596
1731309466
1746515874
1746819741
1780543655
1779347288
1800212423
1847610914
1855434608
1855435899
1859510343
1871204808
1844357993
1821847941
1820500957
1819423472
1837409234
1859959428
1847576857
1847861922
1813337281
1735459098
1736227279
1741567541
1747940069
1751593156
1711449134
1672949665
1673522009
1659965727
1651600387
1646084733
1644835223
1687345447
1641153557
1536608155
1541040046
1496202915
1505721133
1537480515
1553651567
1563062072
1569757438
1571911150
1572152874
1665316642
1672267925
1622066092
1619903413
1594483883
1582625271
1586206549
1588290475
1580561622
1597775931
1585853118
1595144457
1568794228
1517883329
1519090104
1519280173
1488173637
1524663634
1526088365
1497736985
1494480444
1537879989
1537119766
1517298741
1475983911
1461422622
1450387829
1453079616
1432595398
1429709856
1496430833
1517859307
1567984118
1583216496
1577833215
1576693908
1546231720
1543733769
1547653048
1572204571
1580591771
1508508642
1509799782
1456841064
1434259385
1417301949
1380414041
1378142640
1390771260
1369489789
1365700709
1376868053
1385210131
1392783164
1403813712
1405526689
1362995722
1396279169
1414650729
1408804131
1414389238
1414211531
1422434043
1417932828
1427113698
1454436702
1459706714
1448603249
1457680876
1458450794
1472078234
1468947165
1436448703
1429443482
1428588619
1430266700
1442745057
1428745086
1431535148
1469215292
1470472226
1477688602
1480488912
1483015716
1468209953
1493451821
1514565280
1520320249
1522209813
1509520861
1500512871
1500470649
1507555574
1448956323
1410857590
1400236696
1446175710
1452580381
1458204989
1430959847
1410141389
1396838042
1403888967
1399955853
1392543733
1373593178
1393115749
1374767002
1400421933
1356744257
1359804737
1359751058
1355926306
1356943803
1356951318
1357913825
1340223172
1306430985
1304979668
1248078960
1222424357
1119413052
1123879547
1171429623
1151154838
1160937325
1186720637
1182846045
1181882669
1166108884
1139873817
1140753366
1108802354
1114138430
1114922615
1114689089
1102447289
1095151371
1105883267
1198812159
1189832802
1187111603
1173961186
1142149485
1115992773
1115877727
1123380789
1121124343
1111506077
1112492849
1108988126
1100361806
1110188290
1104976255
1089903159
1083717192
1085643052
1098690771
1150468461
1198665857
1212778960
1135057960
1135863586
1150444047
1113997634
1115488142
1122446401
1089394255
1096602161
1038919521
1051908506
1065264431
1066276003
1018037232
1017712665
1026794643
1034765309
1037387099
1027933869
1012882121
1019497791
1027153101
1009495175
993092530
988525994
969229455
954115887
899706364
934391272
930163374
952286667
960272874
928285782
960978304
969439913
965156601
965620191
1018011803
1038790323
1015498286
1019366266
1037413624
1045209487
1044759308
1009884287
989754263
996976176
1058901743
1037132975
1045582775
1064047680
1035202207
1058001734
1065477178
1051561014
1061677364
1100087232
1144800440
1150511136
1129175821
1137263926
1140941002
1094601617
1042112526
1036259851
1070302283
1066598152
1087634452
1102737356
1101962911
1044110072
1065750609
1080979672
1083201297
1063022415
1071837156
1062056701
1054656790
1064369209
1058639321
1047987765
1061794637
1047065223
1047750778
1010701275
964808622
966722564
964198291
974893407
941936717
933631826
928713700
921620375
855208041
850244919
803710047
809891467
763466731
767492743
759657615
767488610
703299984
705070177
669542275
626397789
651093310
668693298
666680911
680687587
680351009
690389293
690584399
695280279
662120063
663391918
648809490
656744750
654846885
652828422
682019695
700244069
700386072
698896492
702951465
742132594
844674263
854102852
857416908
807462638
740351520
741860036
740504646
757390429
756188981
762609548
744026356
735387058
733542059
777010096
759183730
759914575
764900252
778206234
787134870
799138075
715931664
717663988
731712492
746179108
745583531
745337559
735196910
712743879
737237446
744706759
752867830
742647300
749366992
785290690
783314095
776676807
769076039
776756782
696421685
699430333
661725637
676180949
687410585
715698568
720534250
735846488
748742090
755535029
757747475
776051722
769920239
782946952
806209663
909583230
911036289
919032866
919002755
916131091
897015410
837708609
806096569
802319402
830178053
830457872
833821576
746404855
787162670
786966834
788563770
787519452
741463955
757814109
758396677
789203789
834951511
838728587
835955898
827926424
858701845
856301147
857348710
745543350
749735975
757594811
741838620
761243209
759977243
778993787
770246219
799333522
840813830
858882988
865863446
889610356
861894070
868440063
833881081
836985115
837440192
803300478
785916287
776046308
781718383
796932382
828351299
831280232
831172904
807279415
806277334
812244268
808659347
803044498
796871562
748678824
744535809
746156576
727273533
631790091
578748998
555809296
433894734
436627415
436290245
416639320
473050691
410036119
354529975
347679952
359428618
359103483
346903986
346840483
350045158
306967757
311296082
310306917
305106546
320786925
317451678
287877012
286739566
263343406
233923226
231067329
205587911
206817765
213704872
213978809
225015803
195779650
203696008
219760758
223115634
114045955
104877178
109940363
119122982
93206256
104606176
98148576
96356323
73854834
86801208
93181912
99239548
100988148
118039156
111939630
109812349
110440140
110055748
119880754
177415415
157248252
181235294
107801098
139058574
138539742
182822513
180321851
193830571
212795210
132086979
133575000
107828086
80714087
100438868
101585140
102640571
79146976
77890882
72816395
77674644
91428305
109617897
87903308
95810132
97263423
97433244
92876899
44701922
58746205
31960321
83011152
81381389
81957416
84375208
81964190
66379122
73150031
3405475
14926006
49692753
89663280
88308272
81732960
88327321
92891564
96743886
110078062
111707564
114791889
135419773
151169150
149191324
157624132
170442320
156661177
236332056
184968215
193670643
182285469
187663783
192406477
195119673
99823241
93983947
100238409
100823194
101766784
118379228
150700065
198468370
237912071
236828960
289816136
286915008
236564983
203783247
170331715
130914808
169330103
167940976
132249019
100749211
110948524
117698555
134670700
118547182
122753024
129866038
135746678
113511921
121415451
111886572
182755519
122107115
-5273961
-6747140
-8802708
32060001
6981710
8647581
2634860
-79920141
-66342399
-61536717
-77700021
-116523624
-103997571
-44994291
-24061052
-25284859
-22948481
-20854663
-14306573
-31330285
-28505825
-12508250
-12306443
-8462326
-9179776
-10052297
-10477740
-33865376
-57288271
-89432118
-96665051
-131090771
-198852106
-201250084
-189268242
-253753941
-257504996
-247446994
-312381237
-349654980
-357051052
-384001019
-383747509
-488174248
-544790448
-541292615
-455914020
-471655758
-495698086
-448167942
-453824840
-454627500
-453616399
-446213342
-423422560
-423045110
-448502222
-430003373
-439852080
-437292591
-434867287
-432108338
-432259859
-474585406
-501199889
-474969985
-470131209
-468368174
-468441816
-489029716
-492746461
-449948106
-452295273
-513815946
-515539836
-517377850
-510975669
-480654078
-482791787
-483553880
-483984611
-499034202
-490747080
-486454257
-482758508
-484465237
-479716856
-456832860
-539883112
-546644728
-526723820
-525927222
-526386464
-588907108
-584066407
-541937017
-530254379
-529144458
-505425462
-495024626
-480830460
-473656671
-471761196
-464887485
-474264238
-458792244
-462617135
-442813110
-518114759
-621414172
-628194959
-628362167
-630540569
-568301623
-582673571
-571926840
-607305907
-595220787
-582621335
-573228905
-573054304
-597364798
-596201146
-624196402
-628181257
-722295429
-732557073
-732503810
-731853690
-734213782
-715150837
-702238107
-716086986
-751373558
-794473315
-792792750
-764677357
-766042163
-828083295
-808824842
-810207840
-811969591
-820742091
-782593811
-791223676
-774329764
-767460072
-831980102
-827481570
-795478886
-792691355
-776203902
-812872144
-811693179
-821341031
-805731495
-822468608
-814313846
-802316720
-832731472
-845144184
-838130953
-832464300
-847885293
-841696787
-830276964
-810638315
-783979204
-784033347
-771980957
-759505347
-769622934
-766343549
-783433914
-780604319
-801234965
-743307238
-737146830
-743805856
-739471211
-729838919
-770558715
-770277902
-810076357
-819608708
-730926218
-729494346
-724738135
-708553967
-707712839
-697502305
-697432432
-727973495
-753321175
-756633887
-757369024
-746054425
-715653925
-656832164
-659089734
-620651066
-625360114
-609768101
-618817928
-616266817
-570870321
-584359834
-571360203
-580601470
-591376613
-594177681
-595314011
-628414083
-615832344
-602050495
-559778480
-543308330
-522792490
-517963575
-524227399
-471081151
-519436582
-508525701
-501937173
-486415746
-487094454
-481250632
-421571219
-412597075
-409458450
-410096853
-412368807
-403028804
-426005825
-431340305
-435748667
-449378454
-439868573
-436861919
-431735950
-431773097
-433057925
-448571501
-458397648
-458395843
-443390909
-441516082
-441247609
-377175651
-355658689
-335541236
-335857386
-330609631
-327758717
-342231014
-319987172
-322582565
-295413668
-277566488
-255686311
-272794169
-273546881
-271922769
-273487017
-259418323
-263055764
-260397671
-235149203
-230636932
-209934380
-202104232
-195286173
-184844278
-171529201
-177272562
-179062614
-204568928
-208895514
-240469355
-237129850
-215398631
-190675657
-185610455
-198879799
-187583966
-191249423
-203279410
-200614213
-224415394
-225289031
-217751324
-218651719
-219478619
-218720166
-203799582
-180225541
-185628729
-252562694
-251748073
-250077085
-253825395
-221478461
-209765595
-200332598
-184948436
-226736683
-294098884
-307673314
-344807713
-340920595
-353474035
-325621693
-401760604
-417804265
-420041988
-487632983
-481232567
-454908454
-444192428
-474361061
-482564530
-510291450
-602029218
-605666938
-653452980
-651419561
-606897283
-691171255
-735402534
-723200791
-705986426
-719969977
-786256020
-774749153
-773669438
-725174732
-725590089
-714576183
-712479766
-713333460
-712171429
-745618333
-772045109
-762990097
-767911957
-766090201
-749917971
-753518894
-752097525
-767564931
-731492356
-782296538
-794416976
-794358836
-767556829
-768819152
-762675231
-765660324
-742481833
-741735208
-774973806
-737339455
-750615561
-750304763
-698782385
-691537139
-692002630
-679184118
-684280748
-667735622
-703061668
-711611717
-714673052
-710824262
-711961544
-706618146
-779098421
-844983918
-844664420
-834355178
-832571609
-832863347
-842506713
-834512107
-863746309
-857830766
-854088707
-815429614
-820165057
-818055783
-822000339
-815980002
-814956643
-816733955
-796232471
-820410987
-820486627
-833550971
-822025699
-841589018
-855791167
-830931341
-786450293
-789347492
-780085223
-748596064
-706133525
-715992032
-721215528
-693548478
-702166464
-711098573
-710202057
-727657895
-732850442
-733515345
-732875955
-718230215
-733004764
-743243683
-744068343
-747345769
-698968083
-652218669
-639479883
-673866227
-678394957
-595655523
-635432266
-639800326
-635645925
-634559013
-634620158
-620861229
-610952357
-622414019
-612967356
-658711303
-660247887
-665780495
-718386055
-759145170
-763116499
-764753450
-751201256
-750765086
-793489624
-793217240
-768695156
-750538210
-755760201
-748516279
-748386914
-790589567
-801704830
-810477401
-810152617
-779335202
-783986026
-785703106
-775504502
-793167761
-747637280
-742436766
-699565897
-729778144
-729270330
-798786421
-797521014
-811930124
-824118981
-843074748
-891658345
-958655848
-984325775
-972464666
-977612775
-979117946
-977280849
-970972217
-970998573
-923418560
-1004925491
-1019000298
-1020750474
-1042887742
-1046357578
-1043980378
-1030382486
-1038795421
-1086104927
-1108377446
-1143655343
-1143219187
-1118292459
-1110705000
-1158668708
-1156500206
-1158823729
-1157574078
-1158014736
-1158974576
-1154646528
-1150380059
-1127615633
-1084204324
-1074940151
-1065492976
-1017537416
-1020693258
-1024812696
-1022243496
-1020126205
-1013677211
-966094601
-966967260
-974092982
-954646707
-997297294
-1011723805
-1031079352
-1044980320
-1032669661
-1029448218
-1025919665
-1026682199
-1011638465
-975978703
-981743995
-1000600138
-1008753536
-1000595481
-1015603020
-1003916920
-989426012
-979075111
-976148921
-1075700991
-1093965668
-1089314295
-1111338646
-1147274097
-1153816059
-1130271599
-1210176373
-1183706657
-1201056529
-1202233863
-1208627275
-1211412077
-1199302958
-1174441237
-1159693596
-1176741357
-1240315432
-1170236563
-1161241580
-1159120203
-1148018757
-1155042837
-1134426366
-1096876503
-1095435920
-1093103091
-1079103574
-1082459556
-1095548252
-1104135799
-1080563353
-1064359446
-1101662381
-1042968052
-1022896526
-1023355815
-1006440664
-982300055
-982430221
-988653402
-1078364155
-1119535351
-1086142815
-1118260171
-1111621961
-1113123200
-1191762093
-1185375846
-1184363306
-1167801573
-1156030157
-1155043459
-1159098100
-1164924657
-1164203042
-1129375729
-1112853914
-1107168407
-1077823954
-1058935650
-1063638051
-1056568671
-1047074977
-1078008830
-1085762967
-1091306448
-1086021311
-1082527436
-1081022217
-1080384635
-1061711042
-1049689022
-1040457964
-1068723051
-1073793766
-1067792563
-1052345724
-1050560111
-1056419347
-1043800497
-1060309447
-1085310486
-1089428616
-1084059031
-1147799143
-1180532305
-1195048052
-1185371064
-1183733489
-1185126106
-1165354546
-1258075616
-1246197736
-1268167045
-1265628869
-1287891350
-1367552391
-1371033972
-1370226190
-1372348627
-1380331778
-1343743430
-1351021925
-1309294130
-1309610582
-1311855594
-1318577117
-1379602719
-1384625060
-1392094759
-1422512691
-1408864673
-1412325862
-1407457497
-1406766783
-1387234103
-1370384378
-1371229387
-1437777580
-1432136435
-1427991455
-1428688323
-1433249520
-1443843407
-1443246911
-1436818129
-1433557935
-1382208445
-1378752776
-1384779344
-1378778219
-1382661910
-1450552166
-1438485006
-1433566032
-1433500376
-1430490391
-1424198347
-1480040432
-1458580336
-1459712691
-1458717968
-1478735527
-1524518208
-1553138453
-1547010416
-1562269208
-1562802183
-1586137235
-1558151462
-1560746703
-1535340399
-1555014485
-1594229518
-1607068848
-1596789381
-1592548294
-1602637548
-1610386294
-1609308016
-1611634630
-1672076123
-1683190964
-1635255940
-1627056232
-1619816155
-1625161289
-1623859496
-1632052405
-1644628589
-1639050526
-1656925713
-1685837098
-1663378311
-1713100798
-1751007030
-1749669896
-1741182497
-1732658300
-1725809624
-1738917930
-1747538429
-1750526920
-1751944676
-1820555057
-1821703622
-1829962857
-1838766153
-1853769457
-1856054043
-1873681410
-1861426655
-1859817246
-1861255061
-1860884482
-1861640465
-1872088962
-1887067344
-1946405986
-1945879702
-1939114384
-1940865816
-1948922980
-1937656564
-1932197261
-1940036000
-1975122481
-1946775034
-1942612415
-2003756326
-2047942425
-2048061180
-2064990600
-2119802710
2110308312
2111666444
2123300806
2123412231
2087237950
2094473291
2067386577
2041014047
2040725303
2070085276
2068037283
1998688561
2044227852
2075589101
2088400610
2077177948
2055411598
2083094681
2050871147
2021835912
2031954230
2032114394
1966225789
1965697513
1913597831
1915333303
1915082392
1907138688
1906878389
1905317105
1903465386
1903852354
1913043627
1853290262
1858326192
1866599065
1877000688
1882210593
1888682419
1872585732
1878854668
1877931312
1878988216
1860379483
1857660669
1852475755
1851622717
1809798572
1758455986
1759973389
1760811302
1760550190
1757811873
1816419579
1824554877
1832958828
1809247975
1820079458
1857756816
1858000426
1852171647
1824066551
1822826584
1822335139
1803056985
1802950843
1846425262
1847869636
1849044032
1844108982
1817664128
1823961758
1846267465
1878115614
1877149210
1872959677
1894758930
1932849155
1920609851
1924107516
1922236004
1902662147
1863109987
1864491067
1862155725
1862753642
1841642789
1843506040
1834633105
1837099677
1822580042
1811511221
1822048932
1826548026
1837886516
1850488200
1834539606
1828029665
1833093921
1840685640
1833029792
1832733815
1833544840
1842260162
1849109959
1845787058
1865062866
1868130731
1871953985
1812982560
1833108825
1830164858
1786444900
1713554852
1735930496
1633170683
1650638168
1610957862
1609650208
1613337921
1617157008
1592095338
1602294127
1604569117
1538107383
1534796987
1536614091
1540711862
1519005575
1503978215
1513515262
1515011604
1505990146
1509497685
1505457074
1490168316
1486787997
1446743989
1452337041
1434299807
1382563521
1416115444
1475012798
1451012953
1470063121
1455234268
1445313195
1406263955
1413445872
1440333578
1461380100
1471404422
1470224770
1463254156
1465431227
1453294730
1407840139
1420330643
1423942174
1432727287
1410903306
1376744558
1367079651
1376805760
1367489226
1349158689
1354653342
1350336634
1347364010
1345754688
1342208422
1358392409
1388714648
1380420706
1404763479
1449408504
1387511473
1380553633
1383428842
1385643576
1368044496
1367255730
1355170545
1377902246
1382417466
1379076356
1394899365
1390464915
1413074698
1416320201
1423869449
1426086758
1426054197
1418816689
1424254070
1431367527
1427061178
1425028523
1453009904
1457374602
1463620177
1466775623
1478823506
1485970690
1497977475
1497402860
1433317455
1451960173
1453060608
1455776486
1364476240
1382787643
1370241504
1332800378
1334648263
1326672452
1325908642
1319719420
1351620687
1301552756
1310364236
1314549809
1339624783
1358524695
1346619676
1356073379
1383626383
1378363061
1374437244
1425042173
1428224537
1420390475
1439509038
1375317124
1376255560
1282357235
1282815847
1306370911
1307291716
1314895854
1278526161
1286282899
1281749726
1280827045
1280865553
1274672176
1270160953
1264765744
1264179149
1238963716
1197320810
1201555382
1202401758
1163951653
1164929623
1163279328
1167070849
1149414847
1134150177
1125551424
1125609483
1136814461
1145067025
1144719088
1142050915
1146800900
1139503242
1162931968
1138825616
1136996546
1143107569
1125142890
1117946320
1135020929
1136878783
1140933579
1193628776
1187519545
1224477863
1184032662
1188160930
1203146941
1219096919
1222037827
1230625055
1240504408
1244044420
1248549143
1252965848
1253640968
1250273570
1248615523
1248244718
1250305645
1257045173
1257350727
1283438546
1291866174
1293934984
1231637077
1207425689
1208406889
1189865153
1164024864
1191089486
1206097212
1211296516
1224374214
1242857706
1257021678
1261481470
1223574924
1224105023
1232364192
1228865018
1231939114
1230209269
1223308038
1200838860
1198163975
1216986050
1212016861
1168184327
1162214887
1162335634
1163942850
1103831473
1163832083
1163432521
1139951241
1151571685
1129745110
1124819576
1132481659
1128816502
1145428409
1130583690
1131013809
1156064915
1135872365
1126871081
1075278391
1092061420
1092019828
1092170656
1018354155
1029558141
1050566452
1067215572
1106012484
1073581738
1037506215
1064024447
1033119870
1051622801
1025261110
1061224958
1038199240
1006628926
1033774307
1035398973
1045606890
1045901011
1060357539
1099257347
1099077039
1085359177
1086866026
1092896769
1089256583
1112874196
1127200012
1125340150
1097365802
1097436593
1221243728
1148739281
1078987234
1020348066
1019772457
1044337870
1044575660
1047301141
1050773375
943175570
944885604
944859301
942788312
908254457
866779400
863756155
865966054
951497025
951401964
922487277
936996945
990625069
894966298
816771718
811586835
815260499
801695296
802674150
806049148
761205202
753304940
758126585
759347972
761476969
757323105
678072387
643074983
640354251
626532475
624996766
697614971
705768709
717080356
726785302
762337973
764706050
765490219
774688061
799631993
791932558
712960194
768784609
777672363
764964539
762034692
825825383
791539952
785401759
784894323
798691822
840502555
823885167
835906806
839549090
821244027
829424805
871572688
844861334
858063902
859430821
810157394
809696416
812367362
812715976
811101825
774644195
692483813
691762756
709965231
700162057
731239035
727542460
753970280
755368681
764629648
750903789
710828930
645285060
686013140
692491156
683871808
700095709
712576189
718660354
710399940
715783283
732399769
735031970
715487806
730376566
731409992
757578134
717808357
713881611
685131134
711909355
711928631
750438211
751594456
756845450
705200490
717703695
718236701
712370353
715342343
715488477
728716063
736984084
790733398
782395529
730861073
758273494
753997015
768931440
788394672
784362105
790131151
789591878
765783753
779034694
794770028
777746863
803611682
807795406
878493753
884954514
885910298
906779771
917996844
900341927
902663757
882460915
827655900
877338883
909655464
924090022
911915310
923540276
928780123
915099336
890943579
900882660
927175856
907957629
832106867
820715224
854993361
823535267
723361190
714322277
677839707
692702347
693608210
651742340
650974414
686293783
685900458
603973310
612275524
595134472
600274842
614407711
620276749
645563350
646361909
649134761
632497424
634934741
635499432
626785495
631899025
642979666
718825329
725607184
726002818
711281957
623644526
597543164
602091135
606343496
620977617
627876738
630616074
577862060
585576379
596943078
602637928
601856907
663166639
664586047
661201409
667680006
665435101
658847448
662106759
650387965
683109245
686356990
689220578
714830425
748537090
730423425
736570267
704336787
701519409
726216154
775642654
775131565
824748305
826018588
801431667
817890683
810833210
848203897
855835169
855124944
856486099
853515137
818070132
817630896
808579506
806090330
817181225
812911252
821446171
851752454
840368900
845776442
841044004
846519774
792947231
781802154
758504222
722751266
717874005
747985715
746217003
698104999
687771688
703133141
771045867
768372098
817738312
812261445
817920915
815797518
795633090
780109710
772717401
762185365
701092020
714691823
748806406
678994272
688002483
662778832
723347469
743854294
760809732
734009351
740178790
739818290
726656245
706590034
687843648
698189812
718003255
674457144
615493402
608243628
618378142
619099342
615667473
612160958
617239346
607998616
628155015
641106175
642608809
655181859
668639581
663261964
668297395
643041792
641260489
611012883
624187030
656102811
640846065
637997695
632470902
618372146
675299383
687173794
697687293
669698634
661255653
661601490
662335437
658223563
648293675
650601509
663548432
652586089
653089524
665668344
677121191
671682016
659059025
627144468
642342241
646644430
647528767
647903292
664030401
639435158
626221841
588799118
535335311
506832212
511267134
511135664
490565395
512110545
472648344
466915277
454120901
448494661
448839554
469794571
454766077
436150701
425525838
422818760
425031992
437179765
435017892
488661127
475760751
514248437
518284503
508420563
508218279
513693722
430504109
430721863
413843036
421113033
426069565
447789499
429513481
373538069
397956235
396419186
418295995
409546537
375533665
312010086
326108331
327900935
324425247
304623850
319560432
317972615
322661406
314790125
317162824
330847697
339908389
338841009
291482074
286100305
263646587
250684500
256869104
250659501
223338626
262440402
270099666
250334002
250976867
258701725
278613259
286829450
287938312
287829949
288392980
273764192
288553363
233626354
278413090
227181300
258027795
248113189
248157625
262336187
283841799
288139763
295106246
260228360
318098181
326207479
329104939
342694218
354000275
371761196
367911736
347679324
330582611
381336828
437164529
359693047
368269773
363558093
365605564
363169070
362549207
378072596
380380719
353114190
295703558
294532185
288893175
276232348
278338647
295567400
297221840
296707454
282481341
259636619
263652821
226613881
253696078
238324563
259715704
254961349
266945571
277503382
289996226
329679814
302589699
304838357
300950599
277680708
274227208
288581337
275823777
305181651
248093651
252095139
222971800
219261776
281748667
277178310
272581569
278742355
276884106
300637079
325163261
332881330
342728924
342529875
308037799
299223791
294003939
290084177
271391810
257516811
232861161
127460184
97245100
97208558
10992434
-23107266
-25020916
-77577986
-76932022
-73768167
-70942211
-75857485
-98195318
-98368645
-77272757
-62411377
-129148170
-188819815
-178362830
-168219885
-168589175
-168207209
-165506716
-180763563
-158301687
-156325597
-137705909
-138862257
-199769157
-197501519
-170362233
-151324511
-151904080
-163521019
-152479752
-129855379
-134759761
-127401950
-197081510
-187646229
-180977220
-156981062
-193091327
-201308501
-192018108
-194051401
-183320691
-166660038
-164745287
-145870784
-110686866
-109892612
-7416549
-32867624
-32333179
-44564746
-53202020
-52168239
-55306565
-46209544
-17541739
-26046765
-27299429
-26288249
-36765554
-15331954
4204103
8104843
25573399
6348950
7290967
5164992
18172197
-9234426
-11660056
-32974725
-24845061
-52332648
-47441862
-65005581
-48400480
-73391911
-73858628
-57594415
-90529560
-69828529
-64388690
-51276018
-172944674
-183537340
-168985851
-173219635
-173487726
-183014924
-189778387
-190862629
-198429472
-210738662
-200996500
-223435767
-312398858
-344513891
-353930714
-335699248
-346992409
-441104811
-432932400
-447144765
-454888663
-492536358
-519534333
-504741399
-490322438
-473315841
-479446724
-464194651
-453104105
-522114779
-534187203
-535583859
-448017049
-449237444
-455985281
-491690319
-461711655
-440712480
-444176211
-517168162
-522180367
-511079457
-538449761
-614081779
-619189501
-576282261
-537508736
-579411822
-538798182
-538121719
-537430248
-458573526
-437437878
-499613790
-554199787
-548928967
-542705379
-609194998
-611233563
-592997023
-650745486
-593070030
-600804667
-603802055
-593665367
-588622752
-516821367
-509878462
-529482104
-528336617
-528394078
-530577208
-527299050
-526410347
-573765477
-571755717
-584282492
-563636026
-589663826
-585015823
-558245693
-592651634
-588116341
-583696524
-595423040
-609376854
-616402912
-651399806
-658074628
-699447575
-701812320
-707343766
-713728965
-700298478
-694203533
-659812750
-645461708
-650177875
-632518036
-721255911
-720554602
-721411962
-721747272
-638343582
-627321898
-611087781
-601565318
-591492373
-593629960
-594042435
-704833457
-735055187
-718949462
-739190931
-718115046
-702664051
-718305574
-712904354
-763653920
-760474981
-742984775
-750273012
-760414239
-757242314
-767529960
-727507309
-725584568
-680710412
-718271028
-706398825
-710372391
-707193624
-685040853
-687451260
-632302348
-611170574
-563169093
-520955422
-500667216
-479088597
-474601661
-436452365
-512937364
-480838788
-477246204
-476901493
-525004308
-494193576
-490877289
-419679896
-418761873
-433754175
-461757127
-471300757
-505679325
-540421878
-545654398
-545770680
-538185661
-541407650
-504499509
-544049053
-543525299
-548655191
-597027559
-566061732
-551760171
-551032080
-550410153
-543089727
-536577620
-567333357
-622313549
-613979399
-659024984
-649767292
-649892711
-646127733
-645796660
-645686685
-645618768
-646552667
-642999786
-639941391
-646812105
-670497799
-671383358
-674798832
-671950992
-701639898
-681094496
-699396746
-677894765
-656951318
-622021081
-660041963
-659908777
-669422562
-660289276
-659879476
-652028631
-642990762
-686768522
-689020396
-719573876
-723480298
-717115772
-713860769
-667641872
-660625243
-746961329
-747098178
-734260527
-733345897
-729302339
-733083984
-701725265
-701607078
-674236030
-719626479
-749188838
-759685631
-677980329
-677622882
-678073083
-657785403
-663499865
-633597269
-680825361
-763349149
-796390308
-797276211
-792265862
-792510091
-780780947
-722092812
-717903612
-717482169
-738651121
-741407187
-804116828
-803709312
-810452770
-801152302
-798791041
-810862920
-797428657
-780236136
-780857714
-770027031
-771089699
-774325390
-761446636
-781733289
-747535528
-722078929
-724357620
-731745710
-759249999
-754298118
-755131007
-829157407
-800073523
-809359399
-856653678
-837362547
-836562183
-825557047
-805128715
-838813638
-834654191
-836190708
-844878418
-842284668
-846905060
-847930766
-842277077
-840897803
-842805453
-885310612
-884608587
-877681909
-872728977
-877317174
-908945164
-883767700
-880545297
-936399870
-962536703
-967989361
-951145740
-935112643
-945773933
-935890360
-963439076
-965060667
-1040966022
-1087605528
-1084083154
-1038121824
-1025444631
-1025872889
-1013002902
-1006153913
-1005366655
-1003682997
-1004168129
-1064172463
-1062827825
-1076039721
-1075707146
-1101030762
-1104892914
-1067012707
-1066755561
-1056096998
-1105767726
-1064666555
