23997823
-60822522
-53681661
-55690640
-31163643
-35787954
-45621377
-27602745
-6569383
-11396741
-20651468
21805404
16718004
79584074
32711018
15762522
20365110
16535131
-15024103
-25426775
-5780450
-12690844
-61422077
-128370429
-127273778
-167580009
-163011971
-124680847
-134676173
-150419403
-110862942
-119479912
-150472450
-149429120
-207459463
-212418399
-287330522
-284079188
-280001365
-276678649
-259889448
-137133502
-136830670
-146207273
-148612980
-150625809
-132316323
-140509689
-156387847
-159250634
-158399679
-153585816
-153839631
-150750933
-149003101
-153937836
-184010891
-232327462
-300336443
-292202002
-301346491
-304097896
-295023933
-295983261
-368736755
-352898986
-350312949
-298727794
-295736564
-300508748
-301308916
-332144331
-335578275
-382045636
-361885658
-364251560
-398700322
-371432773
-364542800
-339276724
-345420828
-349833085
-314430139
-317999952
-312273051
-222628925
-188791390
-186667093
-189630087
-190390962
-188699877
-184931165
-175186679
-178001023
-176567427
-177575969
-169607641
-172270808
-162745320
-172314135
-192054291
-319297288
-276024422
-279250739
-280841808
-323430297
-300254574
-327881067
-320291051
-356716574
-398027980
-419018448
-499486396
-495710865
-481638948
-461366605
-482447077
-488475522
-490511384
-492105700
-548802057
-503871839
-549809743
-552909568
-554682409
-580545537
-572517299
-549731087
-538252230
-523223090
-581132617
-609154293
-598692003
-608668201
-614138238
-638427953
-637324855
-660964353
-715164748
-687294264
-720214928
-816682525
-740554908
-742294761
-709001487
-734863592
-751838016
-756990833
-741904141
-752358379
-770228058
-770229787
-760436108
-767678080
-871874597
-875820926
-875858335
-876757835
-879056089
-901653310
-879282448
-928163155
-894046422
-882120274
-830143853
-829536850
-875345633
-888506871
-889311044
-888709834
-883399448
-874677394
-873515018
-875668625
-869023083
-926506855
-936342575
-972568651
-988103330
-907354827
-938887437
-931971194
-930990491
-877537480
-874939533
-887053832
-895463076
-874094317
-866481594
-897306284
-900745933
-963211001
-968007575
-971456305
-969295716
-960080170
-959415920
-959679417
-951552312
-956957586
-949103813
-947709084
-945192216
-986191525
-1010871682
-969795386
-962042416
-961328558
-959025287
-959153517
-956791038
-1000115293
-1013325336
-1032503720
-1031166740
-1108220489
-1098108251
-1093095308
-1100244009
-1093475712
-1062575299
-1063174762
-1105071481
-1112192288
-1115329976
-1097556496
-1085806763
-1049322505
-1017204050
-1013354798
-1017164064
-1025594200
-979319261
-913117465
-962823944
-978443207
-945181241
-927907354
-970305969
-959266046
-960311227
-987529895
-1027535921
-1021111747
-1030660393
-1004309723
-1005091224
-916920881
-927033471
-906703482
-915995404
-915845457
-936687190
-970173340
-984182723
-981686674
-970530272
-1017757429
-1052097093
-1031397905
-1042702261
-1044091946
-1042415389
-1030091737
-1131436998
-1129967765
-1127673762
-1133729063
-1129937953
-1175152317
-1133750369
-1138708148
-1140052277
-1167274294
-1162757426
-1160728717
-1146654590
-1145767993
-1147477199
-1150123921
-1167593597
-1118701721
-1125602006
-1123220260
-1123852743
-1121559860
-1126888332
-1125735540
-1111892377
-1118040684
-1091735916
-1088052620
-1074742450
-1064920268
-1056537265
-1065314980
-1053821941
-1028335517
-1022591549
-1024802088
-1024725311
-1055064495
-1048662385
-1034779649
-1125809661
-1125584282
-1122630742
-1112953335
-1056645681
-1026883519
-1033688831
-1031240686
-1024762709
-1070554351
-1060802088
-1056012481
-1042898546
-1039698591
-1040030940
-998989140
-997163878
-996794592
-1001494520
-987780146
-899850771
-888271180
-890472892
-968008404
-950421736
-920906273
-879349752
-880303647
-893810667
-892522973
-896145991
-904293564
-931303471
-931437377
-945488642
-926369135
-935179558
-929156858
-892757078
-938489687
-917003880
-925085056
-900101259
-867028847
-846063284
-866112790
-899445386
-912160142
-894628558
-858033514
-875187038
-851434467
-894582722
-921825447
-949189191
-946780734
-1045448973
-1024353535
-1034028932
-1059018947
-1076637658
-1073215482
-1077686784
-1080043286
-1076710301
-1074519465
-1070083191
-1058369468
-1066776023
-1061329840
-1093099507
-1092817352
-1111727682
-1110214091
-1202718110
-1174372635
-1209432994
-1201129976
-1223205134
-1226730386
-1203661829
-1205688479
-1177504051
-1166291201
-1157389963
-1168915985
-1170507059
-1155157938
-1205667071
-1205150224
-1192216611
-1181375947
-1191115303
-1211509833
-1211497195
-1247637105
-1255181009
-1260952895
-1268161218
-1265696468
-1263504233
-1265091045
-1217085499
-1210850122
-1211508528
-1202535763
-1203811491
-1218996893
-1200745896
-1171131344
-1174351928
-1177077347
-1152897242
-1232214399
-1201939880
-1183970913
-1171078538
-1172374359
-1161126525
-1149762345
-1182502827
-1214558659
-1217489262
-1211399654
-1208866663
-1179784050
-1202458784
-1224262429
-1230704790
-1263589553
-1288857044
-1283077076
-1273781807
-1319203128
-1318102031
-1293714364
-1322361153
-1315248488
-1312181392
-1314073654
-1302500927
-1297588785
-1290563071
-1276783932
-1302671436
-1259914578
-1261724628
-1260729732
-1238191409
-1239599237
-1240667766
-1243170810
-1203242995
-1228296405
-1356898122
-1354715595
-1360384374
-1399393010
-1408347897
-1414737184
-1392752282
-1391582546
-1394995291
-1386939262
-1400485316
-1403306696
-1408993889
-1368181822
-1384414136
-1399577621
-1403036709
-1402233306
-1404019524
-1390263193
-1469550653
-1455543482
-1455873637
-1466899176
-1482425719
-1466952364
-1438095638
-1449136722
-1434236973
-1425812751
-1431528244
-1458720523
-1458986516
-1470986608
-1475647524
-1471143833
-1481767583
-1497631210
-1482741562
-1533512753
-1614008147
-1603000227
-1594798384
-1604983980
-1593334360
-1569304218
-1560336854
-1552132774
-1557066235
-1566983496
-1615698154
-1627088952
-1694251336
-1714116037
-1754698238
-1742425083
-1754934480
-1747520112
-1743151033
-1720664394
-1724363016
-1732856499
-1732890629
-1750585657
-1775709397
-1754769585
-1801418648
-1804915726
-1826216669
-1914986484
-1923666285
-1927510140
-1950510234
-1932588570
-1931093294
-1934856574
-1938739567
-1926112245
-1903299070
-1902309467
-1885883672
-1838980275
-1878957262
-1899363694
-1894580990
-1910523615
-1912020609
-1906555174
-1962781504
-1952761018
-1963171149
-1950822910
-1949966790
-1945994281
-1941008449
-1941350728
-1941851022
-1936981343
-1943718306
-1943968370
-1937340171
-1945141706
-1971392288
-1970818444
-1966659687
-1936323646
-1908623087
-1882507873
-1894749049
-1897144144
-1893064834
-1913858752
-1916767602
-1893315002
-1899414169
-1897815478
-1880419668
-1891537739
-1893280874
-1897583943
-1907236884
-1893337603
-1891767543
-1894811508
-1943682152
-1938691639
-1923183455
-1924317627
-1924043858
-1961057948
-1951451347
-1928192542
-1948520613
-1957459550
-1962457601
-1939013875
-1933765444
-1917848807
-1935229528
-1931498308
-1925149799
-1919262492
-1911612818
-1933850581
-1957121072
-1954987166
-1955380848
-1964593075
-1965601202
-1963043790
-1974261301
-2001349742
-2029297090
-1963130463
-1939916914
-1922952905
-1926269712
-1924507419
-1915243940
-1913610005
-1939080158
-2023911318
-2023304398
-2031044303
-2097198895
-2106346913
-2108314645
-2098918240
2099087236
2101576762
2084028551
2042558534
2067586497
2039979464
2047161429
2052000330
1969034589
1976516594
1925452004
1885392014
1914766908
1922201072
1908571279
1907827449
1907100515
1878866448
1857953722
1868613461
1857797253
1838648745
1850902064
1859847640
1857539777
1886519005
1876750923
1810527767
1807502060
1816314048
1856389427
1857062538
1862494433
1831937120
1760841983
1761446639
1730369967
1735438223
1745081733
1684696906
1675099064
1671736967
1655925054
1709191948
1706465424
1705072148
1692619864
1673990850
1694862107
1727729656
1730243615
1721295803
1722637615
1646669562
1653482294
1619568828
1629597195
1616416758
1661338286
1666119120
1655042360
1654867206
1648296982
1618651802
1620342954
1618396732
1618344324
1625267204
1572769453
1620814786
1583884998
1560389278
1553346201
1559129943
1557746027
1603536456
1605402469
1640311139
1654837458
1653935595
1654166536
1680181119
1683113972
1663360482
1648069697
1651437892
1598362741
1602494993
1678249091
1681865204
1631253040
1597001039
1596088061
1616578352
1615663851
1616026517
1626311783
1623566290
1616140055
1643810129
1645165140
1704569309
1729294123
1726146889
1741601534
1752419409
1739850686
1743374354
1744145171
1707476639
1700599638
1685833098
1685521463
1682946444
1679254677
1674472939
1666784220
1669562429
1649891661
1624841865
1567174625
1561942086
1577985944
1596349909
1606749178
1600742155
1593345465
1531835133
1504065816
1524701852
1538616774
1472584071
1487149707
1503180216
1389880172
1412623786
1422283351
1420188369
1441041564
1473490994
1543273089
1537485752
1538064242
1524150690
1523154450
1531774492
1521301405
1497337411
1532494002
1515732651
1530393557
1537780171
1602108032
1596189859
1588602440
1615694617
1593414353
1580953661
1556434486
1541605001
1493786911
1478527848
1448044689
1453363256
1433224424
1426606012
1426905244
1456533557
1465370163
1409292200
1442445600
1435449307
1434150746
1441575426
1431837213
1436388449
1438795146
1473624404
1478115999
1480697088
1480956028
1481372110
1345011137
1354269326
1329315282
1319381980
1307452826
1248083660
1265961801
1268126007
1287609101
1247924314
1240454076
1237850078
1235598505
1247662683
1248079891
1253735452
1257978513
1329214302
1323564104
1333009034
1330987296
1331530715
1330997994
1334752645
1338536907
1331361072
1337353227
1360822121
1353202040
1297401747
1260033461
1245176254
1251446562
1246359257
1233473972
1231383864
1220945888
1223775554
1197017601
1185212727
1181107552
1160273784
1110752560
1094456230
1105203013
1123814173
1122248158
1107239031
1104130291
1139104499
1148834186
1156270429
1119800836
1115993440
1119956013
1080302693
1082575409
1034300540
1030575801
1030821879
1034160967
1009373408
1018701987
943793887
944255725
934992138
952006107
945591837
938940041
938853533
939268679
902743662
778129152
763718995
743338353
730890546
713782834
714783442
707873097
679452751
674749636
651926599
705118435
744749916
773471926
832572162
822384589
823027418
822116261
821861638
812758841
800675625
816634357
868073324
872552541
895745972
895529341
896540658
896752934
987950336
970951309
969633642
958559939
975783817
997250834
921900926
934271037
923355611
930410215
925239017
931651035
943364971
947650155
941245096
944623842
964620670
947832712
949462108
951842484
950471490
957559011
938277627
936289023
935874114
966260562
957617504
957064587
845478565
819246396
842289908
831725405
824043377
828744223
822916390
829216211
971025355
913163105
896601419
892188757
929098231
930626615
937611761
936357178
946596179
861874801
861530111
856774859
853964410
833965304
860483613
852642608
859518388
855787245
844472943
830681634
832448645
811247899
810479346
783797292
781582674
798309091
808471481
851040918
845198379
902003044
903823004
905965288
861820212
839158420
840419425
847319761
850189389
882455593
884199037
881629351
881609679
901417182
900784660
897058995
899634529
889257589
899575444
909063174
851507915
837946418
805253811
806395717
790169442
779929562
742634881
746341018
744783955
700797585
728364282
723816544
735300820
746982402
758424850
745501755
772961335
714286455
726509968
724019258
727746147
750154214
742664605
763870412
755330742
716337568
696674925
690931748
698414976
699191041
731063060
731356104
704785476
702954986
702850057
698322234
698237181
660623370
661233996
663076323
684199301
686349474
689180647
662993232
656422167
658082523
661520338
603438724
646412605
648912924
648307181
631340081
590665197
550160845
550205899
535410648
541461270
532383270
492921650
483093444
483631684
477385365
478504291
503685257
498010303
483028207
489680923
442437991
444899513
444305190
462883576
451478427
462062918
461947022
385315492
388300700
389292851
336553093
358775039
360455551
362438311
366099241
324513621
317200576
312793027
297684268
300494307
303650864
305623575
247612482
247786014
262911693
272035152
273123190
276911227
277042983
278809757
270497480
250706420
255197569
255866147
267003692
263560341
250705224
206517459
189163472
227372854
221162201
223293200
218742406
222633585
224457329
227331942
221802058
219061445
274927440
296653124
292639186
304526924
315330183
325231040
327586051
341041155
343980618
350066648
342093723
341626783
333079955
349627846
340623006
342907027
358609176
360652541
362221634
387196377
377724901
380434308
383359878
395286708
392803096
381439258
351153730
350329085
343397624
339189030
350940403
344039074
361152186
356278946
356512097
336539486
391231317
389488995
384885382
409382212
387591468
385668996
393651890
390569888
404748157
388779257
362053348
344212345
343151169
346421102
302689227
303105011
305419206
291318976
279978368
321251622
337409350
387073975
368101976
355829515
351878273
367419678
362792377
284548518
282691381
244441852
147269609
132038105
138361535
151530774
146466174
141626532
145467648
133036688
151393362
115419427
121024111
112408662
96432634
69784272
72107396
77845848
96516680
85085292
52543228
28042134
35862486
26582207
57661540
26417361
36689306
25146773
28164914
34690235
3482819
6269167
6561001
14075232
14616890
6068653
-32809085
-62342513
-127393400
-112460317
-52983317
-28811070
10518278
-36437578
-34432799
-45264066
-32737874
-28973229
-27829012
-75892446
-54050816
-47707091
-50102447
-52774965
-50961014
-56414713
-44608229
-25573644
-25900277
20073950
48018813
17345564
22697444
8065936
-22358514
-24043055
-10960156
-11771452
-15235855
-71983189
-69582777
-29043380
-104225222
-40349896
-78629888
-102334785
-180526498
-164290405
-156724440
-160183698
-141495726
-242160410
-237629583
-253356751
-248870448
-228352168
-225925340
-241063109
-247265438
-238202811
-237274339
-287789913
-283227162
-322676500
-398294740
-390568664
-402843400
-439836383
-434973204
-398371360
-398950058
-402329288
-366991537
-354729522
-359682354
-373104353
-375875346
-385464097
-407365183
-414442524
-401226702
-421676350
-399134769
-388173568
-375679159
-392113062
-373020439
-378338476
-363398428
-361965160
-362187680
-361013015
-419422450
-418217565
-416435779
-396587038
-404022545
-411541572
-400456745
-416481816
-454420550
-465995680
-492521299
-491408480
-501320489
-524335494
-531833523
-561841766
-551611817
-590479141
-599891854
-598978123
-603751859
-561191953
-660285611
-673987077
-687441105
-674976114
-684583338
-706180220
-691720566
-706873559
-707596340
-705958952
-706507125
-743465842
-748716760
-798443390
-797308267
-798554838
-798542615
-757178414
-761990579
-761414430
-761822437
-773296554
-760896917
-736982126
-753442792
-818311644
-816073017
-809545794
-807836863
-797472127
-904912710
-932442016
-937106855
-925292657
-915521507
-941379181
-940560113
-938627185
-938074896
-932490543
-928952917
-991250521
-957378107
-964042147
-948209766
-951693572
-956587210
-934285954
-931874988
-925498246
-973795948
-1010681083
-1051979686
-1050656761
-1063643942
-1082729669
-1019599309
-1110131719
-1114897056
-1161008678
-1158980206
-1140616703
-1141315029
-1127519782
-1107475648
-1106023920
-1080524617
-1070528105
-1125481930
-1124940253
-1178630255
-1166494348
-1138992355
-1115776208
-1168223368
-1168468244
-1117417743
-1112741446
-1115897678
-1096929788
-1100998708
-1179507019
-1208488816
-1208745161
-1211326997
-1209828482
-1213434138
-1243947153
-1268930941
-1351652746
-1343197182
-1348196887
-1343527566
-1368862954
-1421804418
-1410640330
-1434739135
-1406709382
-1406718746
-1414793945
-1386604609
-1385028255
-1383624851
-1382640640
-1405004823
-1384128652
-1404343734
-1400137904
-1402302055
-1416152012
-1397526567
-1356187212
-1349668169
-1341474456
-1329561538
-1382463358
-1332599504
-1401390665
-1438103634
-1426121260
-1425672738
-1417052491
-1418579052
-1425223650
-1395606239
-1399279725
-1376649005
-1379392435
-1376148729
-1371617933
-1374140358
-1337384117
-1380233956
-1405013091
-1417968119
-1412506483
-1405704827
-1385032411
-1377613612
-1401910712
-1396466819
-1400935384
-1366348770
-1363966342
-1365526200
-1369992441
-1409039884
-1427447563
-1400373887
-1392466893
-1429761635
-1422481888
-1473218761
-1493971153
-1542056636
-1587872809
-1667522811
-1647144467
-1694642365
-1743497911
-1823268633
-1819053504
-1826974744
-1842345190
-1779252161
-1759990312
-1810840040
-1840621938
-1874683735
-1871424490
-1865171655
-1865405005
-1879949049
-1870321220
-1870419850
-1868851609
-1872955712
-1881164429
-1892902773
-1865051898
-1921710068
-1969782136
-2014795020
-2013543187
-2031606734
-2038394743
-2045727015
-2032806365
-2020048944
-2080471581
-2078233738
-2066965091
-2059578506
-2041882389
-2029881118
-2045387621
-2035298633
-2016196132
-2020232765
-2006067374
-2005051204
-1998381534
-1991774944
-1979116374
-1972680036
-1969592360
-1974211268
-1975902424
-1976598897
-1960231608
-1965710400
-1963154236
-2009425671
-2011363465
-1995977996
-1993073601
-2057772905
-2063192159
-2060660494
-2060209703
-2101807260
-2104531902
-2102525053
2114385612
2105744046
2116612798
2126543369
2101118835
2133801795
-2133847997
-2133068135
-2127861274
-2129806474
-2116218756
-2117378927
-2123513373
-2135178028
-2119496602
-2118779560
-2101542166
-2110560773
-2073982985
-2071215522
-2090034160
-2112546451
-2107391273
2108306411
2111944609
2112422113
2120313095
2119119198
2117352681
2109454745
2093899935
2096831876
1979987868
2106656043
2117648407
2118272728
2117481202
2103501011
2102518334
2097053521
2096941712
2105484888
2103281607
2116809251
2103702764
2115587776
2118268761
2122573304
2078978347
2121082267
2123582027
2129450487
2091531595
2093282854
2084282157
2074799627
2059802846
2062442968
2063396051
2119302817
2137881891
2136397455
-2142550471
-2143252545
-2140678986
2134766941
2134901850
2086217875
2110364205
2119403397
2133058730
2142908074
2125829365
-2146342898
-2147108140
2139003574
2134351086
2119661320
2117684145
2125927764
2126685983
-2128544767
-2112624644
-2112080804
-2116624405
-2112025773
-2109372158
-2135346227
2113764265
2114908409
2118964603
2118911682
2097669025
2097826349
2093549976
2106465683
2102692417
2104487623
2093672020
2112899456
2092177091
2094852098
2091928649
2115067482
2113420531
2125037112
2058567011
2065273474
2014931544
1975858543
1979334544
1945451131
1940241167
1941334801
1941663930
1950001985
1955127862
1942629160
1942176841
1954265539
1881503102
1778011839
1769349538
1805693157
1776908009
1747491420
1745707938
1685815065
1673539367
1683730791
1709407251
1692191249
1700665736
1666031349
1656534518
1687168742
1676498644
1678492047
1671793728
1650131144
1651708714
1671187137
1676895322
1676954118
1684469033
1683459332
1691962204
1707821079
1697069868
1678642541
1698429205
1706182592
1698653142
1720330633
1721774714
1728267490
1738617953
1725942567
1722623919
1723260190
1724611820
1671301064
1676494034
1670075146
1670448892
1668911374
1668691538
1697249968
1699982795
1671790698
1719261358
1706086845
1695457866
1694142405
1690036493
1689261897
1698320655
1714235231
1742255546
1739518609
1732462311
1682549699
1678424778
1693318325
1707582477
1676489492
1692362790
1654241222
1659085468
1640046863
1644788464
1668082850
1693150446
1683394903
1683959059
1673644444
1680508967
1659834034
1660406632
1616612160
1561908757
1567455350
1575572881
1577012412
1596049147
1597843241
1595549817
1587358015
1600315419
1602123116
1575708861
1564320044
1564024975
1562810826
1561002096
1558878720
1540311290
1549068430
1561453415
1622545568
1614132361
1623714939
1681213352
1689771168
1687682284
1674789095
1698652630
1698903572
1715116692
1736132028
1744618604
1709650318
1708496159
1718688967
1717632785
1855030593
1843089933
1840268985
1804933672
1812102977
1818830318
1817461893
1816830631
1817958843
1833528953
1835746784
1829835512
1831586558
1832825393
1837199142
1835650528
1823414171
1855352518
1860416967
1861125413
1857726254
1784634729
1783960740
1803222189
1789544928
1779981401
1762691798
1717777073
1721098070
1719102437
1724059986
1721521355
1731828251
1730941831
1754774184
1773947769
1719753604
1708728509
1691875034
1648470469
1651836810
1665775064
1677204143
1673825426
1714665218
1736165482
1744340176
1748517625
1751637638
1732315763
1743072105
1750209501
1778453047
1779233394
1801863491
1799616603
1807798580
1796247882
1800303411
1801019078
1796449829
1791195472
1816408588
1830979212
1840432849
1842114745
1835968157
1832248391
1803923946
1813859814
1806136574
1797664981
1742108038
1732694890
1741186179
1680976574
1691990301
1696569865
1649324727
1653841079
1664464539
1669680440
1666013418
1643982462
1661435059
1674463225
1688117109
1666579695
1654822670
1669158496
1644070687
1657884152
1561883518
1563144368
1568036939
1580580604
1581544817
1586675887
1594151305
1614634763
1720627479
1754799908
1763691587
1800608128
1795674149
1790122418
1796306983
1743687630
1730928359
1757745780
1685452735
1734450898
1673445785
1655788960
1661852130
1675424177
1680208772
1684073741
1619420202
1654757011
1653137136
1660819082
1660390723
1657752864
1650209277
1587339971
1589995921
1594732434
1574300889
1591450432
1563510885
1530131978
1550838966
1556305871
1582039969
1579315290
1599353827
1587196207
1586957858
1586384339
1589633771
1559561942
1561894690
1607880622
1613139089
1624935595
1628910511
1662960214
1545763144
1521485326
1504221463
1518621042
1519069975
1499787654
1497665967
1498917994
1516849506
1516391537
1518448121
1531652565
1510433300
1503042705
1457638237
1454917165
1495506161
1512587802
1516624709
1516109372
1538987364
1531944277
1529445304
1529197052
1465031429
1396948968
1402146302
1401905947
1405121132
1416824944
1414191681
1430920665
1443987186
1429154501
1425860067
1442570454
1438936210
1438048262
1364256296
1340090738
1343622669
1346195158
1317817801
1325417111
1345276583
1223678984
1288755555
1288435026
1283465288
1285434749
1285455412
1291400883
1291637243
1302277049
1295928351
1301454887
1255585765
1234201010
1274408887
1271882241
1265304265
1269444248
1190770547
1190627198
1179589912
1073754345
1038182527
1103767161
1062116269
1070582154
1079201634
1078012069
1061347038
1070717691
1074998105
1090232932
1146173825
1171197232
1151485554
1163505166
1142128739
1166922861
1190482254
1180190829
1178082495
1182883739
1171665268
1177387492
1200947228
1180003399
1161763005
1157725479
1161603080
1157250115
1175196280
1188146056
1197272866
1210740630
1147829366
1146900743
1181771467
1144693566
1155840017
1215525861
1207438585
1179279479
1177477886
1195749117
1266968924
1263254377
1273134626
1273707176
1276158270
1278890347
1282379860
1283501811
1302000825
1302142117
1265360804
1265102965
1262801878
1269398046
1271780305
1269638475
1271015687
1284980241
1254966838
1254177815
1271965038
1249265760
1168069243
1166003127
1157863851
1146528128
1165596725
1169742203
1173025271
1150109957
1111451655
1098972652
1125428470
1084093805
1094938798
1080210987
1086277855
1100676561
1109851566
1036563358
1028842273
1037887978
1021685562
1013458428
1013526651
1019420968
1029671116
1031120094
1032145788
1051517202
1058002211
995983496
928395917
922663744
926983650
908465898
836213696
836746918
783116425
799701306
814588109
813883908
800436133
798155296
798179383
803715938
810599490
832071683
844094845
840409727
844572346
871468230
902002822
899526894
873054542
917876859
958986844
968617348
965494707
972173675
969255064
948644624
943977754
942313897
929951934
920111079
898492614
878083537
877843679
930333811
939064446
916622264
874153457
869129142
872388413
907620858
900794628
900163788
889375885
889744486
913291864
928097126
915917318
886425100
876913276
879694844
869892503
866475812
826301767
833387442
815092228
815876658
826946057
883073839
898896425
893300203
877186016
878497396
868893204
876912351
853659493
860315745
876315678
858356525
853840448
840128635
837621086
786972385
780501339
814829514
818082577
843285107
890977253
884959336
898404889
904414590
919904445
934069949
927562800
941799666
944108465
883680905
881584652
902485395
976085045
977421525
984357741
1011940271
1010301229
1002668323
999533491
1001401762
1001531957
1013975931
1012687580
1020846650
1022105391
1023827536
1029483451
1014320470
1022416564
976920831
902016843
871815586
881454340
818928583
827455494
820446368
842906608
878797899
870236907
868090852
832109448
834473344
827382476
822301160
823595540
799750416
737844027
739540315
733228488
730413971
679575833
682034639
680643286
690040459
689320011
685857840
713395698
712477385
712989243
702205048
691043808
622776972
622472819
639646501
621596624
620404952
615972665
578470645
513240517
510749093
513129710
502698016
536753875
535000643
521193385
514539406
495354316
512772627
510796850
490553613
481498608
491583631
507682332
487985149
459511389
456697545
450421593
437489148
437696435
455751881
467072935
471213130
486141309
514532735
488183145
495379772
499674520
499262077
521828445
450130417
445923893
444460674
462383680
464277057
471376057
491336627
500939947
497305190
503551487
499502924
505473761
482849600
466303737
432455510
435289573
437637878
433300237
440496231
387227848
397500769
403514452
408366840
413019841
383871754
398055380
403042006
406254195
415668710
418999602
444441290
416948209
429477360
426845241
406472294
405711542
416651899
450826752
439346768
472650228
475149322
398249267
462734312
482219285
463202314
507391796
506877891
512468815
507438098
513604330
537793258
559831134
562988367
568958228
574433883
590583801
622541433
643486907
636823430
631208090
627484448
593343413
523693993
535847931
534459946
578273567
591930101
642342115
641844361
666124241
668666968
725882133
713744900
634662734
656367301
623032175
620977270
673731870
662878325
636465020
626895112
575041302
576714211
524444099
578494241
573223665
576966971
595950409
659682580
629147324
603423590
620320768
622037694
622876529
622201104
612211785
630385330
635092407
653846806
665412318
667569739
669373345
689626544
675971824
657088908
646576471
649274579
656344040
645310631
645093998
645039791
644897779
574278715
615331827
590506815
619368646
534505952
396012059
372286971
391617377
416597690
415518140
417018057
408325437
401906057
488053856
468548069
413659788
430449426
432434784
428613600
428554630
423798301
400316121
416957397
429454473
413483577
407717187
354098736
369457433
401203206
455790788
473239103
432505851
425900888
416235837
417354604
397467604
389992759
436907021
437248030
471583611
451349716
455304045
466212542
487769236
501113804
455689334
390964976
387898066
382917297
407406312
396439445
377013213
385564494
383589813
376983560
372055816
370542840
400174009
371194732
382550694
355720496
347527262
327335700
341392888
349732896
306864388
304888751
278597420
278850500
266001724
225941713
230000504
238503362
259501074
256656977
267020343
265376572
265499480
268605086
238102332
240438387
244474159
239125044
287812835
296498381
280492199
306650909
311222852
323665361
308893859
311028427
327057635
330327740
380027606
408943066
424517871
427219968
426582290
443676609
452086123
395187317
385951518
384705462
326336066
330909522
274075061
258823734
254553936
153930636
142298195
68292310
32735519
34774987
41027666
43299080
15194335
10206449
64012611
58914305
71506071
108874574
104432655
99285178
107944470
129533086
134986454
120037491
119939771
132297970
130934004
155692781
146449472
116542382
118699457
144481056
142925832
156091258
222553211
242522494
230117571
234709005
306931334
326583175
310235061
283980597
290678337
250791808
244718177
260223419
249798674
277764716
277588743
262090601
214950836
216670679
214187981
223339806
205998644
204127123
194910265
191233850
197062603
189188781
176145982
159806368
158494533
173121533
195400072
189535533
198474584
203570335
211050162
210381498
223713172
257690512
268267513
258047079
251824026
321270644
300648784
311228035
293996170
306296165
249267835
199508718
196507592
99049750
86543126
82926181
86112980
72500409
77997988
78824647
71980500
61348717
24172361
53788045
48123719
51400359
61121177
67193734
67789720
100888023
99113972
127828158
123942247
121676048
50836716
-24313935
19917675
9645682
7298591
691156
-63810639
-29765021
-34512757
-38807630
-80667862
-114223964
-109177896
-103643634
-112394367
-115730209
-116918128
-102036323
-103973216
-85493237
-98739080
-118452050
-73116004
-62880991
-62086868
-55588595
-32837186
-35544767
-22310819
-33980408
-31538088
-38165940
-7604862
-2960226
17435944
55845173
61092070
64305613
42649785
35789264
56461365
80118466
98838871
120960711
102769122
122517221
107832896
115410815
117377281
51043886
60297086
72408723
57033882
-1266791
991234
-70834398
-52064374
-38284826
40880273
28884945
54912250
65737964
63429346
77318407
53262133
28818126
42281617
60946371
57690530
67570519
73327985
65145475
126289987
169699063
159586035
177930023
186646257
188850723
191100819
185167710
190262628
204661523
188735555
184379663
164180733
161209598
162388303
142466665
142076882
101942102
66767851
72358882
77211247
53829448
40436986
81954217
164857905
173109586
187353618
195167222
219803569
220667221
210770505
211631242
157381921
165467440
103317708
108378215
104984446
113759258
103130029
86440387
81859497
63020608
99113736
109761617
97567788
99977739
110515156
-51665219
-48522621
-34992956
-8090912
2870064
5485185
-83218112
-71563498
-72847357
-57009683
-58346213
-64635329
-85640595
-81128563
-96297442
-102480030
-95274180
-102322375
-102030946
-77239460
-84392573
-117475988
-115760509
-115910143
-173843212
-168737060
-181841101
-166250158
-220530280
-220410553
-214160862
-210072022
-213456123
-214763629
-211500291
-201187817
-211808381
-212495067
-281283727
-295151043
-305507114
-305857898
-303759180
-313379876
-310829403
-311824791
-340467212
-306898724
-318114660
-348433502
-400172106
-395218105
-390027972
-395514112
-390365671
-379814270
-397283030
-398067764
-375984588
-365874785
-314701207
-327291312
-327527853
-353142686
-341992201
-300743339
-331396401
-326299647
-316797537
-304239590
-387125464
-381524440
-381001695
-396919352
-501731467
-515828362
-509364099
-507058241
-507335419
-500565923
-509458924
-512263282
-500059818
-519545956
-516332640
-546070791
-540583028
-627593595
-656093377
-642740200
-642747082
-624255301
-685887363
-681662616
-697368476
-677131342
-687476525
-684282336
-679367273
-684663567
-733017353
-731518950
-715179649
-718276328
-746749964
-746375477
-794723111
-809958557
-782923957
-804309243
-803740685
-746665559
-740316709
-712434492
-655410900
-658210350
-683350912
-643545484
-664358144
-687886858
-682316993
-645861459
-632293937
-652540330
-656227783
-650167562
-649461022
-653530051
-645721664
-632884793
-630006370
-627032431
-627503236
-618114841
-648038708
-639890408
-609347636
-608076367
-619979893
-606972470
-607150435
-607806132
-631963939
-640639674
-641037789
-637360592
-674331038
-678192640
-733316177
-763825750
-765667496
-769429496
-776830595
-781943155
-769678610
-759609510
-761181874
-760910454
-759011107
-760743666
-789105753
-785153175
-781220018
-780143319
-786697109
-793344274
-779689119
-751302041
-750788434
-731999692
-727180509
-726649503
-745670232
-743456728
-786841177
-769140623
-833906307
-825773065
-867985860
-900871691
-883723618
-910787544
-981750646
-975698219
-973095143
-1011550014
-966751468
-961446471
-951832455
-947050098
-990135415
-975664336
-1016954256
-1017663564
-1011542639
-1009160054
-1006159159
-1000682216
-966648834
-962527092
-974949403
-956769157
-970268677
-972213214
-985901048
-976266471
-984531314
-935995819
-926683422
-909281812
-925811084
-908294883
-920078778
-950391832
-938787767
-923168268
-922950889
-948368502
-1004860131
-991275558
-961762790
-967135326
-952151190
-935067126
-937331276
-918381755
-917463494
-930603777
-918932794
-898838062
-901561281
-959539092
-948437074
-929734496
-945680652
-946619461
-944850416
-922446868
-945454208
-982640956
-949349143
-944584869
-941775046
-921888013
-990427129
-965570574
-948627697
-945553773
-944916777
-939967322
-925780614
-919631154
-979910547
-939988808
-942332748
-921209945
-921086307
-924392317
-931140249
-1003972074
-977668324
-1027498761
-1031018892
-1025791917
-989192120
-986880486
-993901748
-1012009679
-1011725127
-999728974
-997716217
-996529639
-983037308
-991106253
-1029315282
-1037031878
-1035736460
-1030228834
-936428452
-941337062
-955066541
-1002437675
-1002026485
-993384261
-990571426
-992061027
-992845297
-994756517
-975852622
-978326777
-1028495849
-1012316669
-996946793
-1013137089
-1000849369
-978050885
-968558634
-968015879
-944461583
-939390188
-987966940
-980574275
-1031546806
-1031156546
-1001393988
-1005010745
-994660001
-1095891812
-1101433016
-1117810092
-1151061570
-1099575405
-1088596638
-1097761984
-1091936482
-1085683251
-1086524637
-1083663173
-1037596900
-1020846569
-1010427983
-1013330270
-999375188
-1000531019
-997814524
-994121742
-1045952257
-1033857804
-982960194
-1007730476
-1010613261
-1019819126
-1026267852
-1006276368
-1042932954
-1038688170
-1043909324
-1079040641
-1002519893
-1039828215
-1064339865
-1062157215
-1044482426
-1033884622
-1015218936
-1012687968
-1007534875
-994069656
-1048756305
-1028447878
-1029162831
-1071164313
-993826270
-993490069
-994891187
-995039851
-988364124
-981451739
-963777762
-963783639
-952217728
-954921963
-954098428
-933827042
-934439079
-940230811
-941980263
-929011513
-924226040
-909482927
-910503215
-923512704
-981594210
-966960431
-944088312
-959023198
-947866118
-939408770
-927496376
-923758713
-941524493
-991347320
-998470370
-999521640
-992826353
-977406174
-976090718
-1044136516
-1068433507
-1069452218
-1212410032
-1212673932
-1167498018
-1136428122
-1144842329
-1151057686
-1144466109
-1150229074
-1131802178
-1128096918
-1125075475
-1221208273
-1220511406
-1219872880
-1209404965
-1138973773
-1127946138
-1073732455
-1081230544
-1077841147
-1106600686
-1108916966
-1111588095
-1144240357
-1173015085
-1238269139
-1207721252
-1173911664
-1191560344
-1193829009
-1195208017
-1190108820
-1188986362
-1173849518
-1159704492
-1165814015
-1179499996
-1201268234
-1200428871
-1230900567
-1257718035
-1266630108
-1280475871
-1283998640
-1270279191
-1273694382
-1272672565
-1275861916
-1233491355
-1239704462
-1194074335
-1190036123
-1228103489
-1232300406
-1234075953
-1243331404
-1201127915
-1179368020
-1159400588
-1159706562
-1150045081
-1151009978
-1125776912
-1133781353
-1133944845
-1133874300
-1131163228
-1131914894
-1144755675
-1140657510
-1142345734
-1136268842
-1122095298
-1194619491
-1173578393
-1181187085
-1101707428
-1038477979
-1036181184
-997253837
-944212574
-914364920
-913503190
-914092072
-910655964
-934941436
-931702277
-979464780
-976412623
-995334292
-996936397
-1000498155
-1014914366
-1015746196
-1039232149
-1057817559
-1058860935
-1061123988
-1024456276
-1071540107
-1045571608
-1059001612
-1101951275
-1102135591
-1080175751
-1085687610
-1197934476
-1202284698
-1227547678
-1206542821
-1213040374
-1219980534
-1229062609
-1241347402
-1241551902
-1241933320
-1249725937
-1195226005
-1198668755
-1179946302
-1199873827
-1194939278
-1170084177
-1195430666
-1195318913
-1208702492
-1199142226
-1289495251
-1263840079
-1261940283
-1261618255
-1244783443
-1317371653
-1356549278
-1398153056
-1383623258
-1409479486
-1400603031
-1396159905
-1386558483
-1412509841
-1413378268
-1423791079
-1433954509
-1434407320
-1421861356
-1406967826
-1401234705
-1403253266
-1459366154
-1470860490
-1427741787
-1525402467
-1559790145
-1563577110
-1549380392
-1548435704
-1582828104
-1575825452
-1577262385
-1617658402
-1607043717
-1604480655
-1616048740
-1612738688
-1628374989
-1565681390
-1547170609
-1636551357
-1643305073
-1650905370
-1679231132
-1747489317
-1747412944
-1732399034
-1754653754
-1753737630
-1664702953
-1663028747
-1646923766
-1620082278
-1614925964
-1617527959
-1621024997
-1609830403
-1614822082
-1597709429
-1586765374
-1594711952
-1530018688
-1526556971
-1524038661
-1531471918
-1542320023
-1543256347
-1542915572
-1520261625
-1511285300
-1533838282
-1507709000
-1494285646
-1467392224
-1487616960
-1486129267
-1485925526
-1485739753
-1557692199
-1577452023
-1575827732
-1473863793
-1480319063
-1481064163
-1480785776
-1529870075
-1527568485
-1536547885
-1537650700
-1536306798
-1552414457
-1580297039
-1528115682
-1512928663
-1511268629
-1518688392
-1526890225
-1491140980
-1494229517
-1513562024
-1487968058
-1483046577
-1469155474
-1453315778
-1539366826
-1518428831
-1547083998
-1562043985
-1562929445
-1608933220
-1605153737
-1650005740
-1683524544
-1662464957
-1703952787
-1712286073
-1700756508
-1708718056
-1743714496
-1734923078
-1725629333
-1719413461
-1742248595
-1708668463
-1615663743
-1616472480
-1617176802
-1683072549
-1689046281
-1677315254
-1668534907
-1667468783
-1679042870
-1664082406
-1651018410
-1653384976
-1666292720
-1624951058
-1634621690
-1615719063
-1613933444
-1603699460
-1581159176
-1589146253
-1586292387
-1647126490
-1658694138
-1708805075
-1713015626
-1705217509
-1771210867
-1774803790
-1676841259
-1671586177
-1663838557
-1622631731
-1663114222
-1663762779
-1659613809
-1663545389
-1667772605
-1650679052
-1656496267
-1659925418
-1601361702
-1597588753
-1650806744
-1705581456
-1682463572
-1679878823
-1660358949
-1654324398
-1652581071
-1733877048
-1744655586
-1734570097
-1725014345
-1704642810
-1646090810
-1670856788
-1674696988
-1668615773
-1678527726
-1716092645
-1755181523
-1752122149
-1721919332
-1720620097
-1726611007
-1741463639
-1748765647
-1743961002
-1735538061
-1762655953
-1781439638
-1755893001
-1753897626
-1735405229
-1715599033
-1705403814
-1644019650
-1613721290
-1614838131
-1626607759
-1619194245
-1619160382
-1676902605
-1680724449
-1675390693
-1683509470
-1709429380
-1691987776
-1668676817
-1734126116
-1738973132
-1752301454
-1754294456
-1741962831
-1751888974
-1756630270
-1753367075
-1755324441
-1758008082
-1753469012
-1765082514
-1746471291
-1739140489
-1685970463
-1691122603
-1720491151
-1724100079
-1732562586
-1760019919
-1751843731
-1751080842
-1745587009
-1701691653
-1698236086
-1711375293
-1711860810
-1652355091
-1651223894
-1660541396
-1649925927
-1700616139
-1710067765
-1703320839
-1676260104
-1676000092
-1693158883
-1722467501
-1712505099
-1753517700
-1733995378
-1781214989
-1773196202
-1761364470
-1775265970
-1767046239
-1700803860
-1707043974
-1727199411
-1680179177
-1682759723
-1650502515
-1698611917
-1716519536
-1708348004
-1708884980
-1705932468
-1684234185
-1705877685
-1707564494
-1700276650
-1725949608
-1723368505
-1713258693
-1713996511
-1716087146
-1724173836
-1719202126
-1715493806
-1710395838
-1808612965
-1808669700
-1794624602
-1798973045
-1812908143
-1812626857
-1779352696
-1769427327
-1810663528
-1796232765
-1780733803
-1766773661
-1771690380
-1836491547
-1789221950
-1782191504
-1779219327
-1782974140
-1807572795
-1938296186
-1948697272
-1953697887
-1937634842
-1933554183
-1934637826
-1938118647
-1936696822
-1940113599
-1915465794
-1954570371
-1945378119
-1908952470
-1924634138
-1925694423
-1917541627
-1887226141
-1888445607
-1894868228
-1901586448
-1900814339
-1904663560
-1910499430
-1897956426
-1955619449
-1949036503
-1945402330
-1927852213
-1948638200
-1998689766
-1996934259
-1997268847
-2009030033
-2032964720
-2032259203
-2023472144
-2026945467
-2025457065
-2027034309
-2067785472
-2065104106
-2011139560
-2070902340
-2092657904
-2079876752
-2074766428
-2105353132
-2083131777
-2135589322
-2140325448
-2111994737
-2101090676
-2118783329
-2123296226
-2113587835
-2119258687
-2103564695
-2100257325
-2119791669
-2098519185
-2061892329
-2030831059
-2032489357
-2007694662
-2009873582
-2000470938
-1948636600
-1982144356
-1931510199
-1885906213
-1921713903
-1914779989
-1958511696
-1948210254
-1976448188
-1970904674
-2011784870
-2041385781
-2021577180
-2040174610
-2039097934
-1985701909
-1996607155
-1994749812
-1997321593
-2010898032
-1967032901
-1952579375
-1992504005
-1979132652
-1925520369
-1922975677
-1914044510
-1910947223
-1903955579
-1900106147
-1882332606
-1942566389
-1918811348
-1907449116
-1906526316
-1923708314
-1908436168
-1922824611
-1955725959
-1953610536
-1977804620
-2025818819
-2032855908
-2032063610
-2031369514
-2056226312
-2053966768
-2078539652
-2080047936
-2071581013
-2066875107
-2086068471
-2088042182
-2079179978
-2064239208
-2094386297
-2122086366
-2113130706
-2084657703
-2104393765
-2079962537
-2069462392
-2056475507
-2050285505
-2006173831
-2013692930
-2007130168
-2013229280
-2006205135
-2006710093
-2006229539
-2039392369
-2038869567
-2036780931
-2033509332
-2040150231
-2006489309
-2003437786
-2003037468
-2055874657
-2084343829
-2074102448
-2091945580
-2126868797
-2146575313
-2138948390
-2108763861
-2114472918
-2105322982
-2115361568
-2113992608
-2118158793
-2043124949
-2129178861
-2130421819
-2130473626
-2127884518
-2134561640
-2144934749
-2129075335
2142968602
-2142719818
-2068607864
-2018867075
-2002977146
-1979869643
-1960916449
-1986067005
-2011272767
-2007794088
-2007489642
-2015013140
-1997565577
-2026398054
-2009484856
-1965424625
-1970596953
-1975247677
-1917888018
-1915459579
-1927693049
-1928168233
-1965223890
-2010556727
-1988737338
-1995846102
-1995889828
-2009438815
-2009464497
-2010567206
-1997425889
-1995037115
-1994685500
-2006280149
-2005042747
-1996721443
-1982516589
-1983585038
-1965528800
-1966623940
-1967613839
-2048010421
-2050878717
-2049462597
-2044269228
-2027596370
-2019840317
-2008406084
-1992707944
-2014584521
-2000256867
-2040669537
-2017726160
-2000518667
-2012205196
-2015197844
-2005267323
-2006039189
-1996418083
-1992983145
-1993851887
-2015939470
-2016104256
-2019041540
-2010745742
-2006356208
-1994302100
-1988318946
-1975337310
-1976402607
-1972715124
-1971376611
-2026639192
-1983932327
-2017269131
-2012192811
-1996196073
-1973810863
-1986947924
-1997600312
-1982616440
-1979451754
-1996599278
-1981527611
-1987706745
-1971261159
-1965046443
-1937514797
-1933940325
-1967154556
-1998164156
-1988242718
-2029501043
-2017722572
-2029037898
-2021018771
-2051269232
-2048117277
-2050446108
-2030378379
-2041081490
-2037126887
-2038065268
-2045360444
-2046213785
-2027244372
-2072479999
-2082295155
-2090347331
-2093325907
2094336229
2092047722
2100623252
2076818857
2054040640
2041939517
2007833827
2005027705
2005751298
1990720343
1996079023
2004907033
2004687212
2024917570
2024751949
2010240776
2008646225
1972295061
1974208631
2025147150
2007334711
2024923452
2033437895
2035686249
2021906500
2045438581
2025104161
2030350166
2068557447
2066476845
2066354673
2071494037
2066531583
2068575250
2057505390
2056795909
2029496646
2041655449
2045384072
1970961971
1956586963
1955943769
1953450078
1952450410
1953434556
1964702151
1977392852
1967432575
1967477542
2025382074
2034636300
2025794263
2030781596
1981651304
1981194906
2018543160
2030040673
2041320885
2047254175
2044844051
2053336182
2085432213
2086313169
2043162559
2051650774
2053284696
1945900073
1879070197
1822356467
1766366302
1765211219
1786705342
1801965838
1816060697
1813194933
1834292662
1832936074
1829875703
1846365012
1837940141
1839348481
1840761219
1855763256
1860364156
1854443128
1838221880
1856153714
1861209924
1872242070
1876048060
1885693378
1887755897
1888332817
1879232490
1840543474
1853427853
1851098311
1930011119
1927930201
1922409180
1908250159
1944455881
1941722687
1971563960
1959440229
1961026203
1963559135
1966317234
1972122259
1830891005
1839605108
1835243807
1751725897
1749061476
1701391271
1650627111
1648422133
1647428686
1662432708
1686476516
1696203859
1602103382
1505361363
1522270945
1507140732
1503024795
1502451027
1472306646
1490903091
1490046388
1489670778
1489628681
1494437251
1491310631
1441889116
1481367240
1478571032
1478357666
1488672269
1492313616
1490658534
1426599607
1442782379
1407601225
1386413186
1306012223
1314198724
1314095469
1319789475
1313653180
1331766055
1344563070
1268646518
1274498021
1270843333
1204063188
1206091871
1210928899
1174680616
1166014754
1172511909
1142837051
1073327431
1044610471
1018510358
1018556187
997000058
966198962
991729060
989014920
995564996
973689686
974864269
971294996
970967102
971466894
977568963
984656678
991308987
1058176126
1055478439
1064268727
1042125266
1058183292
1054188290
1066154300
1093563583
1094997643
1103929035
1103504058
1100544507
1105533993
1097322550
1097088036
1063367209
1104949967
1091013061
1063682106
1090592847
1125862262
1127009576
1121997517
1120741816
1123369656
1123956739
1117256784
1117858081
1094012850
1080125286
1094496922
1089466469
1087078213
1124320509
1140257034
1144108212
1146080820
1160076245
1159977476
1162896328
1162193463
1237910276
1247400130
1266685895
1334148592
1337943755
1340371754
1345441102
1370571978
1374673514
1375078292
1359154959
1354948606
1402331133
1343943229
1354041617
1352399883
1320906084
1322073802
1317617170
1358511665
1315608505
1315089306
1316299143
1315462404
1330077224
1318563008
1305113584
1304416840
1243607074
1280415320
1208819876
1215060989
1231383379
1232196015
1248247241
1190037740
1208821623
1216217034
1218086148
1208927965
1170540650
1188145692
1187079194
1186409652
1143496880
1158149998
1178945447
1231714431
1256087836
1259981939
1249386086
1174201973
1139550752
1141409509
1142038700
1142613039
1126004865
1147974945
1184756853
1143903903
1152987567
1164573055
1170255059
1170003443
1181579440
1193505817
1214523275
1226402403
1233561136
1214810629
1214186550
1238915275
1236913493
1268365443
1273999460
1260993356
1272058597
1261011875
1262187320
1260103292
1267970612
1268249360
1323677886
1308097611
1306192905
1319087332
1323636935
1311583490
1307627173
1319340308
1330694020
1325591417
1304908905
1364337115
1389012340
1389347539
1414291406
1467373448
1446848324
1447230449
1480541073
1494120506
1489625043
1493270086
1494655404
1518631314
1511094624
1509909418
1479051444
1478258654
1476799865
1476488051
1493855081
1480644719
1486608165
1495785144
1469903183
1468239280
1467115465
1470475071
1480367892
1485336223
1475845293
1502527609
1479137760
1479440152
1478759751
1479660727
1485923240
1450501352
1456976460
1453861216
1462056300
1470364709
1390608901
1329292872
1365629074
1305241615
1315877651
1323957282
1321693679
1319610107
1296460516
1297454037
1302908265
1324108288
1339829690
1347783615
1365727824
1354895343
1354880053
1362884371
1379069452
1418469113
1416142621
1401607773
1396901151
1391019060
1387285890
1381068618
1374506497
1373897590
1377585180
1382521148
1374194157
1323996704
1326673175
1324416661
1371316962
1356423006
1348796868
1353851348
1321777964
1380905073
1398493049
1401191932
1413693085
1418440151
1419848887
1414608102
1420492534
1409899164
1418473656
1376539428
1370354813
1349422330
1329688869
1324455818
1331301760
1311478098
1302291843
1302434536
1321746763
1297295375
1304021793
1300118663
1314330467
1308152118
1303735824
1309842933
1297453114
1298641998
1313701280
1317226607
1314960773
1309499204
1310132261
1289818091
1288334027
1342316296
1357568060
1345954559
1344748040
1380455719
1379973928
1345470194
1367628932
1366866124
1365053268
1275583630
1280126950
1268287407
1231012779
1212170341
1220874357
1227461080
1214682985
1221319821
1209079745
1295208395
1318939523
1306481091
1268589038
1268863464
1268537339
1275214278
1291224878
1299119542
1278570609
1242082430
1225784206
1239947939
1212818803
1235274341
1208120354
1218372919
1213697259
1191679379
1182599274
1127751446
1133571791
1100675906
1103332796
1104773991
1126138818
1147296340
1143703811
1157356882
1154749151
1189383844
1211076815
1218218145
1217790912
1239280259
1164274218
1166470167
1168159089
1172787110
1166532410
1149782726
1066901913
1059620893
1045478148
1092531171
1109042029
1108658363
1116376149
1128823925
1117142458
1086164506
1082734079
1091875495
1078724262
1070550054
1063723063
1069387295
1073405452
1079585951
1082390473
1074337015
1068905436
1058001963
1049706847
1041365265
1053356075
1049574559
1028069553
988172960
1000687774
999985188
1009322354
1014902840
1024669668
1027248009
1015288850
999171957
997548329
1023116092
1026009623
1021925158
1044474450
1003223903
998441198
993845113
991648325
1007221289
986095905
999376186
998777172
1007629358
1033445224
1028093907
1009936813
902563931
860740116
833022177
837361134
847797974
817235471
816014100
909527627
906723037
913138360
912124966
911079520
912466228
931419250
935799641
911327449
909213963
931174633
944443881
917024647
915562570
916056584
922289485
917859354
877180347
893070511
896080311
900192166
897211852
897083561
890449231
924060824
921619696
914708998
928013509
925297281
932053310
928877311
955519010
931539095
932586129
954211653
942637199
933751103
933130470
941721104
948254683
954703366
944053239
943079395
950834078
925187560
914869956
914617685
895826533
1007181484
974748138
996484482
1043839073
1064733794
1041888590
1042348142
1048998427
1015320514
1001356663
1002896721
1084871823
1080054937
997719775
1005876620
1009229295
1003224815
985042225
946136958
976464179
982648971
957244469
952864467
990009838
988561920
983110538
960907587
949729970
923035853
859104275
818186476
815319710
836006619
835973498
827610080
828953646
819455895
836091977
836858341
866820765
868359985
867969715
871052012
869243631
879243322
894901711
879468030
884916007
885155081
915764083
924370444
925143369
844571019
842331582
864360881
863985942
883865252
892808109
909492867
863329549
865249195
725547687
708540765
736920198
777811803
706761912
717607170
730224940
737657155
744217955
724728287
725636600
723443968
729541534
731688524
660710623
659102153
671307972
627310988
634769395
615583293
572878050
579121381
578386375
564460134
536058627
534367104
533905901
540136323
542803688
548131657
548836142
551334395
548348856
583712231
606045714
616445280
622334560
616661781
604858397
604271033
601980385
616808163
621261206
634645862
634543381
653707065
618082825
617103908
646697757
568601737
572998039
576903576
535205133
536264827
430714932
427881028
428974768
477033163
465900414
455667078
451246429
425295974
382443875
430708443
395264691
402585255
400427894
337522321
320186498
327996223
320474761
332612407
345215939
372496886
385584220
375967095
373626442
346672564
415006964
412990911
386335747
388379726
409739540
395060980
372840436
299170496
305816733
291729042
315106346
276383806
276004783
317434925
320273277
316724389
336260677
301416864
303632025
297830775
303973306
297695976
294122108
284603724
294330188
292185058
254861133
271376412
256307643
263751344
230329701
179556223
187813079
190500187
183781970
131940427
132911192
156770060
168520142
188305503
170894831
175062493
147455545
123096502
112819794
116211572
122256303
46920155
11987578
5901001
-42933699
-41644776
-80877632
-31718158
-19092580
-33286398
-39013643
-17103221
17365483
91452831
77047360
80043235
97499399
95408567
103550795
111085945
47076712
67195499
14928681
25354500
36618759
54704849
54624256
44712890
48587737
59367819
61790365
85860765
107436654
112525746
109762393
136027575
128605949
81562626
75246695
104850809
105033070
104593650
127830292
106171204
105170486
105074130
84266429
77383609
16436026
55342832
-31606575
-18507138
-18782672
-10785898
-7360912
-9428622
385502
39236078
40899984
420910
513290
-342936
2515108
5208008
-16290277
-29858576
-72584727
-61873650
-56374029
-39512373
-29615622
-29604541
-17533011
-15735732
-17088956
4706706
13750219
13732062
60727825
56938907
49814188
66633481
124610724
109898904
122005826
120198253
129650842
216444661
221265825
219420134
217996609
209190664
210381837
242658146
255631832
283271644
296621120
308870608
205852142
206597180
203840488
206247912
217758020
238196252
232827737
228744516
236349121
235196829
238569046
237479003
232041135
214419818
219153090
220874619
220101582
195274382
196562865
203317226
206803097
156726080
154832466
120907209
179995194
185103218
210129302
181898806
190506285
194312952
197080493
199108081
260275049
231972011
243381043
225232690
228546933
233982267
229812727
240564254
229397475
267975952
267751213
284919703
310792182
307397643
328314901
373988568
379026028
360854844
359728876
371641279
372105219
374595383
393310978
388716956
400009671
407455193
410374105
403218004
412983642
303921366
314558888
314265674
328605662
323692004
276045131
276879154
289220558
241626929
244420348
245771370
255169281
255770739
251895509
285212685
310810017
318288333
322231242
336994829
229935473
229378069
242043161
254607049
258360551
263791976
261089940
252886276
253463971
238573746
230750656
231309081
190788655
242831545
267062642
259606898
258575690
236135986
240052253
225257755
234362325
267555043
260166108
251645059
176496675
175233575
179368303
181935523
188293264
195692642
175340135
144724037
135506487
151849951
135098212
132642445
165995593
164714554
165983654
84095055
102446205
57218010
66679855
64616335
73484052
48767975
47987637
32987676
7453878
25142337
10640014
111194
-340805
33225855
26309698
-7854173
10271616
15853441
1984770
24029522
25386820
55674031
66559231
66659924
117495285
177761197
182472271
162229519
161943272
160058024
177833528
191657883
185919494
170165316
164488135
156379398
115306041
126444673
115359503
115638602
146872953
140597731
133511433
105957890
117732415
161095769
162050844
109716101
123277326
93504160
94913843
49163042
49200767
93086433
97981028
146017653
147616666
152112352
153103050
154759201
143274969
145400093
139693361
136081821
140813267
139088312
155997821
155411651
153541947
198837022
120266863
123105532
104635093
81236898
16788164
26768198
18839455
9963044
11634883
17624838
21158084
-21403499
-12155581
-66075772
-52553487
-45621814
-34834164
-92586328
-86519281
-72579895
-86448170
-88471809
-99395027
-121251106
-118520872
-103275576
-109132555
-97247132
-89492683
-92124533
-88987891
-78728236
-106126468
-77494935
-71412388
-66264194
-82888630
-17021442
-71561140
-67577310
-62209876
-67564235
-58028829
-50994952
-100651326
-110391580
-162119253
-161945353
-150077685
-138988537
-132645992
-179218801
-181072681
-183942745
-271044718
-258923115
-236300268
-241645354
-194043514
-194186924
-188553479
-190048040
-136530523
-141467014
-146182521
-98339510
-105119078
-98377288
-82219615
-97321442
-103549981
-105684230
-107542969
-70782740
-123452508
-122453182
-111862325
-114228387
-135442700
-151678950
-138700449
-150319322
-148670590
-147656534
-147303994
-149760931
-287146334
-284265981
-314369982
-313357702
-312644118
-311230730
-282220629
-288639466
-292767180
-284941123
-251885106
-255331644
-254273600
-307651293
-301695697
-322060231
-306985702
-309639332
-334611658
-304515323
-303306012
-325908953
-338380047
-344523237
-317456101
-311167312
-337343780
-375409130
-428620999
-436193545
-435132838
-435122351
-425194773
-420398553
-417437114
-418996066
-410211849
-405900948
-404602195
-468819923
-548131927
-553844809
-540156125
-536853761
-569187926
-591942563
-601904446
-602978323
-600548381
-600928464
-600745645
-625532227
-557122100
-555993157
-662195573
-660082935
-664618796
-667701195
-678127197
-670960022
-666831875
-673125154
-637218801
-646762770
-651818006
-652919090
-671315763
-748515673
-729521039
-723423854
-737425028
-783684792
-818048608
-813775976
-810480884
-822257710
-814724776
-815113292
-806134794
-796510660
-839491261
-855511407
-854213446
-839259586
-860886256
-851513772
-849758656
-845290609
-817454181
-811076463
-804487458
-794587881
-816005259
-841189834
-840718549
-842277116
-848407672
-848428459
-847900421
-843601831
-842963455
-845027708
-837418574
-848730581
-850931477
-848080643
-859310908
-845314553
-847203078
-863169444
-860597970
-868251619
-906646588
-1024341957
-1019065693
-972499382
-942066621
-984900548
-1000406564
-992335781
-993096870
-1054169157
-1075928904
-1057867430
-1077282363
-1080672041
-1064267457
-1058575369
-1041854593
-1039877544
-1049254623
-1096402569
-1109088458
-1086369112
-1080633783
-1123785598
-1112613499
-1138766693
-1161994566
-1174378212
-1182553726
-1180805802
-1159328783
-1158418367
-1155589375
-1155848407
-1173540636
-1163662933
-1155516259
-1192043631
-1191534939
-1186186405
-1218019803
-1224773184
-1247551541
-1258056087
-1233083385
-1211967200
-1220398293
-1225381062
-1214061439
-1274621253
-1301585445
-1290084108
-1284599224
-1314579146
-1308977788
-1318334624
-1371013137
-1387788929
-1380407264
-1374282557
-1365858275
-1381801058
-1381480597
-1380727439
-1441361263
-1458329784
-1480559763
-1487349037
-1489353302
-1532861623
-1538411112
-1550665146
-1532331226
-1530276093
-1519347880
-1529115995
-1539687112
-1552734417
-1528760356
-1518919501
-1520701599
-1533461505
-1538568494
-1558466814
-1555884598
-1565150092
-1556391058
-1557096467
-1562156563
-1558855321
-1556181622
-1585918916
-1607525155
-1601926733
-1643561767
-1609276105
-1605026466
-1633642331
-1629677704
-1624576597
-1610847686
-1582461723
-1632598547
-1616164363
-1576334128
-1575109539
-1585306985
-1586740208
-1592324896
-1503341100
-1493731732
-1492120617
-1469954935
-1429652671
-1425208686
-1441044341
-1394185154
-1385188352
-1393760232
-1419242991
-1399637384
-1400460824
-1382370964
-1381088812
-1382719740
-1354600650
-1347220080
-1379905462
-1377729366
-1330681897
-1346421038
-1433494364
-1433128043
-1422070758
-1423490716
-1442378585
-1436289178
-1445188112
-1443103411
-1441740186
-1435760273
-1452087817
-1441890747
-1424353863
-1490873602
-1531537239
-1515246721
-1510599837
-1521737315
-1514582108
-1517835008
-1501739941
-1487394617
-1511116210
-1501970279
-1497575135
-1506086059
-1510365885
-1545221039
-1548233718
-1552270780
-1525808697
-1511636545
-1502030490
-1489710121
-1493823068
-1490990140
-1512439041
-1549879746
-1551136512
-1547686115
-1572446076
-1580808013
-1576889118
-1564352474
-1611605938
-1578854013
-1562949567
-1563239993
-1563642676
-1586472839
-1609859263
-1615341930
-1606419059
-1597074326
-1594656449
-1570951261
-1569919562
-1546210409
-1549516987
-1584708495
-1569074240
-1551704440
-1554287843
-1553477971
-1535241688
-1551491149
-1517935243
-1464258239
-1462939809
-1536172274
-1524013288
-1524522872
-1513499176
-1513864724
-1588114200
-1574291806
-1572897393
-1582247007
-1584047798
-1559920534
-1563976497
-1578541602
-1485198969
-1492200138
-1484671595
-1490279657
-1427422048
-1417731278
-1466682975
-1472598066
-1465380687
-1461979885
-1455659798
-1475405226
-1477444660
-1495080011
-1498861625
-1498851969
-1534310823
-1612904494
-1612478060
-1624782471
-1629095461
-1696919543
-1752680525
-1774226868
-1776817071
-1782148871
-1737426982
-1737123000
-1732813390
-1706169132
-1726338313
-1732619550
-1715015609
-1736974449
-1708066204
-1710253483
-1847017354
-1878681555
-1874608321
-1923932802
-1949117092
-1934955016
-1933991983
-1927198160
-1942451182
-1987371693
-1966772507
-1937566968
-1943178275
-1824650841
-1825277607
-1823433883
-1818794646
-1835285223
-1837476644
-1822141014
-1815611532
-1751516157
-1739763359
-1770187497
-1767536766
-1805206148
-1862315525
-1803799867
-1800858041
-1806445035
-1790952600
-1805877119
-1780378800
-1759576437
-1771025781
-1751001831
-1736675068
-1709656338
-1697848882
-1697165271
-1708371639
-1732753905
-1729437878
-1737271977
-1723522733
-1721778267
-1723914159
-1697114155
-1667054623
-1660648324
-1669992392
-1694434892
-1696729269
-1696752205
-1707441900
-1720800435
-1754454986
-1723731238
-1726519349
-1716976847
-1701817469
-1653462941
-1656359788
-1630353102
-1608267342
-1599134005
-1604227450
-1606469709
-1599050220
-1555892003
-1535243980
-1535892318
-1534581921
-1533087775
-1517883649
-1516377333
-1467636245
-1466180616
-1464664065
-1477950626
-1478815340
-1480671958
-1538547558
-1509129986
-1509214781
-1497078314
-1499762123
-1498232128
-1488393964
-1488524504
-1483170220
-1519368121
-1527196209
-1608940237
-1617152097
-1625440684
-1676649505
-1682019209
-1686271013
-1707608929
-1757374503
-1750998775
-1749107015
-1749976436
-1816335149
-1814281827
-1813429308
-1788266550
-1773753297
-1762726656
-1784950544
-1778128176
-1781212819
-1763551084
-1750944414
-1744951047
-1746721375
-1748884162
-1819231108
-1864407270
-1863759313
-1843434982
-1772780378
-1763698831
-1760015641
-1781935134
-1803652218
-1797026595
-1756315101
-1754264293
-1785058905
-1778799350
-1779945660
-1798953765
-1772884757
-1860775406
-1856156793
-1847031012
-1847959669
-1872504479
-1981795967
-1869362015
-1883354962
-1858116554
-1851577274
-1822560862
-1820224676
-1822423858
-1817849842
-1826929608
-1939430702
-1926431354
-1945383357
-1972990268
-1970276814
-1979325087
-1944188828
-1950767450
-1949459614
-1951393617
-2013395032
-2013156246
-2000483797
-2011273464
-2032256854
-2015978527
-2029147559
-2032661179
-2054337315
-2072747732
-2112076016
-2129744624
-2118095713
-2112692996
-2122204486
-2121651732
-2121629780
-2114064968
-2114776042
-2081127938
-2075977683
-2074566165
-2067320295
-2072240491
-2084418767
-2051239963
-2082656057
-2017575411
-1999406730
-2010928197
-2050944111
-2064962741
-2066023557
-2054640573
-2052245629
-2049059473
2140247373
2144851576
2132022527
2131346437
-2141946938
-2139072848
2086317577
2085826627
2085807638
2111013767
2114115357
2070599784
2076811560
2111344654
2110860477
2113846320
2115641873
2123773852
2104851628
2082943883
2111131855
2109146425
2075625319
2124371637
-2092425279
-2093434581
-2067462070
-2061233776
-2063935852
-2084595922
-2094928494
-2081197548
-2067110299
-2058196684
-2050333942
-2036039028
-2020258048
-1978102323
-1960941942
-1983127782
-2037533348
-2024326165
-2038529752
-2077807797
-2081439388
-2101585465
-2092794316
-2087753926
-2089928118
-2089707036
-2098997593
-2091735978
-2116501457
-2099568719
-2093607494
-2140038846
-2135214618
-2133766590
-2116937746
-2093569489
-2077816058
-2077277096
-2070822303
-2066688966
-2091905914
-2085499450
-2082302218
-2051489345
-2053938308
-2018087179
-2041291815
-2038702282
-2035451555
-2036029874
-2026467568
-2020935943
-2036805243
-2024582937
-2050920315
-2045096822
-2042644398
-2043158585
-2080088217
-2070389395
-2101607990
-2102053139
-2110603136
-2112396135
-2087775894
-2073141321
-2097080208
-2098903276
-2080658810
-2111646790
-2092032431
-2096347501
-2115133640
-2087746374
-2064083461
-2047943167
-2076803625
2102728986
2147164386
-2111079057
-2140749559
-2123443361
-2126666583
-2133574911
-2111952705
-2105820724
-2106845108
-2116017422
-2104874800
-2096729917
-2065488689
-2059263329
-2068475244
-2046019232
-2037723359
-2057456217
-2051918850
-2047159979
-2060726945
-2017912548
-2016829229
-2018633482
-2020373267
-1962724118
-2002983775
-2037123943
-2042456105
-2071582894
-2070256700
-2053845044
-2064606687
-2065525207
-2067008763
-2045403185
-2023282361
-2064869752
-2088996674
-2099809605
-2071071284
-2073860234
-2045813020
-2051811961
-2063331908
-2062750870
-2019243659
-2076360822
-1985623333
-1972506323
-1991637574
-2004197033
-2005311090
-2012652682
-2010222462
-2008144857
-1990550073
-1996052152
-1997468768
-2108356618
-2127479438
-2114154182
-2118788744
-2083085361
-2070932066
-2069384758
-2085570242
-2111300579
-2110555615
-2116688004
2140855819
2140600707
2142288851
-2125522689
-2135410593
2070156853
2019740165
2024998782
2046328855
2044400903
1991147105
1968424873
1979226084
1968751849
1969800179
1951168357
1939873590
1925569931
1923184682
1980319439
1982195854
1949392807
1918397599
1933097670
1918687041
1928255854
1934302222
1962787777
1956752543
1967207133
1998268709
2002269520
2005003623
2004991857
2002597725
2008246048
2041362508
2027060841
2036519920
2017761531
1970149966
1992605219
1991906810
1990295306
1987852061
1986675245
1954778629
1949465586
1944401333
1927566615
1926167668
1919676522
1929913857
1903267771
1906770898
1896417930
1879856526
1859263523
1843693273
1859951979
1856789054
1860920209
1880806430
1810575013
1826682902
1819427697
1808567076
1761980120
1747784294
1747298077
1740573748
1748496558
1743785068
1746601716
1760889726
1772142424
1764017325
1755458152
1775729463
1807123378
1757257605
1731427938
1701404525
1687005279
1658115180
1661644936
1669670693
1672378417
1672809472
1703597629
1683443584
1706827455
1743676551
1748431739
1744470548
1693362202
1603319964
1605506744
1587478131
1565877694
1570672118
1582602071
1569692140
1571864057
1578630833
1610334960
1558663389
1556288215
1566523132
1541170453
1547620642
1543514061
1466441902
1469371128
1515428095
1536799460
1532111345
1472426896
1468012868
1469694169
1468922857
1460133732
1454968010
1458787254
1432775592
1427672464
1427524676
1402198830
1396556703
1352181886
1352516375
1346209707
1298421422
1286277941
1284406072
1316188122
1312601086
1308825133
1310049007
1267147415
1274588005
1280528797
1221039958
1218520084
1210521119
1215284244
1263423922
1219408610
1212423644
1203889762
1232889171
1278841759
1280460591
1314272850
1284428627
1276759797
1256630563
1290539749
1263246809
1252571741
1240915004
1233404258
1233879541
1223369221
1222751491
1212530310
1169933777
1122413242
1122989518
1116241457
1161121470
1157196784
1162816208
1118071475
1112339359
1114146822
1116378892
1132025819
1114400919
1113776533
1071502756
1046185653
1046290788
1071629976
1035569300
1056546533
1054078056
1058282526
1018522144
1047912358
1046753490
1049736129
1040547353
1060451251
1050610087
1056831328
1061549981
1036390402
1033983277
1047412848
1033805529
1027733220
1024086712
1022992567
1030568203
997352550
998389629
1007054372
1042160929
1021974100
992179654
988394083
975056593
927374230
893595193
876663693
868918104
880030048
880112359
875923587
875620069
870820924
863468953
863557061
864105299
889537318
894312258
888746228
905293139
921263459
921955981
936584823
937423760
938963725
926637408
930429018
938546993
968809493
952777301
955267696
968313717
868632668
844514411
897492129
858228625
828557201
827713027
840616590
840572283
780488756
803625308
803842055
763104607
776339851
786610050
791133511
800613187
847876539
846536276
847371605
867642462
866103853
858868647
858310390
852751364
844789396
845373473
793151048
788102638
785345621
785102942
744202486
735619155
730441887
718506466
720913447
731464803
633120662
645193234
675129638
672621637
670474858
661310533
652888183
657131072
640166705
667818090
679629816
685555346
682633662
679425140
668069336
668186499
680279709
652524482
668375371
700423577
667648445
659524315
655761994
602662700
611693484
609040961
620722603
634212932
652730589
683774027
688033158
683759719
697114511
691046947
709957381
715689891
707496271
742648745
737228250
722968430
641330380
639980567
640169358
612447578
614555109
606524373
625119529
629775775
630261394
637646249
639663110
707156228
707145554
683440378
683060182
688733227
649590270
648808201
672731784
689007900
689020470
688873875
685094819
685536939
651326395
638292476
598004000
615131249
623977429
623243546
587854199
568081039
554830597
509788068
513248855
512884194
514310350
483496315
501779562
541032493
524458490
555291880
589489313
600949541
599010503
550162760
518943010
482556387
483533057
423304735
417336796
417763630
415566039
375836250
372541113
337570996
316031941
321122430
329874676
349740644
344685675
318762959
329073591
327018588
341669832
361306154
386645234
353048653
348832875
347291869
339410125
319034258
323192953
310310729
325237580
319055172
328255754
313760934
290737407
262980657
257663313
261532355
269321006
287182597
313284569
306625455
300106439
329186174
333384497
255935680
270576014
285573239
297651828
297457520
305704470
286677821
395158997
383775812
382203355
334864998
339800076
333289873
347255331
351085180
340841874
399784936
393060238
373254957
372674355
364298979
345033444
356749991
396634878
371706438
385929208
329319992
322521988
292204341
303112413
300829625
306954883
319577034
284141277
289062789
304877121
296490806
276913730
293195849
270074718
272704604
313274380
340892429
341916661
319696122
318329469
320498911
341911218
354073916
268639304
308812100
321412204
296463480
193758685
214044264
218641917
221340997
160720589
153061047
134137159
132866507
132857081
150635462
150800946
156121513
152971557
116582247
82294079
40815730
93195517
68007343
28760614
23794
-4140013
-92249375
-97566702
-27889685
-19527741
-10659650
-17199417
-13572324
-11027832
-70102284
-75749210
13450867
13745693
6312627
7891651
7803877
-9581703
-8197746
-7456852
-20621089
-10414029
-5636322
18848183
23713773
37744196
40991406
42234009
44043358
53453155
61667260
64177012
68207072
69213073
117355892
110289967
66246013
88675077
34391225
33945502
29771096
45729529
68991393
66814959
94756742
70424295
55038526
81991969
74923351
82120223
49028374
46881940
60090361
32467987
28594373
48962756
32096391
48707443
102615197
102259598
107365070
107569944
112028698
94080812
55868204
47622637
50617585
68899571
57689924
66146465
85398510
88547410
101849614
76000284
71653843
29557295
29488131
30153763
33516345
-30958958
-29726517
-58939377
-71589296
-63608275
-61516344
-164960311
-163350321
-159798119
-158038596
-184632782
-197242196
-216104743
-166534320
-124049187
-192009761
-187629607
-179340443
-179263407
-179871484
-223202966
-272869287
-279634787
-297817667
-339215479
-331686251
-337506501
-307811126
-306281906
-302616979
-312805304
-312414075
-290369661
-244261134
-244335626
-242988864
-242900487
-192648804
-226436808
-239516279
-262279985
-230582206
-194139620
-210065201
-176290105
-162555864
-165800721
-169916660
-169998332
-191571993
-231797957
-243280420
-241803128
-219607998
-220512910
-218622809
-207701699
-208641311
-210430277
-200952689
-197627777
-195406839
-196935900
-202929265
-189141064
-189747062
-189581561
-180375967
-175538681
-178324479
-183766444
-171334708
-173498008
-177736976
-146760087
-138906457
-147168303
-143284132
-98721215
-58483198
-99197422
-92647604
-107333664
-85798587
-80666771
-83781594
-96700386
-107340323
-107353689
-113261591
-82040197
-75703729
-74323521
-101571461
-95459639
-84401573
-119765760
-128743066
-98832518
-97775149
-236059184
-281455138
-284112002
-270647758
-269483306
-276558292
-256079266
-248216284
-251684519
-237252108
-366652339
-365261897
-359357031
-320386249
-315254470
-302449454
-282757657
-279738029
-220084586
-211791652
-209921116
-210553819
-177328135
-160737759
-161881885
-158040803
-122669237
-139615083
-129702161
-152755822
-151131412
-148090232
-136528811
-102598226
-104797871
-176664956
-178364926
-179195753
-179257596
-182443561
-168454232
-217687343
-221277847
-213833012
-202790980
-279491643
-240830579
-251311333
-247296184
-285395959
-312908748
-313515218
-301425066
-291240230
-235304239
-243239775
-235090840
-255130789
-247452484
-247631547
-235123996
-230380954
-230390120
-195404745
-207383494
-199983719
-222900578
-184239802
-215285007
-216698028
-344530330
-317165205
-322252881
-311129388
-290176921
-296505899
-231952218
-228921724
-207219852
-207705966
-206021372
-201954838
-203951834
-265448212
-258760220
-267407455
-212322005
-198195034
-193743374
-196477745
-182718282
-182438531
-181316015
-263940031
-266978870
-315555583
-315191452
-311150996
-308096870
-286442532
-311755544
-314680052
-363294224
-384489404
-439583400
-469311966
-458710564
-524300939
-518987217
-520991360
-513189324
-520433347
-511401567
-505761986
-507590080
-511763802
-509189943
-508547924
-508370267
-503182119
-502935025
-490209074
-488950585
-483080368
-514767412
-512233761
-519434009
-462138570
-435641033
-431691483
-350303395
-352091697
-368872028
-407926967
-415255891
-396175805
-406064660
-406018990
-439039893
-442077201
-441534085
-423315230
-431008972
-506647631
-505173292
-529273210
-538436652
-540537969
-544699354
-540662006
-538297153
-538889801
-600269445
-584537128
-632685167
-630845714
-700199150
-738993118
-719250625
-700728775
-691906714
-692336069
-755774055
-749468452
-776535861
-761638016
-728911374
-777318788
-780826568
-765419949
-769544718
-773311735
-760437401
-751665959
-782405234
-838914325
-830474211
-827364519
-845599293
-836258269
-841075536
-842639691
-839568432
-846862391
-895749602
-885255004
-872202338
-854564405
-857222580
-857081740
-853835069
-934321504
-908831473
-951624499
-964963219
-968759973
-964746580
-975900004
-967366618
-966340589
-963531840
-947784177
-941401420
-939304369
-935484509
-932385476
-931686558
-948477158
-999836590
-1117931828
-1102630145
-1101819782
-1087690965
-1069207417
-1067311598
-1102062336
-1109539556
-1100779086
-1116028927
-1093541805
-1091883971
-1083524342
-1060455148
-1060006363
-1076544510
-1060686624
-1130740500
-1147032028
-1144026919
-1137011320
-1117442088
-1098632611
-1095539891
-1084378602
-1085932247
-1098696640
-1104156320
-1015550243
-1020393769
-1033523487
-1011918898
-1020452882
-981718367
-967840614
-941512401
-957868666
-934690898
-934757827
-926127305
-987032895
-966499022
-969718518
-960019191
-956810432
-989108300
-999945450
-993795049
-984471044
-957716583
-970008150
-1000264181
-999869952
-1001920222
-983126259
-980583900
-981189220
-983789608
-991493820
-1019430510
-1032372312
-1050805601
-1086025566
-1049113641
-1041184822
-1014559414
-1052571500
-1049499246
-1048819300
-1105828496
-1098463968
-1142507095
-1151484619
-1172755210
-1178091077
-1152790218
-1153383263
-1160229613
-1231076100
-1139652366
-1126204484
-1156340779
-1160180010
-1175266716
-1217760393
-1217397169
-1167732498
-1181959751
-1172557959
-1172719728
-1169959787
-1173043075
-1157742774
-1116433724
-1120520758
-1137100470
-1111952972
-1093560981
-1087310022
-1087091683
-1080790822
-1096435897
-1094882661
-1103682031
-1107008528
-1105579334
-1089815603
-1060521004
-981548723
-986561154
-988901230
-978027695
-976505443
-975943247
-976644876
-1006626732
-1009007943
-1135653928
-1141676857
-1149056690
-1156108779
-1149363018
-1144853121
-1166422126
-1177381388
-1248986999
-1233333030
-1233991272
-1236950828
-1237035392
-1241570076
-1239047949
-1239110632
-1240642650
-1245895685
-1243917389
-1250644671
-1248697199
-1247511987
-1279926327
-1275608758
-1257887095
-1284286027
-1267524965
-1260887491
-1269561660
-1283972515
-1278191318
-1315800713
-1310415797
-1304093818
-1298236644
-1291366227
-1265626448
-1264299607
-1256856971
-1264891609
-1264729361
-1251374429
-1253046717
-1275288509
-1298155416
-1298071844
-1349901341
-1361321066
-1368365831
-1369971718
-1388839278
-1400303128
-1474103113
-1470112535
-1483577604
-1482566602
-1473517226
-1474494647
-1501815706
-1538584997
-1534554114
-1538331502
-1523753624
-1583316053
-1578439081
-1574063454
-1571429108
-1532935717
-1525730436
-1522794532
-1594567052
-1589914730
-1586305915
-1586299313
-1584146724
-1589416891
-1582381060
-1580472718
-1591321604
-1587919638
-1587440243
-1583137558
-1575783244
-1557236561
-1538410762
-1547185261
-1556580849
-1642863454
-1649206963
-1601055065
-1592371295
-1536372710
-1536590682
-1510460868
-1519877427
-1572553490
-1565340492
-1559936464
-1566881488
-1556417409
-1518697491
-1544111051
-1545179048
-1536675318
-1555876660
-1553345770
-1523115120
-1518257367
-1517322283
-1576604563
-1572841224
-1572959783
-1627402691
-1578963098
-1558200017
-1563397703
-1545312138
-1550407584
-1560227945
-1566082188
-1591011155
-1588085165
-1592742553
-1552724074
-1548969921
-1576447457
-1577966667
-1602870636
-1603840955
-1624268080
-1597935892
-1600824712
-1595006796
-1608879124
-1630127905
-1632273454
-1638858680
-1670122687
-1684869261
-1725704562
-1706368327
-1706779341
-1688991404
-1681691997
-1684113907
-1726242681
-1789177701
-1811672856
-1797736753
-1784600569
-1785261721
-1793486619
-1791613872
-1791134531
-1778181267
-1778267551
-1777513559
-1797418423
-1792952614
-1755156033
-1752821478
-1735004362
-1738575862
-1739255095
-1740047538
-1755387114
-1846894397
-1851534411
-1803746613
-1857712013
-1867312848
-1876567027
-1891052646
-1895284992
-1875594972
-1966148051
-1976298173
-1964886607
-1962193137
-1949129625
-1931711215
-1932672497
-1932659749
-1920405942
-1916859366
-1972872556
-2017216351
-1984860727
-1984953182
-1972461394
-1958720849
-1978567177
-1988107388
-1988885859
-1995298373
-2005507787
-2013361166
-2040402848
-1945674490
-1943295880
-1951611306
-1952037942
-1956168949
-1943745960
-1943510396
-1919825727
-1924193058
-1909481577
-1978846023
-1970900592
-1975993151
-1969945861
-1966201526
-1964303386
-1954606969
-1968815685
-2019819987
-2019337158
-1992884405
-1994941149
-1994608642
-2044190540
-2017326611
-2014836575
-2007660783
-1910113989
-1909511663
-1903214767
-1886890521
-1872313505
-1873302787
-1873071232
-1877244320
-1878344620
-1878156750
-1874444157
-1879321106
-1867317565
-1939295019
-1938862569
-1937454878
-1932964514
-1932453636
-1962593370
-1972460615
-2020298604
-1995513352
-1975432787
-1973450065
-1973111383
-1965549720
-1970387606
-1898919116
-1855710908
-1838862753
-1823893460
-1839287452
-1816753621
-1816073584
-1903289613
-1884849740
-1879618849
-1895278548
-1912242361
-1888732100
-1944953874
-1945239339
-1957476087
-1952090825
-1943574653
-1935179106
-1935771089
-1935785794
-1918810090
-1927491981
-1876514144
-1867435093
-1869005248
-1910968025
-1946087744
-1953967917
-1983576574
-2011745860
-2030281949
-1978424492
-2022331522
-2013381991
-1992479213
-1994950817
-1994106034
-1930378857
-1931435541
-1931791349
-1926265632
-1915062407
-1929279646
-1941442525
-1968423695
-1974995037
-1982876485
-1978948169
-1950619073
-1924011478
-2000247750
-1995021599
-1978528135
-1980341682
-1978088489
-1979318350
-1979026703
-1984567271
-2018818030
-1960077228
-1958335761
-1946763695
-1963675044
-1951715789
-1951052410
-1963853171
-1950455207
-2024003296
-2022593766
-2020104413
-2028651685
-2037129866
-2039373705
-2039882578
-2035911520
-2035393670
-2041751620
-2044106352
-2028793109
-2035342992
-2075066764
-2080628686
-2126106474
-2132553315
-2126480290
-2125365259
-2113203894
-2107890900
-2105025358
-2141720510
-2124381773
2139493866
2099716896
2076780946
2089480433
2094355519
2096372760
2080443378
2130964294
2133137364
2125350769
-2144824086
2131446405
-2133445431
-2128710303
-2138156771
2142986206
-2144224840
2104290000
1993680146
1990989394
1971768641
1977118001
1976475508
2017580166
1964608145
1964571506
1955388345
1960583245
1933387684
1941399653
1954832535
1951732921
1944124387
1960318758
1958354886
1966328381
2025300132
2032403205
2041904611
1988132218
1989199152
1986818376
1984824742
1985048923
1979953323
1976916835
1984168537
1940250080
1867618819
1850500532
1843009042
1811597402
1813004237
1852693754
1846546393
1848408260
1837112634
1831595769
1835884853
1836473914
1838809953
1840790766
1843896833
1848408356
1858314667
1898539397
1893092233
1871357723
1868720932
1868254780
1857440357
1824427936
1869732988
1869635916
1899992056
1904940530
1901863838
1904125392
1901422226
1884999316
1868365606
1858814154
1850886756
1841519850
1800191701
1804819570
1802809546
1755815987
1714616741
1720417039
1701262157
1694312187
1695427174
1728273170
1728962506
1715478830
1737307620
1774594160
1755340692
1700668644
1663483744
1659822450
1660622044
1582303175
1592686925
1597826415
1613393608
1610845337
1645021060
1634962336
1634076048
1600401546
1601827890
1600735552
1604891396
1604884595
1637786913
1628044231
1552467932
1564252003
1540911397
1543826711
1539450002
1528733530
1547243847
1553567437
1554847224
1519423985
1550181910
1564466972
1505558344
1509544504
1517103921
1527166747
1513283692
1516767713
1535724900
1565157435
1566220721
1565291932
1499002098
1491238064
1480382314
1486832260
1497393012
1510770537
1515115610
1514807382
1507609918
1508885440
1506818349
1506727159
1524920309
1526274288
1539220349
1544631684
1525705415
1524694155
1485560152
1437325764
1434611580
1398662784
1401456944
1375560679
1336658669
1316792418
1340026662
1332300154
1347777705
1343267147
1348103173
1328330273
1333342387
1333881751
1308462581
1279024766
1261836199
1266806897
1265996251
1284968571
1294580007
1299581225
1254525593
1224894640
1223849332
1245221187
1247525734
1254573498
1200787699
1187782987
1188823162
1190439673
1181046887
1186031226
1184681735
1185332947
1189529832
1195307655
1194906494
1187375270
1175838641
1173792170
1204071106
1213561077
1208756277
1166303167
1168456068
1117216055
1147732965
1133799528
1125091368
1074022250
1068759627
1066372510
996181611
992322770
986283848
986184797
1020751164
1010491439
987743646
958179712
1007563636
987220244
985650528
984548653
985451271
957786745
969350171
968752462
968726138
992537928
991871449
978647384
952072388
918187564
896851886
895754702
820724175
818805867
811147920
804336985
810224996
739827457
749134120
735734650
718999533
737714558
733002645
737986089
765305824
765274715
720377989
729530472
731508330
736909999
745766803
757624249
779085811
750358598
699992904
701058469
701939794
710890526
684873587
686859943
696049618
694035439
699527720
693947955
742710113
759013608
762565646
765387864
765948139
765330284
764419662
769490522
772140134
776635667
721137692
724322894
730246054
713293889
718119328
717671746
671419222
715367827
749643695
739606794
745701722
781067802
786684922
794468511
804986095
736886114
733846800
730979196
718323202
719805880
743527363
733660649
727906447
730772430
732151274
730914345
733210189
739602629
715996225
680481372
671455426
690563605
683657753
693457911
715915711
715742544
720659176
798333206
782217051
795508832
816447888
828269618
823583439
871811861
851938580
829096493
821669163
812428957
810388109
813738339
789745415
788300720
790648463
790049922
793131428
790557746
807975502
747192474
762298374
758889780
771376801
784516176
791211451
790827035
814787136
808908982
733464907
746828960
745129345
733215596
743159165
748762681
759358879
748270661
774866243
777266272
779004653
774833104
771491242
795562499
806350566
807563555
807586109
806903323
809533238
817428092
810664488
735685660
800472754
803703522
803792790
778559016
786854184
787248233
704731719
731597984
734546080
674003889
541163720
541468070
523371472
499681970
499974588
502533472
490482899
481283147
473616335
488825795
491566491
496406363
481046932
483388596
562207059
563110857
598634771
584619057
637608847
639253121
622042038
607196764
609786424
560371588
641402470
638183748
646379410
660703865
658462310
656638215
648840347
640472102
643633760
648720201
661303753
634256753
620515471
674885012
685070410
692258283
722385856
728492742
726131124
730412496
724687051
790834113
789577510
799328116
760462294
653941574
651494480
663828376
609803777
601766032
604672687
587295283
591287620
614337016
631423916
660312763
668209526
646575738
615814692
563248471
562074839
582342149
519781614
520380531
518022849
485075748
488814073
482633818
477982286
483399089
497202603
543310404
516545208
516698740
537286294
525410797
525668965
621167518
594856568
547461143
548996473
555839830
551621065
544231596
534560570
553721825
505442747
504455537
507500932
514883043
515458120
508373282
446073744
415568515
428484129
421071081
485990699
512912869
506852745
505491979
508440183
522376440
431330369
383260764
378970947
329622810
325664503
344960367
351190721
399631400
400432032
386867017
378306464
391949723
460531242
438821755
461927059
479106057
476938463
380568825
406478528
405175949
407466684
431901072
434690607
473420646
498890411
509358399
512649338
604970003
583196594
567103120
594648464
595059609
587002255
556667400
587065290
584201782
579656644
562397622
557301011
581096665
572633111
573470280
571281938
574074678
593063228
604047515
599997398
599505059
601438719
602874801
533087595
517644388
568494103
625135279
624631933
623199968
595750318
644316192
639736310
668899972
651074770
703847333
708548328
688283518
678641154
679428602
697413299
699384807
682795681
639643853
632589714
640093326
636751805
629552164
630775984
631936140
645126328
645469390
647967702
661866246
635795143
640815348
678512897
679699728
676688646
710111079
755285170
740642095
754116513
750101444
740795047
739371919
752715643
762091907
761964436
781392019
778844221
787168868
800812927
859035960
875761413
877396457
865997298
834917712
853273771
863007771
868921607
869424328
931250987
924494309
935365939
909436629
910312259
902573703
942159438
940196412
935516242
933920833
952403832
961385051
958856913
954750274
949350925
950209538
933182950
953803065
864402186
810625244
799331217
822512542
827627395
794508932
808142278
824894810
840516442
838549427
825422192
825447379
823903134
873160347
887349154
885661035
874626642
874498969
873704451
880555403
873682300
911428557
917269588
922267487
914361933
913124055
873873195
874330875
894645400
885263157
872076039
934584437
930869500
930773884
939527750
940380473
947923778
945801081
976832747
983154625
995059165
999276397
1049278221
1088783334
1093562495
1068643090
1074691322
1076928162
985019820
899697992
841708916
836538311
848489780
851136581
833438036
837017757
722132313
722446191
729777373
735036324
747918043
752418276
732872861
753728991
796407900
830436188
841113906
858446769
870121229
877440777
891368947
886793153
910852102
906284350
939619490
940135509
960765574
960260717
990269248
1001382576
1014583303
1033583906
1034759246
1009076243
1034791904
962651318
996836546
885826314
908458093
919641607
914807055
920368423
939679840
940709909
940851512
940690712
887579294
890654150
889764497
905402896
922025228
912931448
934359008
954170411
954913535
953539538
953269971
891980451
896604213
911747108
874908873
873537071
872734386
862732510
837776013
834937314
852318172
883664210
890193305
882060998
832530554
837028200
847864714
886390994
870752016
889794824
864912139
861219240
867156273
889648247
903077161
898728145
921306936
946332374
948174750
945905560
952965146
953877059
997917077
1004609325
1007985875
950486291
819439780
785211939
760595481
789880831
790377762
816179367
808334787
824225856
824419503
807800352
791765284
793797803
791464489
814634956
866846361
890410735
890594782
895837913
901645779
900240016
923799137
886377147
870065188
868214869
880789015
818371113
822351604
833393414
819423704
818494847
813127034
817323428
801361748
791657502
796907463
855201753
898082681
897307772
920186341
935653404
944230057
997041824
1002906591
1041894634
1049898950
1019490778
1025241526
984775278
1093170283
1077125637
1099047280
1029362500
961359032
966098259
959853737
919259185
931623008
970349058
983185394
1041021872
1012014362
1033610934
1055098296
1062498279
1068931975
1056130434
1113257485
1103848413
1105590931
1057765396
1047764069
1019886166
1014682572
1022002986
1020953883
1032693786
1046853670
1044680125
1035410528
1035718669
989595722
958838085
959129019
963614754
964563950
973568328
978730188
989675502
969545873
978875180
947888492
945570334
881399422
897960245
867871818
840885053
821750828
831671907
823407298
822953299
853983805
846215586
840113228
821152485
794869388
817186367
862956934
857697818
887396176
916798212
910767592
909955561
909652239
903896041
899088284
908580799
911323801
891713276
896065219
895909995
879077458
836349246
788098983
782445286
896159316
908471927
881186248
887421259
886165812
900583246
905228417
903052798
875136761
847773702
849456065
848847769
852471763
841338297
813599262
804692790
775702913
804389276
833178451
849193974
850431166
850451606
866813677
827982984
829602998
790107826
754591745
778276344
795521700
797279785
800258257
810294278
861516847
862889055
858488800
854059895
851166005
854213259
855934947
801527163
789646877
821884264
846502926
858473905
861051398
875456627
888279269
861990443
870164436
872633848
871706507
864581605
839411889
836978002
841196804
842245340
851438031
852543647
875485186
855461659
831819386
846209025
849195896
761428680
776282231
771239757
721884222
718953669
722511807
720697423
723766986
642157625
659249959
663981367
663313790
662160341
692062542
685840140
685834071
682613146
660501260
673337465
669807166
679654382
677089502
685518549
684110542
683653815
698369998
695008722
678081435
668419646
684486192
657362567
707944780
721345718
688203189
613433792
614754185
622802955
643696998
644529220
650304415
653441112
606017353
606194630
616136005
643218714
654809937
652288919
650014598
643551182
641846816
643952028
642565805
642740452
660671763
664982537
661016044
662366513
701624714
694464696
688988202
695993727
678264411
693818917
724925898
722602087
722085078
708758123
712372536
632486395
631204308
629793323
632864264
561125761
571433277
587352466
545515140
500966119
503309066
473732678
458441397
479312608
423937981
428465190
426992149
424097839
406349609
386323973
369662903
330549885
289508779
292649109
283105070
294057774
306300395
290151352
309210538
306651871
308387106
329664720
328463484
346804414
370374024
347084150
346798432
326733508
330238187
308704105
327215233
318064081
306228113
313282202
309608964
302914422
308373120
317170826
297725993
238900212
248192829
248723952
237798934
228009989
201327728
197037129
192883836
197735855
194229872
190218525
219561395
268173792
251088976
271140527
271480843
263060828
225437447
164678937
151013171
85845346
78632438
81575816
77013612
-4452822
-44644192
-83837436
-86088357
-98722698
-92150379
-111847672
-112459297
-97762032
-102555232
-92963549
-28320587
-29017608
-9750464
-8493859
-3394383
-11581473
-27000397
-19102786
-12667386
-12022794
-14459024
-28550363
-33655506
-35625709
-31195343
-17568054
-53189541
-59883493
-45117371
-3742881
-8801260
-4466161
807225
550953
448587
8510013
7684048
29757162
3930082
16079918
-36645935
-31976045
-42170719
9034034
8205502
-20415391
1450327
52102503
45121242
42886833
56836265
-11880908
-453600
17970724
-28478811
-22403004
-22337197
-38545472
-34367689
-33106504
-112934028
-113481524
-185455414
-184267815
-184240832
-183772507
-213916333
-192384987
-196492229
-195948055
-184712952
-184027429
-201533202
-233803135
-237497188
-222258297
-225451174
-257316063
-246736451
-236063581
-289832433
-278469147
-278530266
-277824125
-274352798
-246765304
-242096646
-247091090
-229308058
-229437896
-210856269
-256075922
-284473144
-281353686
-278657057
-341896521
-333695623
-358587011
-364023095
-382894242
-379138492
-378615868
-384107049
-385722391
-372291079
-380295218
-374545747
-376517235
-379022452
-399135541
-397214472
-401422187
-404402429
-417212320
-423374403
-429914122
-424576939
-424461715
-426769986
-437517843
-478091702
-477308386
-517278320
-511763957
-508283472
-521104563
-520907646
-515472745
-497140837
-442511450
-441820778
-438975327
-454397307
-475557662
-487244244
-484600741
-488474530
-492719758
-494820146
-496201720
-472431665
-472206487
-441820426
-441094733
-472721591
-512074957
-531020784
-524225823
-496050903
-483205599
-534802845
-569525835
-576360089
-561494207
-580675557
-574906187
-552128999
-564056262
-566992307
-567227500
-542359637
-545468655
-573224576
-547382330
-546845264
-565687711
-507470631
-477946463
-464010333
-465405912
-467401175
-463185393
-458490113
-438005911
-514175805
-512539543
-527650661
-519913518
-521108409
-507396905
-499132120
-510383840
-485625785
-494124661
-496136477
-513440697
-530136621
-531114748
-632751220
-639705782
-631937012
-665874053
-662854920
-673339206
-668273937
-680631105
-682557876
-671807563
-671797253
-692836806
-700645490
-757440694
-758939514
-760417989
-759125339
-766416759
-750263119
-703392230
-668226215
-689602098
-777439417
-705701904
-681975273
-682907205
-768972919
-799052168
-802822975
-784359158
-763656933
-770109436
-765406485
-764066928
-765972122
-749829161
-778870673
-790830246
-756686566
-752164294
-751097248
-733248786
-722004661
-726364038
-729363118
-788997559
-789881854
-745251682
-733352065
-734698731
-733217233
-731394359
-706794165
-718734396
-706717415
-710827772
-709525740
-715638731
-708579457
-702869124
-696074285
-695936274
-693296659
-737999795
-760427878
-734829644
-737000425
-693673452
-695510279
-695238475
-671601013
-686496798
-674578927
-672506743
-694194397
-698511939
-678526356
-691242634
-662111073
-663561129
-664423839
-667561817
-666653079
-709334227
-703039898
-690295318
-675536724
-688321041
-688682308
-659609437
-605097128
-595358287
-600532722
-636510527
-663232135
-687872719
-673918680
-672055645
-727564742
-740691183
-742903891
-733830566
-750827679
-667080345
-668091116
-680248286
-650114056
-629788060
-625515968
-619623955
-602363476
-599310543
-602835142
-601578670
-619136919
-620770562
-612599760
-620293049
-635988407
-653405923
-631336834
-581053584
-573956740
-578280275
-579312155
-592144868
-590051001
-610380142
-651224326
-629480556
-628982944
-615295504
-610730487
-628970539
-636143458
-645016474
-701855987
-703660474
-710175583
-718447429
-691863957
-664310656
-663920612
-734911199
-721355014
-717917758
-704374788
-703778086
-754813363
-712656654
-707115935
-681092104
-680095711
-679783510
-677295907
-680089172
-692880030
-668657960
-666421858
-677459331
-675295315
-665469210
-636903880
-665892436
-681700917
-665714969
-677295232
-707339959
-693401804
-680894753
-675956412
-691873998
-715758856
-711062760
-714880399
-718360931
-773382673
-784335285
-841700375
-840506343
-842097358
-839748762
-870611753
-869930279
-864871601
-837996883
-913600688
-907476750
-979238671
-994139144
-995821676
-945098451
-979090200
-969462228
-947401974
-944228235
-947508153
-954366446
-975677678
-971817747
-969137568
-964663625
-944325498
-939253120
-1015604605
-1005070228
-982319736
-991322316
-966105929
-968795701
-954724872
-954306162
-955798419
-951354653
-946214522
-867693586
-858596576
-855972417
-919438707
-917178803
-952308251
-965085744
-963160861
-965536096
-956983689
-959295088
-929131572
-943996540
-923221169
-912167124
-907533484
-986001531
-960086799
-1042571257
-1034781123
-1040272011
-1035431044
-1095740930
-1101476437
-1112873682
-1115384272
-1140522675
-1121990843
-1105059024
-1096742473
-1117882064
-1114903205
-1091595854
-1061019678
-1076779973
-1148357740
-1141648948
-1206176861
-1234271968
-1268958614
-1268379826
-1259163832
-1267168286
-1279904610
-1306113043
-1280729114
-1271839622
-1270632728
-1292814191
-1290708458
-1291432177
-1276058815
-1283675854
-1280781602
-1291901137
-1296439497
-1299284574
-1273720035
-1283011075
-1277148601
-1274079362
-1255121287
-1236737966
-1235742246
-1264402646
-1269367595
-1290066135
-1271343006
-1290333608
-1268544767
-1258699837
-1316231906
-1379085165
-1380390516
-1404202073
-1413191865
-1390945556
-1385899497
-1397875362
-1398265262
-1392851293
-1384960949
-1379413422
-1273795432
-1321909829
-1318790490
-1330112013
-1295569592
-1275238105
-1276411431
-1274477423
-1275781843
-1259656085
-1304846051
-1294977672
-1278248212
-1283247271
-1275166836
-1291270865
-1301532107
-1328807052
-1323582803
-1387752436
-1390218937
-1408480871
-1457646825
-1457050077
-1394559472
-1420440960
-1417630996
-1419543747
-1448053684
-1455922545
-1455847996
-1511067955
-1510532251
-1578257592
-1563221368
-1547282249
-1549449938
-1535874593
-1540618958
-1529742442
-1543530870
-1540519326
-1514325968
-1497333159
-1491454897
-1459496511
-1441301733
-1419757012
-1487962333
-1494672993
-1490814705
-1491058005
-1495558461
-1525266714
-1505443717
-1505741498
-1510948946
-1498432843
-1507392092
-1512068652
-1514843900
-1547263919
-1527460756
-1529277743
-1518759782
-1537233813
-1604611738
-1633136888
-1625347065
-1632621198
-1606682492
-1598529581
-1572131531
-1570377586
-1581856618
-1536957122
-1517409121
-1498731450
-1497444179
-1565095423
-1564924362
-1563797526
-1560230943
-1558263140
-1515229086
-1519781887
-1420632983
-1390674129
-1398130282
-1439558072
-1443525164
-1506311124
-1531239797
-1531874037
-1530830974
-1518086772
-1517912568
-1523241516
-1525702020
-1529842771
-1527984442
-1525655053
-1532643238
-1534580698
-1532967489
-1494150554
-1503157892
-1514096945
-1531378604
-1478639240
-1498354168
-1507398593
-1504031949
-1500011795
-1500354780
-1489280667
-1525186557
-1524645342
-1526794026
-1534730997
-1502836594
-1490519983
-1485225520
-1428189231
-1400875049
-1374810103
-1369298872
-1411619410
-1477363190
-1470991177
-1451520062
-1456992778
-1457718398
-1456138413
-1474336698
-1542353661
-1541181270
-1543924345
-1543762984
-1508874402
-1516335045
-1515620479
-1569791392
-1581034954
-1614232623
-1611086660
-1607875659
-1600234339
-1621462362
-1571301720
-1559513862
-1561492297
-1658447159
-1670315543
-1662837242
-1654084763
-1660876481
-1668838628
-1674752909
-1720655087
-1726770293
-1709317262
-1698990602
-1694069962
-1689829510
-1692278876
-1696728370
-1690764831
-1635421644
-1632951742
-1635469673
-1622939157
-1602808548
-1592904550
-1608061286
-1618932252
-1583718047
-1581658937
-1558772639
-1584350922
-1577692681
-1573785832
-1574606118
-1576624446
-1568648946
-1573945742
-1602821310
-1583112989
-1589794016
-1579469414
-1604038848
-1583233930
-1517863147
-1520572560
-1527562874
-1510143406
-1570254122
-1563839086
-1566959196
-1515247474
-1511975887
-1535363949
-1525081768
-1522501386
-1528516345
-1517174796
-1477610906
-1537139060
-1531906021
-1535935920
-1547328756
-1538358164
-1559129865
-1577799974
-1577335362
-1595018970
-1595059500
-1557984212
-1548421192
-1549047127
-1547388507
-1518476875
-1519307747
-1512512586
-1477686877
-1494847990
-1541526322
-1544237261
-1545693119
-1549237190
-1539814935
-1542806497
-1520834834
-1545177033
-1500789063
-1500236086
-1499017741
-1480100007
-1454445661
-1452323462
-1481659165
-1514153227
-1428146604
-1401650644
-1405387080
-1429606821
-1410172180
-1430021829
-1432136604
-1451919497
-1430887445
-1422996888
-1418231557
-1416605897
-1418137536
-1441214517
-1442778571
-1420434616
-1421872145
-1388965566
-1397745246
-1397205182
-1395191431
-1477569733
-1475592136
-1476636127
-1483100775
-1483142478
-1483310990
-1479982815
-1471840815
-1479568117
-1551962682
-1519576977
-1540913230
-1544425005
-1545142513
-1514033573
-1491817472
-1487245599
-1490438404
-1490254053
-1486308816
-1478985928
-1451728649
-1451065908
-1416499509
-1423617069
-1425690999
-1424175102
-1428193640
-1381104096
-1364108272
-1369603243
-1376363696
-1406694575
-1384511794
-1397685561
-1373570398
-1439349541
-1425622207
-1424998518
-1431166038
-1433565157
-1374224537
-1378863900
-1374934489
-1383562215
-1378577177
-1427842996
-1446818766
-1444036756
-1459774580
-1504784824
-1507587315
-1496696696
-1470286890
-1466155043
-1418792317
-1418257704
-1426142559
-1435535818
-1424782288
-1410297458
-1410840698
-1456365207
-1427370469
-1418488913
-1414728396
-1418753075
-1406666204
-1405133830
-1403115692
-1361714258
-1412615091
-1420950105
-1408901356
-1408975312
-1442360438
-1440408330
-1439022481
-1508676382
-1482662637
-1466355467
-1446372196
-1442459997
-1453176019
-1451063874
-1442968102
-1445410607
-1450619507
-1434088577
-1432312339
-1448318871
-1428971142
-1437179276
-1469233493
-1481706561
-1462670919
-1424452625
-1485496264
-1461524905
-1447090816
-1460264107
-1460689947
-1445469591
-1445963869
-1447030782
-1459431258
-1467585569
-1483511096
-1510031700
-1502088631
-1492875974
-1482653842
-1467285757
-1440899047
-1423966516
-1428546661
-1501473932
-1425175996
-1488366765
-1548617364
-1551030329
-1567524908
-1553093238
-1560522290
-1571686013
-1565790614
-1563729111
-1558134563
-1548319907
-1548859442
-1517892859
-1498882169
-1563180494
-1562224329
-1560145826
-1564739142
-1565255356
-1574935431
-1574021331
-1573117300
-1558681178
-1561847203
-1571536512
-1568139500
-1567193899
-1563780915
-1544189699
-1522149995
-1546705371
-1540004346
-1540281224
-1545454486
-1547635869
-1577904913
-1571660193
-1632707824
-1631830779
-1626264499
-1622670910
-1623731954
-1623324997
-1617259714
-1662658579
-1593206171
-1581591973
-1556172747
-1547399512
-1521171986
-1503237778
-1501394963
-1492385416
-1488337034
-1518770552
-1522936276
-1526655283
-1525640944
-1529073923
-1505906873
-1504117821
-1488909588
-1525748820
-1525903489
-1525992091
-1530726427
-1564632878
-1563928190
-1558532765
-1547976992
-1551490739
-1576967068
-1585173793
-1640612445
-1659546490
-1666040401
-1603515577
-1626046582
-1630086121
-1629278823
-1628021637
-1625271524
-1630954067
-1633200350
-1629247489
-1634723153
-1661016043
-1618739805
-1614114618
-1596093809
-1640587458
-1638554726
-1622568826
-1650177140
-1648251592
-1662386191
-1652100283
-1658954587
-1675826616
-1679226317
-1678959103
-1597563067
-1562652568
-1581998278
-1543016250
-1543318114
-1533187457
-1522502308
-1500843525
-1516188931
-1506601144
-1474961008
-1467740298
-1458291021
-1474810770
-1470476941
-1467523334
-1469118559
-1508785662
-1514180193
-1535524658
-1517330489
-1509904655
-1547681035
-1541760122
-1586002608
-1632086515
-1626310128
-1621999575
-1611730692
-1602113827
-1592820750
-1638154178
-1665339250
-1669533190
-1674193794
-1736533086
-1765408899
-1752135160
-1737140643
-1704332971
-1700669853
-1718743750
-1720200119
-1787235403
-1822274250
-1828342757
-1826142771
-1799883564
-1800698695
-1800180670
-1794431315
-1769854464
-1771309262
-1767641062
-1712299985
-1713004690
-1708872310
-1730290615
-1732971402
-1749734411
-1709867081
-1673571061
-1677881148
-1671645894
-1653349121
-1652652227
-1641833006
-1618122257
-1613127758
-1615484862
-1681209153
-1692086287
-1720732123
-1712407447
-1771771265
-1776944667
-1763182021
-1699820291
-1684214203
-1682685516
-1736641798
-1732039686
-1809238783
-1808744672
-1808585612
-1813819854
-1809414798
-1807819625
-1783888386
-1772823537
-1752271006
-1698456195
-1725296126
-1721431653
-1723265867
-1722172166
-1725364022
-1746929803
-1739682462
-1740370373
-1730141259
-1754679020
-1750579575
-1754353128
-1756003754
-1756958221
-1760963474
-1760379803
-1748655679
-1749385606
-1755495003
-1755213520
-1751225595
-1762670243
-1812771635
-1757467586
-1725108733
-1725138075
-1784507680
-1784487160
-1790035289
-1793910741
-1825713538
-1850190565
-1923910020
-1905171758
-1894347597
-1894071045
-1884910698
-1900241359
-1939745965
-1945361043
-1945943761
-1918892733
-1834297835
-1871829232
-1838401186
-1836596681
-1830728659
-1829725084
-1826988343
-1852602379
-1811352506
-1811245635
-1826193241
-1826414856
-1831467637
-1918961715
-1894390139
-1895960388
-1999648735
-2082883281
2140958529
2108859521
2121436152
2056609620
2056814428
2061702523
2028305578
1980682063
1994169230
2026352623
2080535979
2054158311
2073859309
2082986364
2052210323
2049849640
2046988239
2045571869
2080623049
2070933842
2099505402
2117373056
2089262752
2090155347
2084341083
2123860687
-2143546483
2145584972
-2130631620
-2110732454
-2099707279
-2113490655
-2117815607
-2094237831
-2122939913
2099021666
2120878136
2120506075
2123776084
2128524116
2082153861
2057689509
2030294742
2049048192
2071106267
2022973044
2020504306
2026033474
2035136108
2029646756
2029002161
1955331430
1943770555
1945263195
1941127963
1950542949
1927331623
1925369453
1929794224
1908314940
1908171411
1904680425
1904315578
1897288067
1903760731
1911669051
1866269322
1865154502
1868729294
1873607053
1872282656
1882563024
1882158174
1892993286
1893091906
1935492413
1939532447
1894554890
1888966985
1888118780
1899458144
1899903600
1939131738
1935990284
1948142969
1942405645
1985766155
1968016219
1968476635
1919321283
1916466989
1903874470
1902004971
1882989974
1885277629
1930637325
1935754326
1940516481
1931424403
1929828766
1934351491
1943004988
1906691245
1899548713
1900827197
1863942213
1844697951
1824629887
1802228428
1812680008
1798030637
1745208380
1798917781
1812650266
1829714887
1824864186
1831518241
1836556640
1837479222
1746497836
1762274497
1772857767
1778464339
1768401342
1783835111
1785676537
1785304766
1789420624
1794446535
1732380516
1649123521
1642691365
1628541989
1583072623
1587166348
1588790944
1578754980
1586902755
1590332359
1573348391
1537353782
1526551804
1510362696
1518892955
1495612209
1466866346
1472820915
1463465243
1416831507
1414946869
1391140240
1461824464
1470760403
1477719526
1479351349
1489674626
1488910367
1488966395
1471507267
1509841946
1455069006
1475603394
1453134801
1455615693
1441334063
1440802580
1431677305
1425082132
1422821721
1414178742
1410376152
1394091440
1379012649
1404289512
1402405328
1407702455
1401272831
1396943431
1394380129
1403662532
1407081230
1395038499
1360139820
1389567634
1300887850
1384179432
1383565042
1394282644
1402894674
1412536177
1399621280
1343446217
1339108041
1285622319
1270729737
1199007417
1202531365
1188783528
1130100670
1116725561
1109093204
1111666100
1164955739
1168631719
1138421417
1154259306
1148651661
1209360728
1196957089
1197619804
1189051464
1121528693
1127626549
1122133640
1151978759
1169589935
1165757492
1130619452
1143115026
1200533925
1199255715
1192065652
1190141137
1185135966
1149635409
1131016072
1087513037
1059488752
1132823352
1127247364
1117847708
1127758540
1128043347
1125501683
1120491245
1123282919
1104697325
1107915846
1104404296
1089405017
1109774554
1105236224
1107324527
1111389822
1106000107
1093268356
1095868327
1089012896
1173906506
1157880711
1187090085
1130805758
1119447462
1073980112
1089323096
1107282334
1067777999
1061819228
1068702305
1060414161
1058979372
1016322261
991890161
983295427
997512525
965696193
969597460
980598431
980899913
979571324
978748510
981522599
954568123
953609359
952967924
948489030
894972692
884257480
888627465
902666653
871655373
855269987
862503189
871320333
849112842
834900206
817456083
814902538
782774635
735716579
732864397
720908110
719412002
715747460
712636919
713076263
724502397
715574218
778613548
770419285
744072009
739623147
737185303
743597389
752504736
829542968
836608309
853319474
855147588
806213790
790111926
791954690
703552038
618482369
639393380
639975631
643615974
642393697
656917660
603652460
603110316
593945265
577040312
578232193
597062248
591205159
597558805
594102823
591245078
638002557
644488862
657485377
631170777
631927907
690747234
693324576
684181109
708503196
713912699
729962192
689918107
691271908
696326636
715517458
722582026
716222620
718835433
721602288
751742060
737876072
751732371
752845244
757310686
786215648
790899311
759279333
763196811
746051084
729771623
729666699
777817821
765432148
912092860
872247893
882361928
884467355
915404269
912418179
912235726
903737045
904571239
991646664
979358969
984520501
976329427
941585967
930968136
918597889
891468681
872285984
845514082
861019233
780150411
759071969
759955442
760199897
778568365
695180546
694429031
693051831
696084557
703559377
700522518
695101165
696014804
621728545
604130392
579164885
567793233
549320272
551066812
601325213
597298924
570753743
584076388
574785538
581103737
577810912
594320507
533050185
600278709
593594147
608390118
630971653
631386780
617294834
624322353
653999122
598622240
621986247
608881185
614703913
617845765
524124037
529548948
521124633
531857761
508017648
507872178
492056165
491558481
501432144
510671502
511900956
498798736
448656154
440469616
442820471
439120076
483023242
483450296
525074763
513894769
523928855
513633465
488282561
483371743
479280183
484347045
486381487
491283793
523056803
552312720
518981271
530451426
537529179
524264746
517732781
526858208
497639387
497641411
492491343
503690474
503671797
491754284
481270024
496499024
485709474
469327067
472887334
484878243
484435445
499104581
449117619
441473590
455742862
458684065
466810172
496201675
493027199
492244086
505270749
480689940
491841487
523448567
537871591
547521975
544342656
545397760
543047557
544460603
537096059
546832785
539873296
562488077
502713907
512360629
523411710
527093022
555305117
552198895
563747712
495749993
492350941
446358364
401019392
381412436
357146421
264423379
303613567
295681951
299046897
299169455
302041286
328590494
336804081
300289317
271395859
298499179
306487341
291187969
223674465
237235819
234870702
236608651
300606424
291469707
278463601
310738932
300391898
302725663
292232021
254909447
251992813
256785319
231028711
260375197
263466063
273615970
239112628
254710637
248627969
338497735
329394268
345480282
347450972
351355601
396177092
371051328
372392663
356244706
354376619
352565096
390794068
376232806
376639982
306048513
305781081
291415766
283332415
298314035
289757255
303191396
272286271
266826815
241205507
242813041
243702518
243687820
274680027
277960415
246005808
245764174
227852202
200657045
216985745
223741793
221533345
223796632
179408464
158077595
128388549
125862137
126502632
126544203
135622692
131340343
166105765
168908641
165931581
190321292
209576393
189890712
180912934
147272297
174677915
167669467
163009414
150326102
108247345
115977074
102447286
88947917
105664145
88746280
41962303
-11819589
-3439523
-2345685
-23819282
-21746405
-22340658
-91913117
-30949792
-64565210
-65039703
46641000
46895645
46123766
45630608
36487190
15679445
-15145960
-28237727
-21706395
10920255
9326085
14182822
16863962
7429653
-7042389
-36832208
-18293164
-38364591
-16489630
-79053736
-68845937
-66417043
-95836701
-94124230
-50190340
-43732435
-40390602
-39168033
-96573705
-95242015
-143622302
-143684002
-176379380
-175673326
-175613786
-173203072
-157773587
-137879865
-112452778
-74413161
-80358684
-75573252
-105261105
-88135985
-49856031
-44815828
-55249466
-10324670
-290933
4205798
-2058915
-2414636
123652
848268
26219130
29256619
57462483
95107880
108805516
128904105
144054897
195663648
219961465
288273355
290839450
250373943
255668732
254165947
211831091
219204580
216927613
240276622
233500476
252710974
255888432
281390734
286981746
290004001
284635137
299951043
300551036
309379606
285336325
259288974
242719107
242225299
251364077
273164947
262491506
268166006
246892803
261077394
245462628
250473993
234613243
226471820
220013411
199052987
203756996
226630666
210556183
232188256
249507070
256635002
246230116
242884195
272908580
277579753
276074297
228147179
260225141
265999904
274723920
207967001
219405557
207436510
206182790
202768534
196406537
186136024
189945853
183914837
184436235
175593149
188133984
207094091
181565816
183270846
129285287
129341078
125516438
109490584
169351822
185374514
189544524
183307968
184642682
185364936
192369360
201657038
217773601
262266640
207572684
215637210
135321741
131553683
119873832
101878296
103080438
106030849
108430806
90282428
107641143
106320798
117184463
115721326
148176330
162441912
164299090
167030896
156114540
177571208
177788799
181070288
169893596
171605778
168200624
167661710
166390272
177887558
183954918
151790068
147448964
194522604
213964069
196474768
230895782
231614303
269808619
274594886
261992544
238131567
223487535
222414774
192528094
178057950
174260912
160246176
139717575
142256143
158033509
175868805
175959211
177472631
175285874
175593872
187861761
172098710
172043799
170714522
153389035
131365721
142916006
225589588
226237888
220678292
248125719
248736072
248407519
231957861
282241432
310291007
329238146
315693160
267291697
259549528
269256657
278440540
307080532
322440475
321723530
300110307
294549173
298918460
291584533
284060918
280706226
285166823
287843530
301434641
336834386
299983282
283179765
267037978
268064386
236051575
241339131
221200060
239826831
270605541
274561258
176320158
173558354
193787367
201740780
196031822
203825334
216555118
235735142
244179901
242811351
220721784
208951545
205167318
208565727
253127551
222413687
266406255
243728975
245945771
248896030
248996143
372664114
378115644
377048305
380242506
399857643
402147396
401988684
421011961
430800173
441527823
450179140
450103416
394838988
420045049
425946342
419737217
371123362
382431071
342602251
314504275
325046571
365476814
359927178
374805728
369469888
419316026
401934975
387033826
383937937
375807556
386344114
378306858
361859287
363900917
314943317
304169063
292130514
351518831
350497488
352575437
398386151
414416015
410309958
405538800
400252680
422560018
427610660
455169321
484049010
465613166
466203314
458278911
457460385
473905941
485351835
516787837
482633552
517937564
524547249
533286287
531200727
562093730
556250605
564471902
565393688
585081384
513310091
531746244
530823845
523642765
557785861
557011805
552548641
550437496
533774601
538993396
561765117
551111149
541426525
541999547
530157201
538340378
534940237
522188989
517495876
443378774
438937543
448266516
452358748
449424529
475654190
472960665
474735913
479110241
512520013
514215648
512714606
514716543
492444051
510133801
535581555
544238031
541838343
542017902
550779291
538101899
528871788
533137853
517193037
513637962
515176726
517732499
505496340
509213815
503502316
463563920
423111250
404474732
399695448
406768984
324694051
371956483
370087635
364020808
336922971
340403054
340848461
307258758
322243009
324000563
304828318
312572071
320181004
334734052
339092507
302648692
362071073
374699071
357599908
379003757
369231238
360698327
350516680
368599687
365641387
362129802
342078145
344257094
343947386
341816716
308538654
308676359
259302562
249270218
220174301
183185545
250473374
200822905
204232825
206540417
215502640
217017150
221073319
221243488
226062056
225035491
219135997
273882576
282784517
297825517
258259485
253785644
338027066
334470279
336921549
335290475
339419570
336408617
336553717
343797716
341013494
363122772
362948718
365066525
388545778
387045622
397528577
399330140
413178265
348992804
368193196
378146905
382172237
384839408
372607736
379880154
388511718
382954256
394638231
412054003
413716352
371152099
362902020
385193567
415367814
421522949
429677281
383845451
403762345
375460728
342009966
333871708
313136792
300094656
251563840
332443300
316328021
298608110
321145908
337235305
337531136
329487317
302946877
204456104
195533069
166336604
157330760
166636396
163174316
113570515
132479168
132460521
111430688
52519057
22887664
33079343
43143173
55982000
95209402
87304328
80333170
91198766
62356172
44457756
112307860
73689003
99944210
74796288
74437193
79090933
86461169
63095856
108939687
78534775
48360371
49291982
61223948
71936528
66896175
24890316
29599281
31270236
38055100
37206785
38633499
76994940
78918548
85204884
92421576
121443375
121917455
159380435
147546489
124052276
108689311
87330388
112625321
168924061
168773677
248082366
255242343
238323329
231468062
238684909
349162263
352051411
378243409
376120224
351464592
333219692
300948014
298518203
299509381
301453304
338976050
343917059
309823425
326664038
369125471
435120678
430317085
428642074
380578768
402374265
394965110
390417671
389314817
376978143
388075084
431625496
434175818
433944814
440140355
474628634
423444785
424108650
429196766
416765833
421029626
421171345
489679037
494079036
502684402
488007514
476483678
485662399
436245625
478504004
494234013
514992164
515055207
505595977
520827275
511860350
502522961
503440159
502628035
468815251
428494653
435171908
387681742
412105495
411919979
403717097
405772945
396921699
426092657
419360035
419292725
421125417
403089683
389920795
334752452
357125827
359622315
336407534
339219429
309410996
300911708
300514536
308675864
305468932
302599404
248929499
286198278
228938536
233969878
177152515
178671908
182349376
185622683
200774355
220605432
225661425
235708812
220895860
211115868
226512837
184351655
185802696
196747449
202729352
206229772
212535941
209212406
235290335
237970874
247571063
254555717
259393821
271905258
263206202
255699361
247689498
249869519
260016155
258733456
182365190
183619992
167647371
178989528
179616003
174711731
85246417
82536539
86888956
128279858
129793282
133395705
81791466
52937437
88959813
79103533
78560170
55256050
30323142
45821329
29864768
16414931
21050069
-31101044
-22893996
-55311508
-54819819
-56850957
-55917873
-57083106
4419611
4350527
20153394
20656869
74401306
87002147
78509606
77583168
79602739
56159132
66650417
79899492
81531446
111861008
84521407
76291202
31912058
32219134
33849649
35455746
37387677
32033179
40997109
27004449
42025182
61834270
68410150
69382261
66936638
76980242
56488299
71157914
66001468
42364575
53235567
76243105
63962249
70694834
69273162
74755573
71046752
77097626
78562237
82725169
134273376
134664339
130276772
115560859
95031892
22066962
35444988
-28574445
-69719353
-71070104
-93534282
-126133998
-113891323
-124196750
-130129111
-128604995
-128865157
-213301933
-273744514
-262654902
-237313110
-234888153
-242628485
-239442678
-212508574
-186834371
-165036826
-165441558
-210167283
-208761915
-208475273
-208390360
-209474086
-212194724
-301718081
-267858047
-265087976
-264272797
-270312881
-269884523
-290840094
-268548195
-265790837
-243142610
-270594073
-207925720
-200735878
-201037717
-200230247
-201324147
-206674277
-207472744
-205175403
-212689946
-218321063
-219392629
-212961083
-180132564
-168069808
-146358037
-154024963
-162703067
-210653518
-237894815
-232003825
-226765134
-213696707
-170676244
-133601016
-167099515
-157807775
-172773454
-173107024
-194890073
-183162932
-166516642
-185620306
-169427006
-156035087
-111013571
-40300582
-14079618
-14008503
-31347166
-57292980
-61593726
-50420172
-71463113
-51945544
4601991
5711476
12224246
17104246
48402469
54223988
43920690
-46564544
-46627551
38216319
45867006
-266826
-56424784
-56273635
-47728733
-49739998
-49831606
-50848038
-53111089
-70771311
-94045741
-101671469
-117312559
-117025345
-114533319
-107247486
-139935741
-228073347
-261912448
-262285347
-265279668
-302900030
-320220838
-318932530
-363937032
-340183941
-271995474
-279594727
-266057129
-290423278
-284647741
-267351278
-199600663
-232779181
-234808808
-214148600
-216009337
-209456855
-208245261
-217512981
-256678387
-271865821
-263947389
-204420275
-202699373
-196353851
-173579553
-177775289
-176816642
-129258070
-130717356
-120174500
-118360829
-100198507
-98129512
-94933636
-104572499
-112543699
-162209917
-183009718
-228888015
-262822409
-265173223
-249267980
-250994170
-254506008
-257335897
-250845183
-253725873
-257735558
-249578291
-275940301
-277129840
-272985561
-280625789
-281251660
-248688711
-233475120
-251156555
-230680708
-211861978
-199808765
-200755198
-206793065
-205953152
-199019627
-196722945
-222414536
-257551181
-254319544
-257135096
-243260594
-239748790
-293516792
-287040547
-302397400
-302327979
-311128712
-309830667
-306317623
-308500777
-334704853
-340769842
-336532480
-336910995
-366379790
-343455722
-344274721
-369159285
-396849185
-395243117
-397564221
-393347940
-353879399
-358529941
-349229574
-270448674
-256918893
-246328391
-261040609
-260786565
-246892265
-237989370
-262826203
-280661736
-280953758
-293230540
-292977209
-285295242
-274100624
-258458436
-255347962
-252898388
-285429929
-281635990
-381604477
-380223738
-360341870
-283200783
-271016768
-273880498
-243309227
-234629673
-219601005
-221407022
-225105745
-279015940
-327911349
-291857921
-324921513
-277951746
-277056005
-279918472
-286095841
-287486080
-308303236
-308197235
-356125775
-402254474
-394760485
-440487802
-440763086
-441752938
-442903234
-399246524
-341115181
-342108709
-420904393
-393659893
-400146018
-442531153
-435910883
-448502732
-446722718
-439461383
-444212127
-490885537
-496913095
-493791807
-503518734
-535749753
-528256033
-533978166
-533981034
-533931486
-538863836
-565352184
-587118687
-582920510
-577572875
-582681404
-603159192
-603004049
-606768221
-647501957
-690043824
-676861733
-702745618
-665287511
-701543917
-707582196
-735835877
-712172768
-791354229
-787429036
-801819305
-788061931
-788914556
-793764044
-813040989
-934680082
-914429766
-953557929
-970244960
-1030127297
-1022058778
-1066156088
-1056392544
-1066004911
-1062513499
-1082928809
-1072762802
-1071332130
-1059289539
-1078258070
-1078447018
-1074342362
-1075471404
-1098392814
-1098003225
-1100236607
-1091830526
-1084611214
-1090493384
-1053074040
-1074032507
-1070768303
-1081329870
-1084367278
-1082785144
-1083151202
-1065973701
-1134734131
-1141231646
-1201427137
-1179055573
-1183858304
-1188067733
-1229533230
-1227921263
-1238865751
-1233890229
-1273119593
-1248445899
-1254846806
-1271471474
-1261487521
-1283823555
-1286836488
-1256129736
-1268700961
-1295073670
-1280944766
-1213123631
-1211505561
-1198042972
-1202941988
-1199774675
-1202939763
-1235777021
-1233548923
-1231216543
-1291483136
-1285886934
-1279022462
-1264825474
-1267657018
-1237602705
-1196893856
-1178387396
-1178074493
-1204340183
-1197419130
-1247561825
-1246989206
-1207616542
-1244790464
-1237618554
-1214273066
-1223932896
-1266244958
-1265589459
-1376343609
-1383014376
-1380680271
-1421422869
-1334248194
-1335939067
-1281128362
-1311749751
-1343983611
-1339100172
-1328148152
-1297656345
-1315762968
-1307479639
-1304476561
-1293700395
-1345450643
-1393558178
-1366420433
-1381480796
-1387740803
-1371911873
-1355227796
-1355739180
-1361849487
-1362097652
-1347318440
-1374722386
-1371923750
-1365741999
-1366990768
-1374251518
-1350921805
-1352767794
-1324522075
-1308665207
-1311078144
-1323806270
-1300260470
-1328200409
-1346594255
-1355657013
-1359245272
-1357329444
-1433430165
-1434208515
-1410057182
-1411826553
-1401995330
-1399619049
-1432639356
-1424145232
-1410629996
-1416037284
-1416314868
-1405144377
-1416119148
-1413620642
-1404724368
-1401418454
-1417257919
-1432799603
-1442131077
-1443446169
-1458820808
-1440061539
-1436893202
-1458858455
-1452904759
-1452796855
-1483830480
-1510517436
-1493158690
-1493257606
-1473998371
-1473813158
-1467036733
-1461552321
-1467711972
-1445405270
-1441443739
-1448758952
-1450418784
-1442461274
-1454830292
-1462756527
-1473072022
-1478182305
-1461464716
-1454048264
-1451362293
-1443273234
-1444873520
-1502532064
-1469931313
-1459259491
-1460300972
-1471979089
-1480173434
-1473281438
-1509450615
-1510124459
-1512094397
-1496521473
-1490428949
-1475449460
-1462284575
-1494504396
-1509043564
-1553447695
-1522573717
-1529560530
-1526723486
-1568818897
-1512151154
-1515101888
-1521261615
-1514976488
-1518472618
-1521846888
-1500515794
-1476334880
-1434718025
-1434739226
-1454168292
-1454714361
-1444361238
-1434651346
-1436027844
-1399121397
-1399925692
-1421599057
-1421950334
-1443330003
-1437181004
-1447964351
-1532732056
-1529723137
-1580540401
-1576735333
-1633409547
-1641680279
-1644458280
-1650976738
-1645380731
-1652825688
-1646647523
-1650968414
-1635036151
-1631458890
-1626829832
-1620410906
-1626697583
-1631115413
-1679530013
-1686121493
-1687033684
-1656537995
-1669402369
-1715719235
-1718288803
-1745001016
-1747572698
-1783661508
-1822965887
-1858804285
-1864696860
-1874076388
-1865306905
-1901131393
-1887397087
-1899994365
-1890006344
-1886367795
-1862030271
-1805045208
-1792147289
-1789943146
-1786226749
-1912161649
-1918274841
-1898054418
-1888240840
-1890330452
-1870253141
-1867348476
-1890359105
-1897174661
-1900575259
-1919494624
-1917415235
-1926488264
-1939342280
-1925180499
-1933903498
-1936297011
-1912278367
-1911912905
-1910812630
-1932747045
-1933286462
-1935585829
-1913973078
-1900968946
-1875355041
-1880747041
-1885892124
-1878750188
-1919849207
-1890706620
-1886825923
-1914670095
-1888897620
-1868491756
-1861232392
-1849677004
-1729157223
-1727839252
-1724753202
-1723428154
-1688190720
-1761847240
-1774579297
-1766270768
-1765790818
-1763799732
-1770426033
-1749677865
-1737861659
-1700399402
-1670913656
-1666391166
-1659687344
-1683900630
-1674632796
-1677260343
-1696774348
-1708368057
-1729717533
-1727695198
-1726191898
-1706310807
-1708676189
-1686954105
-1678110115
-1671719651
-1681569973
-1675842684
-1678654671
-1746307352
-1747821919
-1731797831
-1707445053
-1651598123
-1642363742
-1617632205
-1616628598
-1610998220
-1610844453
-1600099685
-1608695347
-1641972552
-1679159158
-1661850675
-1598919223
-1632355972
-1628732665
-1632447028
-1618738472
-1679732373
-1671514434
-1673805003
-1746463732
-1765832845
-1726992603
-1725973785
-1724074047
-1702898205
-1707976282
-1701290690
-1705925016
-1730536207
-1776976520
-1780156678
-1779301943
-1749611889
-1751763917
-1762344049
-1738785960
-1737238618
-1725857664
-1708046914
-1705236928
-1714452306
-1718953895
-1719062093
-1788180073
-1786912310
-1739832384
-1699034179
-1702919673
-1694681579
-1684542646
-1704571855
-1710718872
-1707933521
-1731776586
-1743365088
-1728547082
-1701357221
-1705065212
-1721495598
-1770071408
-1759938647
-1763812575
-1765789792
-1816578783
-1882239132
-1900170025
-1898867018
-1898432013
-1914912535
-1887693758
-1887357213
-1900284250
-1888497339
-1886416330
-1849860365
-1872707813
-1873326889
-1870756485
-1961460749
-1960615287
-1976233387
-1983998131
-1978579395
-1985594201
-1986085548
-1981647923
-2047002421
-2045799581
-2051398582
-2096630484
-2073383159
-2071128611
-2072333048
-2084883114
-2091192710
-2092700054
-2055438334
-2051884402
2130244152
2134983605
2127649370
2139172295
2145690270
2117349195
2135773696
2098958939
2095695428
2096774833
2090912826
2093872519
2104297534
2103393877
2104534947
2121855006
2122384347
2099204570
2095542769
2097095665
2108640331
2139356968
2130136859
2072414352
2107725118
2142782444
-2144139346
-2122558998
-2126027179
-2129052901
-2137910597
-2135448449
-2080217915
-2086205401
-2124767513
-2125402194
-2137399998
2124764425
-2110314848
-2129562745
-2132073735
-2133208681
-2132302698
-2114035037
-2044548958
-2053328292
-2051113673
-2052407154
-2040977682
-2059624973
-2051003455
-2053547304
-2029315213
-2023953488
-2057920121
-2050564696
-2087613288
-2074091284
-2081793220
-2087901069
-2083338135
-2073909503
-2084409843
-2113434580
-2110044663
-2070679217
-2081177841
-2060983591
-2067031995
-2069844192
-2054956384
-2077708511
-2078398851
-2093797062
-2117442397
-2134738890
-2120976762
-2114718464
-2126104024
-2125382381
-2125278183
-2124273767
-2083304271
-2088137377
-2079295272
-2079481382
-2058343591
-2095765891
-2115766557
-2100254237
-2112424216
-2105537789
-2103782196
-2109893547
2135317289
2138168506
-2136811023
-2134154320
-2133092303
-2133075972
2083115005
2023655922
2003632231
2042837294
2043051767
2054892688
2060096345
2027574247
2031860268
2029772937
2038339430
2045192868
2055559140
2022322748
2049594337
2036883572
2005961812
2030616270
2022768095
2014960222
2009788951
1998667926
2004805631
1980825725
1985707493
1994726333
2027805114
1968070681
1967291157
1964235865
1925558039
1926700960
1924207634
1922338790
1815472693
1817276170
1818133043
1816216562
1805294457
1812925530
1819309561
1830447453
1861397327
1832782528
1809144965
1783996247
1783463775
1728118403
1673077578
1700447086
1653305246
1634544313
1631597240
1618896522
1608222105
1611482289
1615428841
1625832053
1628696993
1718001562
1743459355
1753696169
1772601383
1771900295
1817679004
1867271726
1865045152
1871436618
1877537708
1877733852
1888374318
1889808582
1899011697
1899414042
1883606141
1884780102
1866020900
1863832600
1830058628
1831015698
1865535711
1877890600
1868944175
1847250408
1848958644
1854298781
1848835710
1847533126
1833875655
1836467299
1802823871
1829350252
1854853956
1815378278
1795789214
1772300995
1770265192
1790535476
1797786218
1799822232
1734366440
1709586420
1723450442
1748775892
1707422034
1701295001
1668622386
1675655897
1674367415
1631013676
1632346163
1621876061
1624242581
1632974911
1624443889
1639089803
1667705292
1680098311
1653101161
1624516424
1626546562
1622315382
1557533691
1558694957
1540613734
1515889287
1518889701
1482388662
1479444916
1465409966
1462899462
1460826975
1431884445
1447933726
1461928554
1467137095
1470321341
1463781158
1475003512
1473425927
1461458960
1461410320
1462945781
1493678900
1506470801
1521569319
1530676346
1521246160
1520878171
1520878220
1514778087
1523287178
1512466687
1510030257
1463463692
1456483403
1476194182
1476080017
1375961087
1365476079
1378089124
1377864374
1372364340
1369296611
1366922654
1425998122
1426182977
1440703197
1447114250
1414444533
1421883313
1420069107
1426955713
1425694991
1426824599
1430833707
1430957507
1428005918
1427374536
1433247007
1422437069
1400814271
1398104258
1395159427
1395743193
1347532287
1346503289
1366710277
1366094137
1357952096
1303085122
1304238505
1312939321
1324365535
1321929076
1319627877
1372487087
1388053353
1366599994
1393410533
1391758723
1392252997
1422892938
1422497833
1363322724
1399456488
1419531218
1375281394
1409620345
1372746240
1387611697
1406072108
1408377261
1413342677
1412510367
1372709121
1379088531
1387504225
1384132631
1401296957
1403803174
1371326741
1337771980
1325035676
1341321396
1337722364
1323859204
1315041368
1305424707
1340139832
1339266023
1322734857
1320259860
1244579861
1252428710
1247405820
1246551277
1231734129
1232807283
1241073144
1207434610
1215624040
1179381316
1181632585
1163220355
1173008628
1162586483
1131953122
1111007062
1086222408
1039814530
1040206263
997431896
1010394876
1025870027
973183297
986457000
996136505
995133839
1014861247
1010621254
1012446871
1032047182
1023439276
1011559816
1015833308
1074384523
1073335829
1087613549
1069567293
1099670618
1100789930
1126947090
1124082869
1124172568
1124603499
1076882743
1106972504
1083838683
1092888376
1098695632
1105720382
1107595446
1118872565
1122106306
1112834606
1115717154
1053555510
1065542359
1076275019
1090008603
1090727688
1089797482
1092831087
1044729852
1049929392
1054298520
1085869680
1114706642
1132525324
1133278982
1149338070
1106211874
1067642270
1079537587
1084985120
1083622539
1103405091
1114190251
1151201370
1093140770
1091929643
1093613879
1111619826
1105808964
1109599614
1100868863
1099888950
1057407884
1124570272
1099793755
1093901009
1111419281
1114015070
1118384638
1142939589
1127060429
1108130023
1127893980
1132544212
1130021559
1097962616
1104164031
1073745189
1077359089
1076377528
1080611340
1087191371
1092359044
1110616283
1106556775
1043847924
1013827012
907278766
918677634
916000696
790529087
790802501
783356901
752719818
733694407
730162922
695798364
683778735
769855592
740496639
760234148
715955464
709310476
749265440
776825179
789300823
825065241
828176828
834593475
769284701
779213506
777240326
797102366
808549246
816053761
836073257
790972541
796390985
706210143
676161608
680934363
682239475
661523854
667519555
675755297
681284845
676907800
668433393
667083648
640097549
652652822
701300286
708063287
732246779
736918421
613397255
626338173
572189581
572468047
655074156
588311163
595151208
609626408
616625395
576086921
581044966
565145795
569463514
564416758
516308775
511782482
494617104
498289135
524755995
584541614
588142338
587993864
581662707
597135690
652030148
677684755
678714053
691700827
672698976
687317101
687273961
692185482
671474249
678050868
671300102
657014032
664117132
660283707
661306516
667717616
672732919
683268889
675733057
671753582
624261199
678482300
623749233
689521263
707749045
715460601
724482681
727382622
736275100
704355893
689930472
592721921
531579314
577706485
617442431
613257718
579322614
555180815
562691952
602617702
644661312
650875038
664093649
660596009
690336897
706545115
700769943
718349639
709070218
709239021
701320013
698135351
738293606
738547476
739172749
742138355
730640036
726666702
736747525
717729791
676612666
669641245
665491886
659740397
658241205
689478414
697919789
690664535
689113688
689783590
703964986
708005899
692812065
678870660
681212511
657255140
644486052
665071494
674603272
638585667
623629576
641906581
644463516
648828227
667119473
658572431
625203209
598211967
601866962
608938993
598189515
660660145
664088272
655322823
606628098
607983978
625264495
627451056
681480403
692459059
662038372
681462195
695250319
677314830
672139415
687540779
614498411
610479466
611401253
595269223
594064346
604287197
608505456
609479210
650341201
664386594
687183499
615512989
623208514
638477129
644167339
648236813
663664851
654101527
683763885
692144327
687767682
670317112
669049352
660868415
654938341
624553661
624954767
571724988
570739812
551830683
539830012
569189587
578342164
576690056
578829483
563994085
561972560
521286665
586733915
590253465
615435353
631603660
630058890
625801832
647219512
644919951
704714706
677480576
678554196
684330061
692907765
643378445
643284029
676002977
692260244
690572952
722633337
739611736
749386262
787563308
816670566
816539089
818210095
814220090
735780552
745689448
779307266
779269453
774490274
713738975
786981033
780187906
781386284
802657228
802736943
844340911
866166034
870384993
926613779
947749885
956701561
1073640264
1089743540
1085502085
1099855319
1100484613
1143184139
1149500690
1169585450
1167602118
1127787621
1167174075
1199257772
1188081375
1194226110
1196235244
1248675105
1248687677
1249967168
1241554330
1242442065
1225403922
1181624487
1194964794
1223953109
1171077528
1174726339
1116691782
1101949741
1102848187
1101629700
999631415
923571765
922120222
924419499
924923665
926428989
928102864
915564747
913352719
927239031
925871784
936383731
950823330
905439847
897496417
896911182
918715378
916577135
793481127
797613869
731086666
768441907
765550088
755869312
731899447
727702678
773938648
783116542
783781061
744801091
750128532
773701756
777393699
785768190
744198372
748150672
723221387
722600496
735986391
728474044
734268868
733810325
708214242
655587195
540616269
554254370
554001305
574660807
582886450
573282722
583401554
606587375
646416632
619378688
621415550
638630133
639076071
641414902
633516131
632348917
632377363
632608944
629596227
634647931
637778538
642836583
619524014
618932479
620626258
633958028
612641658
608618868
601413365
605716258
602754815
585086458
576638320
571294835
579638998
575242573
487546722
497795104
498054220
490386547
494410361
489261413
483100242
520918594
514273537
530511887
539792815
496500303
516858522
515430727
495128039
474604980
475986446
481156650
354476908
347410931
319458769
333024840
339516511
325566494
355902636
377728527
401334741
402198422
419075145
430781239
412769371
420492715
438219653
440882162
487778668
443234530
490411972
425503954
430815633
432478764
427085240
439347621
440760360
446518490
463028040
383923500
353763111
392830852
390301601
430673461
431194051
432460302
429514707
440543396
437916121
405610434
406170852
401163861
375074442
366930498
378933291
382267386
403207402
402033821
402140240
387590805
311533187
388278417
399051629
424051422
423018449
421959034
367624219
393966643
386462169
382707174
385623176
335996185
341035689
315479131
351731218
325740348
321991159
321485777
292767706
290622733
289962164
287469151
289729098
290240072
198765592
193740532
209218837
237070158
248955551
238536400
246808155
236635263
263496372
262231744
263003724
247010962
274701444
324157237
344868445
328661977
326128250
250400820
259906104
241955727
245337500
246421980
249035591
263107438
267269274
248642225
254869083
256599030
268537342
273953757
361244218
336128211
339647484
345169314
347743377
316978281
331302520
325012635
309740707
349361130
299973797
276840557
250350651
261403081
250722326
250802501
251281824
250613099
146440267
151762261
180808476
196281357
166010833
157842978
149879661
270823295
288209758
232867762
239770032
273538727
275620037
276556156
281771819
275534198
264666961
243193740
251122493
249567130
259197277
196224890
199913593
205499338
199785802
220446421
203311893
178889893
199163192
211824903
203495628
203257920
210414563
209561043
187841265
192916430
144737405
152118731
54461281
27265486
79354083
92261760
108785362
117144069
110651597
109293388
127203474
116701236
102514878
100123481
106283118
105675100
107091339
107988648
108685738
148397779
162422285
166062229
160734712
120703747
120868699
117815761
113521839
111379342
94364821
92636375
59241393
35090721
34899063
5119270
1314575
7440995
12448446
-17848996
-15572602
-18021404
-11331977
-15040315
-12169783
-42174086
-40775902
-83668795
-89702572
-60150808
-40127371
-41362516
-81909720
-81373816
-76351407
-77513556
-82093014
-67640667
-58634460
-21184166
-22254317
-56222581
-36973398
-26544612
-29409283
-31502009
-160295521
-142998642
-198538883
-201711174
-228126259
-243891422
-243200455
-241234072
-93752925
-29424119
-32130886
-94805790
-77950183
-104803913
-80602620
-86321371
-80322999
-93733391
-95458807
-93928981
-78732595
-97669983
-101084153
-120445704
-118012086
-81277641
-79876017
-112784959
-121893018
-110747524
-176272567
-180307439
-174011433
-226256537
-233735352
-228607357
-228340920
-226081853
-194190231
-187065839
-175185812
-154353369
-163220687
-204564730
-196214460
-193707469
-250071069
-245704217
-312667682
-299234577
-301407478
-271604256
-297626120
-266811290
-251106059
-256100692
-257484587
-241483203
-264975691
-255836486
-190914309
-177936163
-160832365
-160490410
-152695159
-156788302
-166981975
-189112727
-186439889
-210646051
-172811468
-152222233
-143849285
-203592673
-204511056
-164686255
-160833329
-163638077
-165482672
-144514810
-125763458
-130970022
-135455107
-135810342
-132412855
-109651727
-109989911
-108545459
-92037472
-110609073
-176948224
-162342949
-158845798
-141700146
-117905503
-106030005
-116239649
-126936009
-108323626
-140981544
-140772211
-138416315
-211791833
-193227061
-193199194
-199520847
-203093724
-199108714
-302572081
-253536332
-294553818
-292933363
-302983216
-304972868
-319424097
-327256126
-333235539
-332935220
-313123090
-290159862
-289932976
-280609247
-273006854
-273710348
-312205375
-328836423
-329144397
-334369788
-347329053
-326338208
-321756744
-319347870
-320557141
-365611555
-365463312
-360793149
-368154530
-339079770
-336172746
-337574106
-331109451
-353564542
-356201812
-330894500
-321628628
-304919542
-297067273
-285512510
-282206959
-286767152
-278379044
-270876878
-257910887
-255210023
-313327373
-315528331
-365032255
-377572468
-431932495
-445303943
-446376941
-524859869
-523659069
-526258737
-535288500
-529925989
-526929478
-544151621
-562806686
-560822643
-580866045
-569218237
-561540453
-567167288
-556541780
-562045217
-488099824
-494062008
-477026519
-473782587
-484698829
-476598921
-481795375
-469523779
-463809280
-449642783
-558266347
-554801483
-555737560
-524342097
-539584893
-540909132
-556300043
-560191169
-559519564
-552367835
-555948934
-555244481
-540416518
-550305870
-551627806
-569264447
-597807326
-587691683
-564313681
-595738300
-613105632
-624209470
-644553215
-635356042
-635889211
-623041083
-637253780
-629870637
-610655322
-618993661
-615575106
-625920297
-633020954
-633509341
-633356935
-632236038
-622947884
-613144827
-613263620
-676295659
-677150015
-672998782
-643040342
-648438415
-650215355
-651418045
-687782250
-599748227
-592627766
-592644057
-564299902
-597721429
-598319575
-581133558
-585721916
-607449245
-681859398
-700177373
-795222468
-799370616
-810940602
-781000217
-749450881
-770607532
-768622303
-767422788
-838023176
-832508631
-797097637
-857449836
-848914792
-810774909
-836916342
-825029802
-821059263
-804130470
-810559890
-813156993
-813816612
-806286939
-811719390
-796414084
-787893426
-785742217
-800560516
-813292634
-828673247
-848634833
-837698905
-836582726
-850792688
-940930172
-942967162
-962224700
-939005647
-941755663
-941831113
-935254881
-912484432
-902674985
-836240544
-838795799
-838755393
-816900478
-818482677
-822399679
-836795637
-833039062
-809740668
-811039185
-800017789
-810916038
-830444782
-831965767
-779415166
-748922567
-749970605
-750272990
-810542543
-820001429
-855639191
-836250169
-838133231
-796412791
-853831303
-869388653
-837489913
-853846629
-852687455
-841539022
-871539979
-851308991
-848234140
-853167398
-819976671
-802731144
-783976947
-776132691
-795556863
-795158283
-782770740
-770059322
-771773893
-774565193
-776487159
-762134394
-775962332
-861028726
-832282144
-851503640
-852392521
-850940102
-843869454
-841481335
-844358217
-842714478
-820988046
-760073441
-678507912
-724219942
-757284970
-758648738
-719665866
-684645424
-688307555
-642397760
-637782185
-650580280
-670779328
-670285106
-674808941
-628703493
-620254058
-616839642
-598987692
-594492288
-557866423
-553085830
-536268141
-528587584
-546597946
-524776227
-522609743
-539273619
-553835462
-601581156
-589317095
-599628402
-541116807
-538034480
-551279418
-565596938
-562002393
-585778760
-584783981
-600702253
-669691306
-673096967
-684278634
-671024077
-674867901
-686985222
-721268661
-709944633
-753637502
-740226274
-741617534
-744388113
-747783558
-749897480
-742377273
-722326945
-756299354
-715728028
-712769491
-717207333
-759483283
-762578334
-765341387
-818451985
-821670544
-834545877
-852346580
-845997305
-740197261
-741649958
-731215051
-715458641
-701099349
-701603132
-759531307
-741192723
-744415287
-741198618
-752338271
-752915239
-760141253
-755237638
-695127986
-723732291
-723182228
-763336497
-769709302
-775884396
-780833278
-775517275
-777779835
-781400314
-730465379
-721643827
-686857136
-687345021
-681372897
-674730266
-747193511
-755310548
-750872878
-765667268
-771540895
-764893304
-765435380
-848814458
-772602786
-773695591
-781165188
-798318782
-777192214
-737381596
-726067637
-699444047
-740834177
-725537162
-737278803
-737815388
-742470617
-719725740
-706841132
-711669571
-688823858
-685910013
-684338479
-784309093
-781849857
-795910223
-816852944
-864564623
-870068691
-869925237
-886107248
-851132007
-842333942
-835109998
-841128527
-839875537
-880958127
-864402707
-860458267
-845849740
-822611006
-838833680
-860302263
-860717375
-854864976
-855186958
-808247103
-866122010
-842350780
-840743417
-838821100
-917035807
-931818142
-931588159
-936323004
-937209620
-924696254
-919323591
-885855585
-880954335
-855251186
-825749464
-822848846
-813825296
-800809130
-761946413
-761207942
-752529575
-771432285
-775973125
-766894199
-743775169
-733209284
-733200247
-820993110
-788484589
-840896084
-916652860
-885099976
-895625090
-899389391
-886948528
-880440321
-885630092
-872518339
-939151273
-933223478
-917465808
-903429777
-887492853
-900777426
-881471827
-912171972
-919474028
-921157594
-932276016
-872996267
-879887325
-866553545
-804741257
-803450204
-801346624
-793644212
-795620569
-774548109
-809255071
-808476922
-840748719
-843051586
-853922316
-832102085
-851644527
-893428836
-909922526
-909598794
-910292114
-908840174
-909140820
-909481389
-897026886
-905454200
-903250093
-905646439
-914406931
-914116108
-903059752
-918716949
-932112800
-916600494
-904068893
-902110689
-897503665
-893377278
-911118810
-978510341
-992258099
-998185502
-981007581
-967316660
-973261662
-919318885
-894635453
-910494687
-925502465
-926116281
-957870575
-1001865387
-1010498073
-1026847356
-1032727017
-1031236959
-1083710991
-1091257510
-1086061798
-1103945583
-1101257223
-1106733531
-1108175457
-1106792951
-1096198814
-1094199716
-1085273407
-1069279481
-1047021243
-1058692892
-1055940620
-1048550301
-1045262823
-1044458815
-1045427459
-1043245169
-1043476103
-1088920235
-1133438149
-1134437234
-1137181312
-1142514813
-1146057783
-1144637379
-1148100573
-1151996717
-1131568470
-1129650839
-1129519548
-1105028185
-1074182461
-1057757939
-1055152795
-1056862553
-1108211809
-1103382022
-1103009804
-1117137148
-1112465106
-1113099136
-1094161416
-1072053352
-1033317651
-993400860
-982326336
-1013914392
-1014223450
-1020586810
-1024175617
-1117379410
-1122566253
-1125740017
-1060039558
-1055689521
-1150067827
-1178001651
-1227205619
-1287288552
-1288424782
-1287616711
-1387373759
-1384632175
-1385420675
-1381271278
-1378419737
-1386080173
-1369960673
-1361329048
-1369990590
-1354174451
-1352527522
-1358148190
-1402157912
-1399098847
-1471710597
-1473581014
-1469654033
-1471016716
-1504873261
-1503568330
-1503992001
-1534720244
-1523888293
-1520254449
-1514817338
-1570069865
-1535288629
-1640280618
-1649244639
-1645163783
-1648818636
-1682829750
-1682179500
-1658602521
-1630451787
-1640420300
-1599594606
-1593437499
-1586049312
-1590291028
-1588988525
-1574195732
-1571366127
-1591965265
-1593076774
-1591187625
-1628665044
-1635278059
-1629453391
-1614981630
-1611287679
-1627972134
-1640892307
-1641975322
-1613838406
-1611739954
-1604951223
-1589428905
-1589068426
-1584085003
-1632232827
-1686862520
-1695125070
-1665595391
-1672889929
-1598152400
-1592104751
-1590171530
-1580730186
-1564198012
-1575416418
-1572877806
-1565951293
-1578161348
-1579908583
-1579383765
-1569190838
-1581543281
-1614622082
-1632083164
-1615801462
-1623187407
-1581430239
-1590834056
-1584718390
-1608338574
-1599380171
-1569824162
-1585769557
-1584549847
-1569565841
-1537865998
-1532780685
-1531070143
-1542449878
-1549269328
-1531735635
-1539162270
-1514292446
-1518139722
-1529170311
-1525276224
-1532261062
-1527920014
-1565839562
-1581705362
-1570576500
-1573584261
-1555727554
-1553020441
-1549689332
-1545663440
-1548051840
-1563192519
-1564876454
-1564537287
-1567983849
-1615491053
-1605810589
-1569575026
-1594067095
-1589937023
-1572607001
-1586379912
-1569810002
-1557421215
-1579167660
-1579295170
-1585132753
-1584569596
-1565200130
-1574395958
-1595237447
-1649378536
-1663039083
-1654220583
-1620638645
-1618693234
-1632008119
-1632178184
-1633481064
-1633915859
-1695520046
-1676461049
-1703256269
-1717374877
-1717571234
-1728977297
-1789684273
-1880352494
-1877927485
-1877623468
-1872982734
-1890689571
-1884614107
-1888270232
-1877891857
-1879998259
-1916134095
-1917792021
-1917795862
-1916586139
-1888660536
-1890989313
-1881122180
-1874989880
-1878813997
-1860459305
-1839492644
-1845001497
-1773779974
-1800492609
-1805917456
-1806041418
-1829440811
-1824348853
-1824504720
-1822074187
-1810009130
-1799904356
-1785424780
-1784609062
-1897863268
-1902068331
-1924476382
-1924349527
-1956151120
-1937013065
-1943489228
-1959790318
-1968415750
-1964517655
-1960847846
-1967361001
-1980091614
-1992861068
-1992849807
-1976595902
-1962016930
-1970978851
-1920519842
-1917280629
-1937637632
-1939732345
-1934646352
-1947993503
-1958372307
-1949072268
-1949028412
-1932038389
-1882570378
-1857375046
-1852271942
-1845157473
-1843556479
-1840776246
-1840271218
-1815993355
-1824861582
-1780863366
-1771748577
-1755804167
-1761931361
-1763111074
-1777513475
-1784469872
-1824263432
-1823110466
-1821302708
-1810601967
-1825771915
-1856095481
-1857202484
-1868898590
-1915746825
-1915301975
-1870860778
-1860532021
-1859892664
-1890125777
-1888463609
-1846848468
-1863049543
-1868252491
-1847240901
-1843282110
-1858902095
-1859519097
-1857531263
-1854937466
-1839644460
-1846503348
-1759267515
-1774812908
-1782594735
-1758747167
-1756446613
-1748313472
-1746460335
-1714544955
-1719074197
-1717439591
-1784059816
-1772793831
-1774952277
-1763970915
-1700787356
-1681375914
-1678470007
-1604436290
-1602372698
-1596101297
-1587995036
-1593746114
-1589167341
-1585309286
-1598638673
-1604417956
-1603057872
-1596331967
-1584610922
-1605704455
-1615619652
-1651292120
-1657999156
-1637027519
-1657571804
-1688091621
-1686624831
-1691732689
-1685164590
-1700806227
-1704022255
-1687861861
-1726191885
-1704103606
-1694476345
-1680663032
-1678870463
-1740623484
-1749342668
-1753508540
-1737006138
-1780211707
-1754585264
-1761252485
-1740337965
-1778545952
-1774230505
-1756528016
-1821369905
-1822449517
-1815511100
-1827181626
-1835480367
-1824536715
-1818164851
-1802348045
-1923854711
-1929369869
-1988603138
-1985894386
-1976385688
-1980264105
-1983085067
-1915423313
-1911140026
-1888346407
-1842164014
-1808158242
-1821070087
-1811294711
-1801837366
-1800300721
-1805414607
-1810219457
-1815223101
-1804261308
-1803527586
-1793702962
-1754824501
-1750762164
-1752215652
-1752657302
-1748043725
-1760802938
-1805961093
-1802044165
-1790835747
-1787055882
-1794162587
-1792596653
-1794175222
-1734310969
-1763602318
-1766843016
-1769125131
-1802721678
-1888718934
-1872935928
-1852751928
-1850216982
-1868935592
-1862697456
-1837513063
-1854039830
-1856989223
-1852613171
-1872279525
-1871274660
-1873046144
-1875637447
-1881308953
-1864049646
-1865808308
-1870226818
-1873942551
-1874772484
-1889027898
-1890700141
-1895898571
-1895714509
-1894578393
-1884358489
-1843429035
-1883105288
-1881067539
-1917276861
-1910454421
-1918051007
-1917486849
-1914888490
-1912361373
-1873088990
-1882702321
-1894221625
-1867007622
-1845280878
-1850218670
-1835441358
-1836212898
-1832715058
-1848377194
-1887292255
-1904298939
-1905565716
-1858267269
-1846905701
-1854821030
-1863429234
-1886837649
-1888359786
-1892217479
-1882642882
-1834154916
-1836477080
-1805075328
-1765002083
-1776002079
-1817590802
-1799855264
-1747843810
-1739074757
-1772596137
-1777053889
-1826504498
-1837687395
-1842903443
-1844089147
-1846812289
-1803868650
-1849182400
-1850271770
-1934072349
-1923430720
-1912140071
-1912626664
-1897822202
-1836105735
-1884992882
-1882680752
-1882339223
-1848849763
-1824261065
-1870720973
-1877509339
-1889965562
-1895636838
-1867494072
-1866729330
-1872327092
-1882219000
-1862739483
-1862460235
-1917809250
-1923165075
-1922558570
-1937820341
-1969557745
-1964770334
-2004851622
-2024470495
-2016212605
-2012369231
-2033844710
-2055007483
-1983253081
-2005848268
-2014046194
-2020520961
-2027137418
-2026064042
-2026108816
-2076653623
-2079923675
-2090042549
-2092940535
-2118357230
-2124735753
-2125599360
-2133319565
-2134533079
-2138331037
-2065542695
-2064750851
2122971499
-2147258399
-2140804901
2130221920
-2138738721
-2126475751
-2120327729
-2124447636
-2128965759
-2108604984
-2118605438
-2140947404
-2136345427
2142252151
-2105806438
-2021895596
-2011060060
-2013941013
-2020936328
-2016295130
-1980330478
-2052548764
-2066408366
-2048237245
-2045119956
-2035371549
-2012618887
-2073665012
-2075235107
-2071824527
-2073427436
2138893114
2145253778
2136033752
2131411484
-2109402662
-2109134024
-2105217110
-2105221827
-2100190409
-2071675797
-2080943918
-2075345304
-2065102807
-2098109891
-2145738921
2134028515
2090837408
2097526775
2105808538
2134769718
2130523250
-2107352715
-2100702107
2143674869
-2144607660
2144157167
2136490290
2125462314
2136950569
2136266782
2135853697
2070711117
2092935752
-2138240144
-2133310311
2146849643
2126674820
-2117197915
-2122404099
-2130867650
-2126916053
-2127767672
-2086301511
-2080481629
-2087337706
-2076371693
-2064510571
-2063951971
-2123324226
-2123290423
-2143680720
2112864436
2106279903
2124145792
2127798912
2096380973
2091686595
2144567607
2142883839
-2135886978
-2134435229
-2135886393
-2131013321
-2118933314
-2119814672
-2117755485
-2108862152
-2091902330
-2090373693
2141363162
2112962008
-2086135948
-2085394128
-2081502324
-2075627490
-2030833436
-2031827417
-2055713687
-2052363210
-2100729718
-2092256813
-2089285409
2132203209
2102367730
2108745684
2070651626
2048213424
2058409065
2068651571
2067278523
2089703166
2101613381
2105322071
2110161783
-2140714361
2113775797
2111339420
2105548609
2128835814
2128352653
2119228626
2130973352
2110374335
2049750436
2053208270
2052238225
2050905989
2014487298
2020458336
2020423317
2021845013
2042256368
2049370503
2021618986
2012597103
1993226512
2000797716
1994762982
2021399827
2024845431
2004609258
2008539145
2008783446
2028241031
2021854809
2028019314
2028333050
2031607610
2039751710
2042068990
1999848237
1994071157
1984550261
1984197086
2007562452
2019182698
1964376537
1967304428
1937756856
1945385491
1947185865
1956641550
1953735887
1942374553
1922559366
1914853983
1896808536
1900408779
1879967357
1860529092
1863728672
1858732515
1842802201
1835708168
1828572548
1819798940
1865750651
1897253617
1894257061
1903674889
1936740059
1944051803
1928877856
1844748324
1868781520
1838356192
1841241583
1832647486
1838474713
1802803151
1814200953
1825908491
1822914818
1814101461
1815357305
1846238813
1848194521
1821333220
1833780154
1839871405
1813426106
1813248737
1809882906
1854780077
1817574500
1812549587
1824631082
1823070141
1833898727
1818248177
1826922679
1764816668
1715834197
1734063431
1722707906
1722664405
1716176605
1727399249
1723729869
1669650660
1669803594
1670013776
1698380601
1661312107
1668050335
1692913584
1693686552
1700750679
1746044511
1726908996
1731885000
1708364276
1722967575
1725273088
1734064434
1684697095
1706939602
1656467582
1646497208
1645557705
1635200178
1602465457
1582726182
1585644978
1617086029
1637435310
1671580702
1715780893
1697328253
1690055597
1686171400
1687987828
1661742013
1657562727
1610944514
1612299912
1615497313
1616802789
1619670948
1611625412
1606065155
1532203017
1513713443
1522076648
1517562546
1489864490
1438444435
1403800116
1357130317
1366116040
1368293227
1368296385
1349262079
1370414041
1388005361
1390219232
1412011577
1420954692
1422167395
1422883305
1423379034
1424241249
1447598009
1436113625
1438255497
1440863505
1441478698
1450813281
1421544883
1370858833
1333477190
1324582750
1340677025
1314333973
1328893728
1328252857
1329216512
1336903128
1340981684
1342064488
1305844068
1307049965
1307686053
1296868378
1353601237
1348201198
1388616452
1368105839
1366850896
1326815242
1327912127
1262663267
1259857070
1312672562
1262279463
1259225981
1289070332
1299537634
1309492692
1311938762
1320548063
1315033577
1362577058
1355687787
1358473018
1349481525
1349691644
1330851572
1341232288
1356289963
1377667128
1388658304
1392268586
1383747532
1350167014
1352431052
1430932864
1426223443
1437466983
1411554667
1431433568
1438367422
1434996453
1340035049
1339573793
1340230586
1352628395
1392037836
1427698775
1417493380
1444712016
1454879299
1456287470
1467297023
1417979906
1424579338
1423287343
1422461496
1423267999
1431542094
1429006490
1427918942
1423078215
1418203701
1424042649
1432025314
1415603433
1464345923
1526794205
1524678087
1540639318
1472253881
1472934562
1489814358
1503574414
1522243994
1505046861
1525686489
1518815048
1518049778
1574537268
1571977025
1585027028
1559007744
1556784464
1557039113
1513271403
1518942382
1502971281
1537499488
1585358547
1583092927
1602012733
1588066795
1574922128
1579863985
1581358107
1578289711
1556360582
1536018371
1522932327
1531618630
1527029558
1525793449
1544582989
1481619367
1467167669
1421827639
1422539828
1406489897
1419088736
1411827361
1404148418
1396441607
1447390250
1440741599
1435148910
1361130042
1363631511
1402640791
1456108878
1464246674
1492678767
1490746298
1482418644
1513561074
1521182284
1521206516
1452979758
1437861763
1357693725
1339179040
1338970731
1309101748
1285771605
1307121888
1304028975
1320889156
1315118058
1162799906
1173582767
1185877259
1183561586
1186301483
1191317170
1129710863
1080603444
1079827752
1084116771
1088599015
1091028814
1085566761
1105389995
1114325404
1143057029
1129181562
1120873144
1185691398
1188801403
1201509691
1199278300
1202834091
1203765543
1245685057
1244315061
1241158638
1244811543
1249828784
1237965877
1234033292
1198553248
1202504922
1203338006
1190190029
1212620526
1212372714
1203709604
1210156389
1183295348
1182380314
1175239842
1136774073
1130024102
1129783792
1126710481
1115172235
1018228904
1006983487
1008788965
1015726958
1041499904
1029504111
1048915115
1048784421
1057575929
1059685576
1056786410
1107364979
1117754991
1118828309
1118085264
1121702672
1118585336
1119396189
1142563857
1151289680
1081382661
1100229515
1103737896
1084795001
1099895907
1065376259
1061903504
1103106141
1097048218
1084132155
1074947286
1090170981
1093030571
1058380302
1068496768
1055589025
1067019501
1066632818
1051098705
1050977314
1063559409
1122308531
1203824339
1207240789
1154432868
1125168706
1133255093
1126311241
1133207852
1137634320
1139708693
1125689214
1097650235
1033106036
1033264103
1097363306
1111810552
1114236488
1096187786
1058097859
1062123707
1068965928
1068828042
1114617973
1095321205
1125627702
1166301965
1174596278
1183143083
1186600152
1170458061
1173990854
1177396618
1177494472
1184908230
1109085448
1104422124
1098349162
1070538009
1069438153
1064499788
1063053087
1048660680
1085494142
1070052976
1056586706
1040263949
1047190917
1043785785
1054456781
1025795981
1027807187
1045042921
1043723631
1053531885
1038553101
1024372466
1024074246
1027221084
971533524
988171999
989740486
992122739
982054355
1010289739
983183132
975314369
978990482
981540186
1001264163
1033926643
1036112253
1033763621
1039606762
1048999569
1065089251
1058452886
1108472373
1115109304
1111190564
1111656003
1107662357
1075112500
1073608607
1089171374
1071842670
1079198233
1045539322
949288198
943063268
928770850
913150861
892173068
878231040
779533637
764154822
759895216
799740493
798744483
798399261
807021622
757825935
727604418
715201235
717333913
713908563
714693935
698386605
708201055
707843106
708253273
704106260
699834616
701879743
780497692
731222098
759616245
758565052
769046394
769279722
756452849
761945341
752526591
760087275
745500296
759174111
751049556
753078853
696195910
694878032
701330869
713779649
713060231
714928368
726116122
722817668
738833502
741265070
747924310
744564977
743138074
745692038
744221338
766655963
822222500
821237682
877601984
877691834
915282736
906461485
916064403
902344862
925635955
944787255
957963366
946823800
951429076
950444717
960478922
977718373
998639492
991717301
1008269854
1008731639
1012660217
1000503438
1017461841
998517426
993697739
1006675260
1004964646
1011501988
1020484859
1025601695
1037984231
1049572237
1068214455
1002241024
1010419106
998561730
1095086643
1090546924
994756738
981258000
984053945
993721004
1019308198
1036073110
1044170573
1037009314
1036440583
1036284645
1002152571
999687539
1008724901
994744711
994732142
989265905
991199073
1043728793
1020730737
1034083142
1079033567
1080750624
1074107226
1072886887
1075790817
1115814888
1091785210
1090538257
1081604419
1047334696
1087167483
1004712916
968622073
946092908
971896163
1037640113
978836348
1009042149
1020518049
1031644280
1003107023
1017319812
1027134995
1030461413
1043857815
1068098410
1076159649
1095627753
1086279581
1087036972
1076039542
1069090784
1070133804
1054752789
1042148455
1058550205
1068303653
1043564677
1057013649
1079797820
1081829762
1093295344
1096572267
1100166807
1099362007
1108968344
1130087246
1151422547
1144896632
1138792027
1150911445
1139228203
1136055903
1139215478
1139495563
1189645264
1189133788
1133669084
1116703071
1116338184
1118253983
1124457692
1147895285
1157302480
1107869902
1108738158
1096811210
1099486105
1107940050
1127678441
1033067855
1031614062
1013238652
972501497
997627852
982539005
985128769
995572542
997899089
1008921393
971986884
966187266
960685469
933111281
933668514
944220034
959327010
964181612
905006765
898009396
882249111
881898942
872040428
882231208
880484853
895204770
899482699
899858248
870729546
875229828
883777054
850670320
831902743
803733531
802672356
751025176
764007495
742565731
755051711
746099974
747790904
748894251
674121971
672707550
676543815
714929886
718622543
723093189
729152362
726037800
729235792
796109537
797978198
798895111
792301579
788181192
799055401
778365837
777464046
751557092
761328287
749205426
743881921
756567475
790364074
706155488
726316621
733030712
734665555
735226388
746956979
750857641
735586082
707569851
714735918
742116242
730392781
741318697
740245476
752326598
810379541
825709210
814345243
832886314
783282642
783656302
776837930
764156249
767835091
728722215
761615973
751369244
746640119
744750168
742232919
730336512
790843215
736793126
732623808
734905073
738602909
729282206
727885648
677598789
664099869
688143464
732804710
711413277
708653833
711224615
697799908
690956037
689272646
687974767
687046640
689638001
695545599
707556300
686784911
677469102
697852496
728072967
721880658
724483639
713732008
649272751
650585176
654212833
655859996
651600148
646132182
590066514
593386105
497529092
529360238
525164750
521749870
446527395
449358189
432370163
509954395
510580288
527108881
548277274
529652575
564841665
540493995
538136672
543775330
535426473
460491648
442676726
434700886
432688506
436654621
437506816
433964294
421809774
419490180
494840985
495831407
497273232
488452073
488025071
480650410
476593496
485925964
499706168
488354013
483492129
443944143
488308802
499832609
501375422
514623564
546290478
543269843
481022885
464981013
476442266
474223190
530794154
531681488
533733538
532074812
528886555
516359692
515519177
515505770
534408634
565554332
544311048
542181725
541546444
544758635
557511175
562586937
569709039
580966641
567629697
575827329
593903271
586053239
586783964
601049561
611485655
616055460
618301071
622229499
672226553
696606607
697037096
713479817
714260073
703090956
678988247
600268520
632549113
653710506
672184080
667410192
714522931
699406557
717093762
714342537
748542503
744532395
747083459
743543715
749313884
772057095
799046209
793748551
806553246
796910921
797783929
800430206
782540270
793357538
798566958
805547317
806082222
797591790
798388851
806339520
793112604
803751234
776752663
747043056
722868748
729227584
723671218
675030275
669538532
682787922
724596503
765937288
722134282
710221950
709029308
704000433
714352190
722724088
718850843
724732340
774824164
768399445
815508070
812193613
819387351
821229862
796126337
797982934
792145289
788703828
798903374
799119596
760433784
761197696
762596657
791910417
787336456
752074021
714723477
706389948
732303354
745982709
749776065
753021301
760932186
769247440
732698263
739896973
718840287
769477315
770906214
737172501
771090440
784833825
803308842
807406139
826901286
770894323
775507689
714650349
715851138
719714368
749208305
741768135
669902494
689679682
629107408
629893883
647573450
638677401
642206981
591851952
577079215
557485984
558804336
549954757
608711802
610419571
612652231
614684113
691887385
708398921
708470420
721439749
723537736
717781229
717810021
721861553
709041257
706649773
703525818
701119164
696133370
708237363
668457091
672950906
667207795
715556616
710813323
713577559
713595505
714047499
717092776
683895054
687170357
696611797
700472079
721100071
713964257
705840721
704133539
673304000
706230097
717061564
720895349
725347708
726847717
718963387
693911242
719148484
772957217
764557862
774336712
782815030
777391753
783724593
787906974
787216801
813193987
828735947
829700322
829832669
919042950
917561297
923269893
845902017
781950358
785240151
804955576
815426455
819435334
808379330
817850762
812039180
807981404
827502481
841807960
828845306
770183304
770738869
770247481
707874870
713456854
744894169
750512626
656141143
626796700
629983000
614686985
655180730
692444111
662048319
730355402
738793993
739531108
755339062
744998647
759992302
758227275
759962619
768839381
666424623
649809099
650199738
654202929
619584508
580772594
601301119
617903521
620229933
661682905
683020246
712933616
747621898
744388309
756533486
778241427
780005772
779168483
771078822
769200802
752635094
741380575
704708617
693326130
697328120
695071223
709069602
709595009
758466665
729567590
729861627
742198102
724281114
737094425
738057444
742060670
758561638
752114560
758174660
788794124
774741573
745457717
745186621
752897396
769778497
778032905
751351267
712452156
713266323
683789348
748935611
766880230
766460838
774491507
782794367
746420794
779332627
761448359
767504493
761459050
762729928
762740933
746699130
763236241
766322317
716894299
704251090
703952968
677250844
678678089
672902362
686155061
697225070
664751715
607092898
605567711
611527524
610621866
598224068
596957930
592616579
590409806
601090697
596540572
622001944
632513626
628916701
631259717
621720263
620488219
648734816
646386065
589623417
607390806
640353122
649757822
661111253
656601004
656494333
677772683
671995947
674696202
707903604
723864683
722434180
724002815
716332556
712761996
635618359
622980617
621818146
638718469
640941498
632800599
633535462
607575427
603461824
597607016
590349953
604906631
577165306
484840772
490482143
452161762
450256292
451006477
420502534
433511172
382311252
390371351
388749969
349229710
377870249
393281793
414886226
473182287
496962981
517871417
518368041
502919368
506953510
513936921
511619030
498419466
498436919
513800084
413268270
418915631
408024718
403630949
442559416
405612519
446592016
467451970
435349125
436292283
467540033
490669855
494390344
489072557
498625804
494354152
573359907
570572480
595645230
598723100
547199160
539151618
453282367
460184053
436723763
436324204
445630496
427000578
428046416
474490764
475237984
494115420
470695322
510403954
532181821
527776453
532360164
506957245
516959382
500708155
494868437
526849184
527879752
586939074
525350641
514172890
495010644
453437483
439676969
452514634
470110227
447673789
447705917
464119370
469221741
504688125
474226644
465934473
445334935
444665132
441606809
441054375
410842139
382864760
390221394
391501983
361339990
347866647
342924830
354130785
363484864
321542076
245379366
258959893
265754701
254740109
267278451
229418710
228786330
254991638
375748090
382372443
472141513
468021951
463539149
472319867
473197425
490380994
544445767
514417304
519530076
534475110
539635977
541479447
536557495
550034456
539126992
525089749
530924305
541776271
510055267
495987220
494478302
487512378
477861506
449912674
466913512
449187743
463226865
464273365
427091906
431598591
431862377
425634551
390274464
388171560
418968712
421498691
422218894
439844811
437775685
440534148
455534751
460782439
511365105
515668104
476369840
481701119
506195045
497887887
489714762
500099763
489050703
430787555
417020186
431567432
429992125
427407149
429509663
429892871
405661013
411189906
414630939
398273972
379119542
377460887
388875994
293397150
266750026
264298478
271318544
280242729
280048081
279353683
264872081
253197919
251388772
174721926
197133842
200313079
101757624
93663494
102604084
67723750
55292183
42622673
48401747
20461425
26000149
-13727430
5355545
-73379000
-74210369
-113589718
-112297147
-121865879
-102292693
-118744146
-111400196
-114629563
-105876527
-98010180
-153613901
-160659610
-158231252
-182131189
-173184857
-149158570
-155160844
-157989327
-158200577
-154428066
-165051931
-163100543
-157399871
-154465388
-149224180
-139980150
-119976890
-56005875
-152172376
-149237946
-145110417
-185845470
-185962120
-189247881
-179469925
-120202350
-89909054
-81094892
-90576165
-93117698
-81843336
-83873550
-99620859
-89928559
-102748830
-100456657
-97071949
-80416404
-124894825
-128796901
-128858187
-135631905
-123540656
-123146716
-135297132
-84388911
-133671440
-150584607
-209781751
-220140604
-213276624
-206836752
-207256527
-210307283
-199626755
-219988604
-211685709
-208754910
-217562335
-217258813
-221101620
-222743192
-223979937
-225193660
-197932862
-191846328
-189093100
-178163186
-194264006
-189706030
-190119329
-192080662
-195559741
-193264217
-191634009
-206021907
-164472649
-255855362
-251876809
-353275557
-353078326
-346980742
-353820019
-333105778
-363650501
-352672424
-386258805
-362112790
-359954520
-335378988
-334325165
-376107761
-368712689
-352724155
-347068430
-361288011
-331395864
-312551372
-323684521
-325867937
-320230416
-298910418
-281918156
-257958057
-209287229
-207893807
-184263323
-155028713
-149070583
-119836338
-128575287
-132786575
-125079149
-136364699
-141190204
-109853778
-62649537
-104607036
-197027036
-192956905
-208336780
-192568423
-193349428
-223469339
-221503348
-215015123
-256080621
-255965995
-219825002
-283224991
-281812339
-284204120
-368451707
-374381809
-372341967
-377303510
-364351015
-376112786
-382895817
-381489442
-379003570
-375994004
-359597782
-349294518
-371752903
-319621930
-304536612
-308200045
-292654316
-290829612
-277933026
-286358171
-283842720
-323618196
-329226684
-317989992
-303250091
-298207062
-299232434
-303195981
-300719515
-303249676
-297263715
-294804488
-296783898
-342410872
-349232734
-387359849
-382110308
-348175095
-325007359
-328747954
-329787768
-326664558
-353708235
-351133618
-437336026
-444914449
-446176626
-440600727
-440521261
-456082879
-456522022
-480589310
-472353609
-467399242
-470552026
-407408801
-391655156
-446123517
-448641235
-442449097
-468770270
-484163358
-488069110
-489640099
-485115505
-540676480
-534039047
-527199333
-542149599
-566334021
-564269347
-565582514
-567193595
-565592961
-584985301
-557622876
-638290685
-640666309
-651536110
-660021025
-664974328
-689294641
-687186605
-738499323
-735495033
-720895092
-723742318
-755352665
-743105404
-744282816
-743042926
-753087611
-752283312
-754558790
-764287230
-811521429
-818237633
-770289646
-778447283
-878780650
-871676915
-874859360
-862027275
-873527429
-875265239
-859695329
-833652626
-843879384
-790082893
-787102408
-783898465
-783064680
-825212483
-785726264
-787558690
-785710777
-799984137
-799208088
-821962173
-843515019
-848726908
-850372973
-865915983
-881837617
-859300701
-860801305
-868231344
-869158660
-909736478
-941256046
-941956120
-942966761
-949210146
-939952582
-918974929
-895045870
-854899035
-845083850
-844320627
-867131606
-868697202
-871258450
-854575090
-828538045
-797268001
-781978443
-754828253
-756212263
-757355193
-792992046
-791721243
-795581914
-799354316
-800467416
-834320445
-869611724
-862242982
-872685604
-902090601
-891821306
-881695449
-855310877
-847981353
-833163093
-832482243
-868230435
-809837549
-811782495
-803104730
-729279093
-724203117
-727138993
-682829440
-682347178
-676134496
-705985897
-708018392
-702783647
-776047022
-752481437
-758521462
-757762032
-701201688
-672955704
-640379377
-695934023
-690804303
-712140764
-756341582
-735029648
-726113919
-683871762
-687679545
-688609689
-684647861
-690462457
-691389607
-668053027
-648658878
-659317363
-647389351
-622069275
-631489283
-612856229
-606488927
-672755551
-684243218
-655506611
-646198222
-634936068
-704201503
-712490552
-741376133
-736552564
-709573614
-717670545
-712674188
-714397535
-655369777
-648472200
-658769123
-672587547
-661369609
-642794782
-653341177
-664392093
-682305236
-690698340
-693515180
-649810924
-646819904
-687975166
-696454664
-703183782
-689980151
-696710286
-688814501
-678961709
-687226715
-658730053
-655537267
-663462563
-699378913
-701395857
-690317684
-732938545
-763195716
-750769645
-754352554
-753672805
-754006967
-728439750
-733086702
-670345048
-673750304
-688182052
-688999766
-694492694
-693806793
-688393265
-692237062
-690082375
-706748632
-726349056
-723534557
-724955082
-709654001
-697211317
-693487230
-667822988
-732702120
-755632754
-754056233
-789703281
-797308618
-805163351
-803913426
-787319539
-774015617
-767374170
-768450724
-783923224
-796111835
-798696426
-777620768
-797212215
-797519029
-793081445
-806670887
-805142065
-795500386
-859596455
-891265792
-921008870
-907981876
-903320280
-901384918
-889950076
-880831218
-885379535
-875182617
-849993623
-842916628
-792665062
-795371595
-794430702
-786817223
-772169238
-787583817
-791595597
-847471044
-867128862
-864589266
-853108983
-864880204
-877555608
-878024252
-858147292
-870800583
-907726708
-903936274
-895398843
-893407763
-884721534
-837055767
-854588581
-850652211
-856434717
-864472078
-851435146
-856239030
-858168027
-823850852
-839971829
-897177444
-894700853
-892184419
-898160890
-893581456
-892426770
-883170020
-866211470
-863163865
-848088147
-846880062
-855471586
-897267161
-920330003
-917149159
-931848901
-931884061
-928736881
-911322386
-911289679
-904143841
-852139059
-866666689
-840171656
-841092489
-838550979
-786891169
-780197574
-775242547
-774505679
-793771677
-805495523
-806758506
-784231215
-784414476
-780082515
-802318471
-798649191
-825898597
-799534905
-771240803
-769339384
-788409311
-798175938
-826416050
-813989187
-809907850
-810491572
-801854269
-844536572
-846244577
-840255092
-835850435
-859737678
-861437240
-864871380
-863646109
-846712901
-910960641
-917622476
-943331078
-996066202
-988228946
-1069394154
-1102351335
-1139236603
-1085839706
-1027781073
-1035344826
-1025496934
-999311757
-1024837596
-1055577116
-1084049642
-1149269750
-1216065101
-1192965459
-1190674332
-1191267905
-1187315347
-1206188490
-1187425021
-1184144836
-1184057989
-1184370485
-1177779568
-1174986163
-1176362366
-1158832027
-1155979621
-1156725544
-1152646022
-1130269835
-1099956063
-1087687539
-1087500576
-1085787018
-1072255788
-1075915498
-1067099837
-1075579837
-1107249165
-1109950692
-1081405828
-1077639023
-1069612538
-1061575457
-1047137218
-1026535374
-1017592211
-1025479026
-1005840506
-1033585682
-1075719979
-1087663401
-1103682411
-1097549525
-1090634255
-1087069379
-1065969628
-1067074733
-1046855740
-1047820629
-1037319164
-1033218062
-1025611828
-997981899
-940621775
-940967940
-938643792
-914693300
-918896675
-925056009
-903676611
-910346326
-926970250
-930192720
-909608316
-914951358
-915231129
-927803672
-873328133
-865838199
-847470128
-852399012
-853697016
-850556913
-840016653
-835001639
-882974889
-868639178
-858668553
-856608236
-816416326
-848417448
-930903218
-913520637
-903771263
-902985668
-935136488
-935658781
-932766033
-904707832
-874731779
-902169563
-915203507
-913793900
-932351072
-953072944
-935408938
-945189695
-939785005
-922550692
-967416895
-952638412
-945138260
-937887001
-943210199
-1021101352
-1021646681
-1013322979
-991083630
-988979280
-958543667
-972859814
-985452027
-985210651
-950427856
-948869886
-946882609
-949443512
-944381795
-906341129
-899666731
-893531344
-908032387
-941059955
-845246897
-850120706
-859012102
-818355625
-844129754
-843608943
-843943118
-841794471
-820634775
-849124218
-852782758
-851968414
-841837303
-836782580
-836478207
-886386870
-884982332
-933467090
-907393070
-906801387
-865370587
-818130521
-849541739
-836733255
-829543909
-821301983
-844896359
-825583130
-810966148
-808486585
-817425257
-792925013
-786691459
-830681724
-826084484
-789781725
-787109996
-775641537
-776486349
-790001395
-747404474
-752111065
-767980990
-799369540
-807765820
-805441146
-834051583
-819935996
-818998081
-804468503
-818675933
-811436711
-804256603
-817319336
-824048732
-829565452
-832431707
-817483088
-798049899
-775952741
-856881320
-863409082
-852257995
-845458755
-833136166
-817185739
-902777080
-908537415
-953514325
-991836040
-997571003
-1002956821
-1005001979
-999760186
-937846387
-937309237
-935465157
-933895530
-926787764
-923786554
-920740620
-917797038
-906214101
-924346963
-925952222
-926956479
-957697405
-949377609
-957722046
-970853724
-982115555
-982292359
-984977274
-975900938
-976093232
-986458122
-950537618
-1023263875
-1018395201
-1024816916
-1038742072
-1038688607
-1031668124
-1038498147
-1099795131
-1101349611
-1096431859
-1097746515
-1104221256
-1105633019
-1111751930
-1132861023
-1134956896
-1099627376
-1097201664
-1082418054
-1083746188
-1135617610
-1134107067
-1183130245
-1214981002
-1217114118
-1193004445
-1195821903
-1201594952
-1250081816
-1251777360
-1249447026
-1239850669
-1237262841
-1273050191
-1289234835
-1291143289
-1300081340
-1284658175
-1279543294
-1278917602
-1260145427
-1219895586
-1209041012
-1203937499
-1255125517
-1290768979
-1283602335
-1285086602
-1264224278
-1283340123
-1304187012
-1279617240
-1289603313
-1289899027
-1286783794
-1293768875
-1292177478
-1288411689
-1299019760
-1294973389
-1260487915
-1276326143
-1262482203
-1275705466
-1338216522
-1340228875
-1371701999
-1371445348
-1334479389
-1339880499
-1344772330
-1338832774
-1346089579
-1369047402
-1360257751
-1376910475
-1372297981
-1359848981
-1403666248
-1420295211
-1502182668
-1484191901
-1472074533
-1472858742
-1455547999
-1419273826
-1417347248
-1439556666
-1444356330
-1507351889
-1475454788
-1507749626
-1522250293
-1552226146
-1552538352
-1549523263
-1545386674
-1521973759
-1531036275
-1455678395
-1502308081
-1498524955
-1498091184
-1498133826
-1497960936
-1490079341
-1474666385
-1524546986
-1507483174
-1476480515
-1474158301
-1435242213
-1454425801
-1436684000
-1414613249
-1416174499
-1400118703
-1415999381
-1455233038
-1453937401
-1478668478
-1483949429
-1498461915
-1511237465
-1513636316
-1541093496
-1536306178
-1528324772
-1529044929
-1513813090
-1454367060
-1566990424
-1555074945
-1573937867
-1572984772
-1560132158
-1556006701
-1555270671
-1553653241
-1647407683
-1653513169
-1635713786
-1628922365
-1629268380
-1594779568
-1593022332
-1576211115
-1579122418
-1617715761
-1617768866
-1620957115
-1642666097
-1672289500
-1672858792
-1703855541
-1701990514
-1705143267
-1698337867
-1695726664
-1689544515
-1682521074
-1687009974
-1670520988
-1639874954
-1640419812
-1587962896
-1623017932
-1604494087
-1538761127
-1607922961
-1630576800
-1633704211
-1631939688
-1632575627
-1626289319
-1555925703
-1552782115
-1570870910
-1572244385
-1574593792
-1535514846
-1568561089
-1573603223
-1595864157
-1583028409
-1527496107
-1573592054
-1566482112
-1591981036
-1639011726
-1639857607
-1625906884
-1631195833
-1669562995
-1670570657
-1680134691
-1672395579
-1688009120
-1673775840
-1717407356
-1707129978
-1658186852
-1634727842
-1611596620
-1611261595
-1633341235
-1650312907
-1657425507
-1647294314
-1657533175
-1660970654
-1645275571
-1636988736
-1634395338
-1639701975
-1673300061
-1690457524
-1715406553
-1720178547
-1721721427
-1723854655
-1717678010
-1710123569
-1708646578
-1690804183
-1674624444
-1641119739
-1562980611
-1568807952
-1568132122
-1567524930
-1564041510
-1552502462
-1553386356
-1518468430
-1571702640
-1590804310
-1637562100
-1658672301
-1658396123
-1671260775
-1684987678
-1645769650
-1645520634
-1642439636
-1638394851
-1655667487
-1677219589
-1678516756
-1680501036
-1682224290
-1672315533
-1674343761
-1687559816
-1691802147
-1682742833
-1678328031
-1812338529
-1812485573
-1811910078
-1810173345
-1825327948
-1822052388
-1827197370
-1821382194
-1826491776
-1858236420
-1847048065
-1843313592
-1898622327
-1926628852
-1927659089
-1959746440
-1930862799
-1919779998
-1910375223
-1868469520
-1828492322
-1840067664
-1834069544
-1914121998
-1912678136
-1857485542
-1858777529
-1836042041
-1846232203
-1855226045
-1858493757
-1844588559
-1856632257
-1918188311
-1917885381
-1898406219
-1868659028
-1928438163
-1922754172
-1924209642
-1914323563
-1909085430
-1911459773
-1906208581
-1907244589
-1893605778
-1847885965
-1848154152
-1798313212
-1769692915
-1756227496
-1777438375
-1776836589
-1768296555
-1760004114
-1750812320
-1742425915
-1738389466
-1761665992
-1728582586
-1721717778
-1721176468
-1718015221
-1705575188
-1692734959
-1679795941
-1682247029
-1707637795
-1731811247
-1729064412
-1738032844
-1710948866
-1710775040
-1707424866
-1708049784
-1693768405
-1684067371
-1703371671
-1695653136
-1686859391
-1725638100
-1721706201
-1682333910
-1694595314
-1649640177
-1638557150
-1637833071
-1625812223
-1686544622
-1683067717
-1675096587
-1689261002
-1656225966
-1623075747
-1638986920
-1594095997
-1592511149
-1595051294
-1593959801
-1580586655
-1562354354
-1559912159
-1563088373
-1629264083
-1627819152
-1690962263
-1704237093
-1707110730
-1698873904
-1714865259
-1717598050
-1752064415
-1823349396
-1823474373
-1818773698
-1798137767
-1791519371
-1794334485
-1799221415
-1862007030
-1857860724
-1841952672
-1831213880
-1822283332
-1846833497
-1851842585
-1847743162
-1847386805
-1859041449
-1856634618
-1911661779
-1900024357
-1897923189
-1912343287
-1911431752
-1909898586
-1922640561
-1944211083
-1966360862
-1967454241
-1986542936
-2010636308
-1968643439
-1937166264
-1947566492
-1952994532
-1951580017
-1946365696
-1942053602
-1871051862
-1871593932
-1861022537
-1866710988
-1937077504
-1916043720
-1913952841
-1957385249
-1948003126
-1924545332
-1920205632
-1961311446
-1956541369
-1929878175
-1930130956
-1949898008
-1951307209
-1949411922
-1963833670
-1969677981
-1978168285
-1979091763
-1945527099
-2014842809
-2000943714
-2020989008
-2036979436
-2090289272
-2091672592
-2108250481
-2094727328
-2098107534
-2102874040
-2124746075
-2128787125
-2129484851
-2119767113
-2120714589
-2108351058
-2082840602
-2069961794
-2083995843
-2085466512
-2065334552
-2077710591
-2142080996
-2112708284
-2136346068
-2136052159
2138906773
-2134137630
-2120984736
-2104436509
-2137608110
2144775026
2072062095
2064026512
2065190672
2072736200
2017951796
2014670772
2007044807
1995477539
1986717301
2002790929
1994489244
1995115518
2018742440
1992386610
1987136422
1984274739
2006361054
1991138906
1982519987
1984005125
1980060854
1985427208
2030816214
1954825843
1949613883
1936338273
1941134084
1933311611
1905921813
1905943365
1921142065
1904759624
1907336379
1902443207
1865854731
1857377436
1848243283
1848817389
1853318447
1822699785
1823038601
1733455947
1744208567
1731521841
1742117678
1754462746
1757173662
1745954139
1657069543
1649112504
1636833134
1647427547
1661539732
1644179565
1644463369
1660735145
1631141472
1645245917
1731371962
1738614841
1739393674
1752292813
1759666910
1764422316
1762469698
1745932590
1763338175
1762650578
1774180604
1780705903
1779624242
1789728895
1842627534
1917464602
1917227675
1926702199
1914094125
1930363766
1921088561
1918411239
1883849075
1879333237
1785835976
1816112072
1822078220
1774053323
1802375276
1811675132
1799890552
1800900966
1763169787
1762507620
1764535811
1764782498
1745872324
1741089714
1672428534
1672060295
1660160722
1660884065
1659446297
1642130713
1638924230
1666279637
1667825586
1671217996
1698770635
1705383787
1702411722
1714043286
1709335389
1723891254
1723739056
1717385332
1714058657
1729816341
1738419978
1730738415
1706128864
1717420300
1684476028
1696753457
1701851060
1717863156
1733193665
1734458704
1748065300
1752571940
1764894217
1737863094
1746948062
1732624761
1737183391
1672517264
1698880782
1699250693
1704711276
1677994912
1683091583
1682981586
1661989039
1665580345
1665719835
1649405888
1679443352
1682612936
1655306404
1606514418
1579524912
1575558017
1606814442
1587805882
1448569024
1445362709
1488397423
1499960665
1507429519
1493810526
1465164673
1479637900
1493385677
1440600658
1399513617
1402728972
1364443287
1356546255
1359906896
1378212360
1382383789
1373243026
1412039439
1423594891
1348392309
1353172849
1365307100
1364949629
1339925134
1355229700
1358166154
1259643234
1287236552
1294338806
1270657164
1288963474
1308544950
1385060108
1440602530
1420108148
1418043465
1423806653
1426906947
1430944129
1424137075
1421683306
1431815648
1433058526
1429575154
1431097148
1321935613
1338697031
1337740265
1291243361
1258915031
1253828215
1273321397
1266596908
1254861576
1261513584
1200799985
1224358543
1211652094
1180811442
1154765022
1118702239
1085512242
1066630710
1064249785
1098941030
1124013017
1105297400
1135532398
1147510234
1137063817
1174089620
1205448733
1232093363
1231143214
1287536941
1278009715
1312673407
1252212122
1254080125
1251552394
1249173269
1289960583
1358640648
1361829656
1350473523
1367086579
1390954497
1396284845
1363548918
1366608188
1414872748
1425501260
1427236136
1426493258
1430817271
1451343443
1463545089
1460601810
1443886613
1455891108
1467368945
1468200423
1466490854
1464175534
1461327545
1469766797
1469588682
1467078415
1471336268
1469493123
1473886523
1482947240
1478121748
1463280077
1432811832
1426168460
1429451772
1459120320
1529235039
1516098304
1512819475
1523321631
1522578611
1497298566
1485534554
1464481220
1481659463
1472951502
1423762313
1427344909
1441175464
1352216675
1384597247
1383102516
1420056410
1427471855
1447892801
1460273914
1445889849
1454541878
1460028569
1492624699
1508311275
1534456269
1510971301
1544294519
1564018762
1582248283
1580719529
1593480800
1641897016
1686556671
1691395763
1693519887
1659607204
1670369615
1677830515
1678082862
1686705481
1668881791
1712256565
1730101573
1729137018
1731071619
1730317249
1733538077
1734679139
1736051025
1725578893
1697297593
1705052824
1707708851
1662626115
1674166000
1695411446
1719637181
1717746831
1726102996
1712643389
1707305445
1705141228
1717782843
1707678512
1700686159
1695125300
1694671680
1695508316
1665523249
1676515460
1770053339
1764927764
1768709301
1758841159
1750832637
1753199806
1753555265
1803163590
1837548660
1840450825
1836526549
1836023223
1838058725
1877510939
1878881785
1880373530
1885324216
1921026952
1893762523
1904159443
1928746484
1940898821
1965618759
2013754144
2021447169
2016931742
2036335888
2034759892
2038314330
2019345331
2019867801
1977271098
1970343620
1931681180
1912617289
1922702799
1936114383
1927977703
1927341975
1928592343
1893051203
1887897777
1881696545
1876265820
1878273022
1822737577
1822387849
1753334652
1729188992
1728816662
1731433989
1658939213
1655910583
1661462607
1668754762
1658352408
1658808362
1733299378
1738239079
1701275290
1703896880
1699649147
1698060003
1735825308
1725292215
1722487472
1724465415
1724581760
1719044696
1702447746
1707167056
1726628780
1714668488
1717313974
1618653386
1621353751
1532073919
1530889534
1532667347
1551424353
1539899095
1541223930
1558226308
1555222450
1577283716
1551853036
1543087402
1523276595
1537261207
1536995591
1554513720
1564386760
1566505660
1582259760
1579608146
1585764439
1587902367
1592832231
1622666598
1619212603
1614074994
1645075903
1635916357
1589187740
1551720102
1562513868
1517042269
1518851869
1521083092
1531822008
1522251017
1544283951
1556892649
1561215176
1559101800
1562698651
1574166975
1508511049
1522119772
1518291962
1518900110
1503230854
1476624983
1488551810
1492132277
1451196889
1460954875
1434205853
1397554448
1408631918
1465765570
1478192004
1477423841
1483046300
1386913422
1368192267
1337792527
1294895145
1293997593
1272869415
1279590332
1257677247
1240069231
1244975160
1285656006
1302322286
1282854472
1283146481
1271339281
1254366452
1288373562
1288342948
1288785745
1256826324
1244314281
1249479640
1246068750
1181010326
1184998719
1182927553
1189487300
1214283750
1232112047
1247093473
1241400994
1245182823
1241860980
1219198054
1222557907
1233956239
1254266278
1254614009
1242682931
1216540301
1184115583
1183901895
1180960696
1144991464
1121907891
1120891237
1113197404
1108149799
1112143996
1124487000
1097017697
1093971759
1124320803
1034556216
1057471207
1036182957
1003148556
1061675177
1084600392
1095061685
1095876358
1093307858
1085327051
1079236148
1079452551
1105907631
1098611161
1097540967
1096031120
1108727226
1108484282
1024084603
978795820
960693065
983619130
961265478
962370477
964309709
973559385
990933158
1005123485
1018612965
1016498751
1052024171
1068353006
1074216456
1152679226
1142729544
1163768365
1166389974
1157681990
1171266475
1198788488
1199288963
1206199537
1226142853
1235325956
1221803518
1225923815
1208709331
1207729538
1210393246
1216170484
1211303822
1125642110
1147104929
1090832661
1073888068
1086269436
1042099129
1012464232
1020621200
1050466613
1067371530
1060068337
1060549552
1093002927
1115705957
1072964419
1110387371
1105489204
1095535266
1099597118
1103015836
1127921068
1243020233
1203978469
1186003602
1185543841
1224906222
1191286903
1190326739
1183156049
1158046874
1147396502
1149391285
1142992204
1111847090
1116476384
1164099828
1163177967
1177771597
1178558565
1214091180
1213572820
1238944649
1289169189
1297004064
1296881198
1305800090
1316951158
1287905165
1266315445
1264286966
1265077997
1283006036
1306336085
1294411835
1295048959
1263487059
1183764727
1184284200
1190658937
1198199420
1201464406
1163745890
1122811806
1123648501
1113663048
1107514756
1103710701
1103405455
1144841681
1099598119
994876867
1003963217
961199028
970248505
1000114767
1018083863
1027998234
1036577196
1038796140
1040985934
1133263942
1137420041
1087799544
1086467904
1059929751
1046906712
1050524402
1052537431
1045029287
1061718074
1052445116
1063678991
1035879888
983986490
985343980
985480981
955221421
989430517
991790724
963717131
961494522
1003312015
1001678641
980488868
937973524
921133663
909214630
912458274
893541188
890965161
959691106
981449305
1031443094
1046917937
1040979642
1040143534
1008645280
1007516954
1011271428
1036395602
1044878671
969102594
972196052
918690660
896018536
880111930
842302344
839463525
852369481
829240318
822830245
831328362
843876689
852194701
863298592
865132278
822496771
855713623
875976668
868789568
874087192
873596140
880923736
875545065
887878002
909362300
914470619
903843254
912734089
913811164
928287402
925249423
893749540
887465480
886314282
888211616
902258013
889035181
890122071
932190200
934336797
941668644
945952869
948397671
934047193
955795828
977219166
985568037
986172284
974376127
966522552
966305986
970644409
916350270
871286591
862969186
907562095
914842276
920594997
891224852
872154936
862269763
867819669
863552887
855890251
837077854
856750628
839708258
866467047
824155865
827531606
827597458
824037095
824504543
825217073
826039964
809128075
774046579
773253719
715800948
689968843
587662143
593224356
642601137
622364215
631712942
657941478
655367819
657041911
641653264
618126918
618847600
585790599
591239176
591273230
591037740
583416581
577594747
585873758
677363010
668754310
665796977
650825392
619697626
592151602
592176085
599687024
597174249
588399648
589272716
581475422
570570763
581906827
575763679
558828113
554401555
553055423
564044104
617050087
663382173
678600252
603991453
603741025
616806893
584235535
586858217
593517966
561451159
570306391
514671822
527823765
538938704
540018890
493831627
493464821
503908058
509407145
514157452
505014330
489101323
495633503
502807231
488689947
473905361
470077469
449846356
435240569
383538728
419245550
415221469
440239281
448528618
416418853
447655325
457295486
454626808
459809704
510922796
531325214
511973012
514376600
533780389
543427055
543938912
503707521
481593204
489612804
549276109
529655884
539269020
562947096
532302756
556902875
561951260
547745199
560478635
598682965
641769671
647381977
621386002
629794974
634898467
588317525
535567973
528005125
562807658
558579952
579528566
594593838
593866181
536535514
557794125
577371409
578762722
561467876
570254524
560844754
552790481
560042612
551655045
541041182
553729332
537413112
538744893
496884769
448981458
448985677
446853419
458217548
424758420
422273544
415239412
410150231
343177593
336894461
292166877
298460975
254663501
259127837
249969746
258353800
192502646
193874397
152852030
109834388
134509085
152346408
150399224
159762573
152152594
161810865
160362804
165245333
134313813
135739091
120525174
125283877
123056693
120797780
150073323
168327590
169845021
168327089
174050285
216277913
318557100
327761417
327610294
274159382
207438692
207444450
206375290
223004207
220861209
225730898
209743439
201730526
197808898
240925249
225076783
226133779
232648162
245994007
254659382
266348037
182515049
186286100
199993195
217107988
215772267
215558199
204216821
184197493
208096045
213875181
221935833
211692910
218773582
256482140
254732710
249009630
243718836
251919893
165186231
161953069
124908780
143939581
157040214
184120847
191502159
204395612
217294555
225040382
230661058
247607706
241785546
254205473
275907208
373006038
373346734
383768647
387114722
384363820
369336184
306652904
275243747
273235192
300240962
299557754
302651349
215480010
255749222
257210410
259802345
258140553
212450942
228472497
229386160
259664513
304752404
307181012
304753422
295891873
322775224
320647720
322324234
211708215
215998151
224301814
208316632
227525932
226303822
243852762
234846090
265660868
307216272
324290839
329853380
351210811
322722097
329886430
296736472
299427692
298257974
264965936
248331560
241134501
245971743
261405939
292941392
296421794
296584911
270250328
269055175
275611693
271172038
265355832
256741030
209548953
205961598
206370888
187180147
90895965
42245716
22804687
-98539575
-96284109
-96502901
-114966696
-56673787
-119798687
-177875432
-185313606
-175052228
-173655094
-185242429
-185527102
-183361557
-225825040
-219941438
-220597479
-221982251
-203739536
-207241945
-237403562
-238454620
-258720418
-289594863
-298614407
-324466553
-323068096
-316381208
-316133593
-305129842
-330558696
-322860258
-306556152
-304404820
-414567419
-425281492
-419867661
-409706502
-441312746
-432570193
-442162436
-443884355
-465386862
-454820000
-448266891
-445907672
-445215197
-429902821
-437462954
-439722311
-433935344
-435018594
-425115694
-366421853
-391303332
-363351570
-437973899
-407890517
-409614784
-365790362
-365956453
-354610581
-333741601
-416378638
-414639622
-440513213
-467562388
-448182225
-447094645
-445893615
-471399810
-473928890
-479243593
-473187411
-458854411
-441128901
-459366114
-451516277
-450378611
-450393137
-452253025
-498774095
-483812678
-512414139
-463721483
-465184433
-464409746
-461185175
-462704642
-476329763
-469139506
-542350965
-531227464
-496993721
-456753686
-456591401
-462825833
-453738736
-445737917
-442590621
-429788976
-429571095
-428344131
-406644739
-390675928
-392749541
-383593024
-369481428
-380993187
-300650929
-355496933
-346911253
-358659110
-351961602
-348012338
-345485053
-443078251
-449320852
-442889407
-441822648
-441896942
-424292055
-390918024
-343817005
-301909688
-302847268
-251690638
-254646337
-304637175
-335910533
-369423893
-410357444
-371373622
-372802257
-406760302
-439806085
-428040002
-421806489
-404862319
-418495752
-414302824
-406436593
-401243857
-426894377
-417733389
-423365436
-351457323
-416856551
-544026748
-545032739
-547012304
-507454851
-532987413
-531216961
-536928010
-616795581
-601525624
-596543367
-613654369
-652104384
-638008207
-584594872
-562667672
-564005554
-563961239
-561245220
-556036956
-571807355
-566269690
-550477990
-550311254
-545104849
-548203827
-548218055
-549267755
-572156284
-593621118
-626260066
-633984475
-668476127
-731937426
-733414196
-719716826
-786909340
-792370012
-781932259
-845676221
-883127797
-893022313
-920109285
-919098644
-1017701587
-1073627662
-1069038382
-981489844
-997503703
-1022719874
-977605714
-983067840
-984121293
-982128621
-975798124
-954353507
-953969659
-978866481
-962920168
-973836590
-972414133
-967511451
-964760390
-963909386
-1005045906
-1027107867
-1000320952
-995526744
-994032203
-994265569
-1013643413
-1017563398
-974179388
-976541285
-1040590772
-1040310966
-1041524404
-1035771006
-1003919269
-1005664503
-1004451882
-1004781671
-1019728435
-1012662332
-1009620581
-1006076831
-1010051436
-1005593937
-984401700
-1066811450
-1072251189
-1050999840
-1049129629
-1050808366
-1111839231
-1107711940
-1064313722
-1057410899
-1055762261
-1031496267
-1021652807
-1008744817
-1001118609
-999296266
-994384933
-1000807567
-986409206
-991638203
-969194081
-1045888589
-1151078734
-1157993734
-1156933058
-1159678622
-1097981139
-1111833624
-1102481001
-1137168533
-1125565260
-1112608202
-1103940926
-1103769087
-1127726133
-1127018233
-1157920939
-1162377348
-1256672956
-1268435921
-1268657061
-1266785119
-1271631724
-1250174417
-1235500003
-1247343811
-1284280716
-1326514973
-1320385658
-1290543312
-1291796840
-1355097750
-1334075916
-1335020551
-1337053041
-1345549489
-1307393845
-1313065186
-1296176138
-1288816271
-1354151145
-1351555995
-1323584831
-1322759210
-1305482745
-1339658536
-1338453607
-1347604031
-1332496154
-1348914873
-1340837750
-1329015660
-1357681322
-1368598710
-1361832182
-1358751791
-1375273290
-1371027839
-1359537335
-1339914081
-1315988389
-1314553275
-1302593000
-1290465303
-1300871766
-1323198781
-1339215593
-1337165527
-1356779481
-1300114545
-1293040296
-1299749838
-1295971403
-1288508425
-1329577292
-1328404379
-1370176271
-1380512383
-1295324295
-1293740530
-1289204368
-1275335861
-1275942434
-1270025139
-1269801725
-1300135570
-1326560595
-1332386331
-1333884523
-1322398735
-1292730040
-1237663175
-1239201800
-1201109875
-1205553464
-1191277022
-1197613374
-1191946684
-1146730036
-1160551572
-1147408429
-1155932679
-1170102425
-1171289399
-1171871166
-1204711018
-1192119992
-1181083477
-1139817819
-1122947345
-1103341955
-1096672755
-1103290012
-1051187732
-1094858698
-1084388664
-1077848870
-1061913873
-1063753435
-1057616412
-998899476
-986299944
-984637348
-988054783
-989351087
-977611270
-1000925943
-1006256009
-1010805741
-1024796044
-1015055349
-1012031656
-1006765447
-1006475967
-1007022569
-1025001273
-1034157766
-1035895520
-1018366718
-1015399766
-1015350790
-944007039
-922870260
-904908248
-904514177
-902791726
-899571424
-917285717
-894527018
-895118837
-870058081
-853607712
-833167342
-850212421
-851308222
-849662081
-852411013
-838805445
-842738600
-842203991
-816664810
-812503675
-791275404
-782657631
-776331904
-765766933
-756679852
-762090734
-763403414
-786352071
-789617019
-825363212
-821774969
-799098613
-775649310
-772055352
-784475372
-774104913
-776984887
-788336557
-785666363
-808521214
-810075801
-804115247
-805517387
-806239720
-805592235
-791847015
-767101005
-772720613
-837017995
-836320638
-834615855
-840507731
-807323186
-793809537
-784447429
-768247123
-808638745
-875144759
-891324824
-928479400
-927354828
-940150968
-912159614
-986595760
-1002851282
-1005122680
-1072375834
-1066266471
-1041875870
-1032497727
-1059837875
-1067250159
-1096497755
-1187523397
-1190328760
-1239268471
-1237375536
-1191225596
-1276816961
-1320517329
-1307688719
-1288148589
-1301932957
-1368506961
-1357835539
-1357722737
-1307863101
-1308384840
-1300227910
-1297376105
-1298496016
-1303293633
-1341087650
-1367406119
-1359230448
-1365131444
-1363073069
-1345557146
-1348952198
-1347497665
-1362810693
-1325391829
-1373682356
-1385955571
-1384188410
-1357048917
-1362028532
-1355505720
-1358064369
-1334808280
-1332915245
-1365820503
-1325847187
-1338311021
-1338056514
-1284324317
-1279302814
-1278852995
-1266051804
-1270234898
-1249494850
-1285948757
-1294158908
-1297227870
-1296318837
-1292041350
-1286206973
-1362524446
-1426314167
-1426395195
-1417425861
-1417151930
-1417579861
-1426285246
-1418739269
-1447080706
-1441617994
-1437719289
-1399444283
-1404366923
-1401522227
-1402966419
-1396829006
-1397485481
-1399197909
-1379592415
-1403338199
-1403967518
-1414806383
-1403293039
-1422816246
-1435021466
-1410037015
-1371154005
-1373286612
-1365284020
-1333686383
-1290424724
-1300725732
-1305865282
-1278543440
-1286480428
-1293322687
-1292290502
-1309598801
-1313969937
-1315476856
-1316347749
-1301838108
-1317476370
-1327298793
-1324048338
-1327095353
-1278197835
-1230897245
-1222768819
-1261039152
-1267645990
-1187413122
-1229388440
-1232712105
-1227069956
-1223709006
-1223682447
-1208650056
-1199051820
-1209295456
-1200030544
-1245386540
-1245988323
-1252133718
-1301817461
-1339500736
-1343446402
-1345542569
-1332289358
-1335240624
-1376488615
-1376958587
-1352012083
-1333022438
-1338154548
-1329990835
-1329482040
-1373313163
-1380106262
-1390851870
-1390624792
-1361510771
-1364167719
-1367393993
-1356944448
-1373807306
-1329125343
-1322698156
-1281850537
-1311714016
-1311424942
-1379942063
-1377933785
-1392671546
-1405009835
-1423642749
-1469404154
-1536015179
-1562040225
-1549678792
-1554090187
-1555877953
-1553937029
-1546738987
-1543552458
-1494690805
-1572997115
-1585701237
-1585559504
-1610717138
-1614260544
-1612588074
-1597963461
-1602434264
-1649795389
-1670156279
-1706699563
-1705520450
-1679625765
-1673015201
-1723498070
-1720389661
-1722406688
-1721688397
-1722249261
-1723974050
-1720197060
-1716497388
-1694265775
-1648611938
-1645416171
-1635424552
-1587056815
-1590112983
-1593843539
-1589316021
-1585580411
-1578798132
-1531119518
-1531378143
-1539172553
-1520832291
-1563880587
-1581401550
-1603871588
-1614593674
-1598767209
-1595578825
-1591332191
-1591199996
-1575932367
-1541486139
-1545226555
-1565897138
-1577297990
-1569301591
-1581759388
-1570214019
-1554369347
-1544832763
-1542980179
-1641149238
-1659571993
-1656172826
-1677527225
-1713540428
-1722123457
-1697531117
-1778525978
-1751625256
-1769943393
-1770466876
-1777649214
-1775593898
-1763175894
-1737632725
-1723139174
-1738315824
-1800352653
-1729223132
-1720216747
-1720372470
-1709028389
-1716055969
-1694887934
-1658833611
-1656915112
-1653003348
-1641249211
-1645816836
-1660715885
-1666014388
-1643078450
-1625448446
-1659835219
-1599338515
-1580304909
-1580787995
-1560119242
-1538301562
-1538944096
-1545101929
-1635091403
-1677145622
-1643072287
-1674811725
-1668452154
-1670050698
-1743298075
-1737788506
-1736403650
-1725423117
-1711542621
-1712296147
-1717823335
-1724763568
-1724069908
-1689959709
-1673686245
-1664345521
-1635902474
-1616878912
-1622861090
-1613794009
-1604576742
-1633769211
-1641083653
-1644894946
-1639473694
-1638434787
-1636466867
-1634560864
-1615873212
-1598900252
-1591143166
-1617624351
-1624274940
-1617147289
-1601099160
-1599367586
-1605186224
-1592125060
-1610150481
-1636170296
-1641814012
-1638796468
-1702203550
-1728794626
-1745366024
-1737069496
-1737670582
-1738713260
-1717695984
-1806359006
-1797409986
-1817568440
-1815225933
-1836816005
-1916704997
-1921752926
-1920317828
-1918837222
-1928103355
-1891263869
-1895488918
-1851115444
-1852159315
-1853657632
-1862818544
-1918594706
-1924964176
-1931772082
-1958957340
-1945481316
-1950118793
-1948662547
-1948222518
-1929581728
-1913984659
-1916752074
-1982639405
-1976830983
-1973971512
-1974611979
-1979000499
-1989603240
-1989658618
-1978449280
-1974219329
-1922702077
-1918817318
-1924022331
-1917682054
-1921802370
-1987934942
-1975229493
-1969468742
-1969689052
-1967330195
-1962936391
-2019486373
-1998209550
-2000181302
-2027594434
-2050378359
-2101165144
-2132158702
-2126062559
-2138315039
-2139070514
2130937319
-2137091857
-2139009109
-2113047700
-2132035040
2127036717
2114930354
2124318061
2127650283
2119286655
2111452948
2115183299
2112608722
2051667834
2042228296
2089420681
2096923167
2104322748
2101634194
2099666498
2086415159
2073919526
2079501061
2061296586
2034071224
2057458688
2008853612
1972882217
1971332350
1979478234
1985709035
1992208444
1979420681
1972582364
1970646450
1970345086
1900530307
1898796177
1893563797
1882753039
1870247945
1870426122
1852803960
1867524901
1867991468
1866683452
1867227845
1868423432
1857671696
1846118663
1785867964
1785530934
1791190590
1789810621
1781025494
1793852930
1799744710
1791528321
1757372385
1786085247
1787345521
1724461816
1678902555
1679574951
1664716371
1610354592
1548592943
1550176232
1562872258
1562586331
1524806293
1535740561
1503530291
1476899801
1476794894
1501756721
1501659676
1433153036
1478981822
1512016074
1526040967
1512185366
1491061874
1519348484
1487234576
1457984307
1458980203
1459027263
1397012249
1396666468
1344376254
1345325309
1344534602
1336582510
1333582597
1331780086
1330868619
1335092674
1343572588
1290005814
1298599351
1306642441
1316173387
1320956642
1326476518
1308576776
1312320879
1311409775
1310186937
1289718181
1285615227
1284645087
1282445524
1240620018
1186387345
1190154473
1190810148
1190752872
1188572829
1243362775
1252162282
1260070804
1235169048
1246977214
1283992738
1285730154
1278244794
1253305292
1251117762
1250620587
1231399349
1232022417
1276079692
1277714265
1278286615
1272804797
1246778982
1250094331
1274030149
1306433989
1305118164
1299994911
1321206041
1356410623
1344571427
1348682812
1346844114
1327860906
1286631372
1289710663
1287581648
1287992625
1268727725
1270501216
1261788861
1264330334
1248999922
1240262534
1251715636
1255848895
1268695522
1282808291
1268306528
1263915769
1266218579
1239285490
1230812569
1231461008
1231879470
1241033053
1248767966
1244005554
1264173372
1267441428
1271473403
1213744978
1231558860
1228694370
1185642783
1110840018
1133712947
1032876417
1051268980
1009518108
1007838062
1011504369
1015196689
990207836
1001055998
1003745125
937029321
933214820
933943735
940181240
919046850
902307813
912313353
914319266
903388799
907232217
902028728
884334168
882256583
843715779
850506191
832230217
779470204
813446246
870173455
844957323
864764786
915157697
906421506
863097386
871306831
900221850
919078095
927133387
925946607
923947682
924179902
917740310
869328599
881714696
885457231
893966018
873950654
836893101
831081248
836114790
828631074
810666135
814743360
812926318
809740187
808202048
805827277
821712330
849472118
841875332
864597191
912377543
849366811
843631220
847257480
849417480
831696164
831629251
819895779
840382240
842474473
838611844
854107273
849916450
873679834
878030591
884737223
888111721
886785364
880808316
885488893
888465211
884587369
882502709
909020136
913470502
920188197
923204406
934187168
941946153
953644490
953356884
890477982
908618380
908187543
909270699
824082149
844336288
833107666
800230039
800350133
792311537
791512592
782394439
816386308
768063461
776723986
779846542
804579971
823925690
811296080
824156178
849666537
845963589
841954245
894259114
897623796
890649920
909168075
846867009
846861203
753752788
757814927
781123074
780964460
789040858
756517906
763437169
759744531
758638410
758709982
753201302
746911095
741105320
740975503
716575133
669203788
673782363
674718725
636313793
636614694
635336724
639212712
618199715
603017499
596215562
596649997
608892315
618488605
618216157
615973752
620869572
614843313
639139722
613879420
610946584
617207179
600163417
593566705
611301363
612818566
616140925
668715866
662839389
700433329
662693582
668715798
683787095
698118203
701027360
709443722
722208705
726453410
730923380
736699699
739458658
735362980
733451028
733061787
735840808
741795131
741734343
766254351
774995693
776650614
714656084
689970732
691188033
669505820
643807757
672626862
687224133
692813285
706099665
723483724
736903120
738563254
698943162
699886431
713176717
710215181
709983883
707717573
701112751
682619884
680066566
696801549
690987949
646849526
642345561
641497737
641943677
582584754
641834294
641347106
617741085
629240199
608315727
607094073
614714018
610703743
627065225
607876334
607646550
632455888
612623227
606773049
556797931
573984325
574658345
574702498
498334197
509631485
530295190
546944103
585862799
551686768
514826534
540969900
511236676
528654117
504258966
537027038
513597278
483253382
510099025
509974381
521930204
522208104
534285809
571725835
572216458
560266122
562980719
570184038
566863760
589799596
609396286
607054941
580756701
581096375
702156762
629472509
558758389
497369689
496364798
515607459
515575714
518175823
520597190
416017815
417544396
417574792
417008366
381899595
343223783
339262572
341110255
422765852
423039220
394391293
408654564
460310061
361920362
282667254
275286909
279149790
264415808
262642172
267616635
222615150
213628832
218501163
218484574
223295779
219336920
141442091
105787202
104108126
92603923
91426082
163049348
170063317
180628510
191519639
227029741
229059223
161922212
167964952
192441703
184083819
104066751
157801511
168305594
157306335
159382486
225489951
192220947
189119155
189699522
205407722
246549506
230920406
240999491
246041482
230109097
241883467
284190588
255315122
268855528
270167793
221853948
220971173
223360416
223981981
223002907
185533447
104216322
103535745
121297949
110556124
142319972
138872386
164412839
165477956
176420703
163966717
124795053
59462383
98515559
105806468
97135316
104688114
118182583
124484729
116306317
123123317
139794577
142400646
122955839
142681606
144053304
169384926
130930111
126483392
95774725
122646846
122762865
158929590
159957196
163526866
111955366
125888078
125400067
119698611
122653670
122988184
135100682
143919263
196578476
189418159
136690678
160687250
156449710
169978665
194328995
191020399
197825273
196195015
172981855
187422737
201639565
187775843
218367298
219906656
290434569
295364170
297259007
317488841
326286152
309091430
312309151
292427862
235894359
286567491
320611279
334057468
323648272
336194421
342402595
330951051
307531384
319093906
345640116
323939806
244822378
233373541
268051518
239436175
139588533
129417349
93935769
110467796
111214536
70943834
70231773
107767229
106740117
26440471
34755248
18107735
23974875
37086052
44271064
67493930
67809908
70979519
55706816
57318222
56200710
47962087
49246674
59369304
140307697
147512498
148375172
133832865
44653729
15277760
21794795
25540939
40344702
48864354
52159111
130018
8924383
20288799
23831678
21799810
84830073
86407408
82608442
86635637
84848771
78532866
84559130
73484149
106123576
110628931
80324530
109780696
145723536
128008343
132896112
103644281
100842321
123870744
174662202
174014945
224642685
225074932
200103538
219199345
213334362
250386434
257424525
257329595
255836482
252251279
218391641
219074862
208060182
205365311
214115714
212112986
214097889
240477616
231537460
235239375
231196828
236234033
183505048
170160984
148258134
112322246
106647035
138569732
136215365
86022440
78444392
92884458
159248208
155440988
203745248
198433031
204255357
203174572
182556423
171014211
166711797
156238376
97488232
106315865
141675755
71331914
83717638
59448022
119899622
140419432
154217970
123992431
128839700
128237008
116453482
100802664
82155911
93502503
112739247
65132521
2347965
-6307844
4092406
4475660
-627183
-5087781
233068
-9507277
10244537
22300987
23457549
35281582
48629987
44504797
48580243
25743318
24589368
-3173764
8847485
40951540
22271965
18444305
13145497
563005
58398774
69501557
80729390
51691436
42644312
43101818
42882518
39021146
28603133
33013704
46539043
35964308
34442193
47662805
58018629
52870329
39861630
6504686
23071035
28792033
29160103
29513755
44178935
18386080
5097483
-34592168
-89273959
-118129449
-113287094
-113534066
-138083952
-117403804
-158860442
-166576076
-178553350
-187779697
-187966669
-166662762
-182067797
-201966946
-209656934
-214220553
-213140011
-202590763
-207830608
-157755967
-168932458
-130926174
-127745308
-140345022
-140055660
-132254686
-214910298
-212610310
-230207390
-231874713
-228161741
-207051120
-220214084
-269825918
-244175882
-244828409
-220168900
-228809342
-262115213
-327256101
-312834631
-311968880
-315663086
-335704913
-320044026
-321780924
-320213041
-328083391
-326221631
-311574327
-301051812
-302961019
-349458993
-355074456
-379696915
-390756889
-385722221
-388369984
-416836315
-377907789
-370364777
-387694825
-388549589
-382086838
-365819773
-356649961
-355624943
-356368125
-356034274
-369204106
-353298190
-406156184
-359905206
-411154927
-380444145
-390629902
-392063003
-377451494
-356150266
-352796987
-344873575
-380152013
-321487839
-313969581
-311132956
-298522397
-293254722
-274827064
-279708970
-298509145
-315066786
-268370704
-213248109
-288360956
-279921158
-322264661
-320478054
-323076512
-322487045
-305098474
-303446120
-330438370
-389642759
-391257226
-398858463
-408275688
-405953373
-388136153
-387395096
-386291477
-400772045
-426176488
-423384241
-460205203
-431590208
-444687922
-423517606
-428787055
-414857697
-405376813
-392715311
-350727032
-381256545
-381647006
-384871473
-407165926
-410256314
-399784276
-411459686
-381739477
-438155298
-434141679
-463840466
-470333562
-407765707
-414500451
-418259643
-413693772
-415275517
-395682317
-372867390
-365961231
-355357087
-356095724
-391162079
-397468443
-396539194
-399167306
-416472458
-430372536
-454646754
-561310349
-589225641
-590460769
-676605550
-711074661
-713131609
-767227566
-766139623
-760103682
-757063354
-759937163
-782213039
-779750911
-758315959
-743464912
-808221196
-865517491
-854554183
-844323027
-843777825
-843676942
-840602533
-854154814
-831619292
-829492033
-810441388
-811342602
-872551648
-873883998
-845905761
-828160036
-828754909
-843677154
-832806373
-810056432
-813237441
-804764949
-873878656
-863823551
-855670982
-832279149
-869146641
-879553358
-870438302
-872220634
-862154318
-840429165
-838298415
-823441855
-790754392
-792719980
-686908882
-711807018
-711103401
-722949916
-732755783
-728839966
-732400960
-725263711
-696442155
-703815670
-705441252
-703614454
-712187154
-687506728
-664752087
-660836714
-642914597
-664969134
-663980291
-665866310
-653781830
-684507605
-688396910
-711880905
-705304863
-733234355
-728345427
-743317152
-724379981
-749911344
-750421285
-738914260
-772939733
-754321128
-750759895
-736672849
-857662886
-866122567
-851340491
-853156041
-854246426
-866083282
-872669350
-872581128
-879105243
-890507161
-880339800
-901690547
-991590641
-1021581864
-1029878991
-1012145419
-1025716561
-1118399341
-1110131384
-1121224643
-1130295081
-1162814580
-1187954643
-1174002988
-1159159897
-1142594013
-1147204733
-1133571056
-1122888781
-1191280839
-1204679743
-1205735327
-1120489155
-1121507425
-1129021069
-1163994381
-1134528067
-1114017381
-1116916317
-1190000359
-1192845267
-1180360088
-1204909636
-1280035041
-1285311225
-1244050526
-1206765349
-1249667734
-1208114177
-1207894929
-1207456812
-1128654599
-1110203826
-1169347976
-1227521694
-1223055206
-1218093455
-1284748140
-1286359399
-1267681172
-1323507653
-1265913040
-1270735478
-1273887589
-1264458999
-1263140154
-1192418296
-1186652513
-1204308198
-1209228239
-1208346940
-1208385823
-1205040979
-1204565080
-1253762941
-1250713206
-1259738428
-1239923520
-1263958299
-1259709071
-1230097243
-1263658727
-1259985406
-1255692822
-1266977284
-1281206006
-1288396358
-1324969999
-1327916557
-1371329272
-1372906251
-1378407213
-1382944317
-1367644855
-1360676618
-1328322834
-1316050042
-1320346086
-1303686794
-1390422362
-1389366220
-1390129594
-1390267574
-1307231390
-1302221729
-1286966891
-1274987642
-1264590222
-1266227921
-1266612136
-1376486959
-1408598967
-1392665528
-1414542388
-1395272269
-1379703524
-1395560531
-1389009138
-1434253354
-1431585926
-1412149552
-1419930856
-1430627269
-1427866708
-1443588022
-1406509867
-1405047288
-1362863516
-1401009605
-1388592178
-1393100638
-1388548926
-1365672502
-1364104051
-1309486721
-1288591682
-1243749578
-1199958292
-1181704548
-1156232080
-1151495988
-1111139035
-1190335916
-1159712188
-1155910144
-1155096701
-1203504732
-1174131681
-1169636991
-1098790306
-1097915454
-1116053218
-1139763839
-1148693524
-1182047857
-1218955451
-1221151244
-1221479190
-1213381421
-1216370042
-1179874568
-1211056761
-1210267723
-1215266341
-1263066637
-1233150253
-1218720791
-1218997822
-1219331528
-1211325983
-1204795707
-1234425161
-1286615314
-1278700213
-1324129336
-1314142509
-1317865528
-1313753507
-1313510703
-1308820846
-1309525880
-1311182028
-1308268231
-1304898861
-1311646075
-1332452453
-1334076581
-1337554609
-1335877023
-1367470778
-1348579985
-1366579509
-1343665157
-1320774702
-1286431754
-1324336210
-1322914145
-1331970822
-1322392946
-1322327120
-1314317693
-1299326315
-1339684284
-1341595087
-1373061665
-1377314386
-1370066549
-1366991865
-1319095719
-1312753835
-1404780324
-1404347909
-1391530722
-1390120301
-1386256133
-1389335413
-1357210080
-1357206182
-1330992547
-1373899210
-1403537513
-1413157011
-1334787078
-1338157338
-1338726741
-1319005270
-1324717849
-1294628210
-1337138535
-1421404629
-1456551073
-1459119382
-1459339019
-1459843948
-1444641027
-1386337063
-1382009677
-1381651593
-1404129175
-1406483301
-1469597336
-1469240807
-1480193339
-1470766724
-1468817292
-1483403730
-1470598759
-1451336668
-1452538301
-1439944626
-1440069436
-1443074293
-1430912436
-1447843538
-1413490773
-1390432204
-1394315693
-1404108643
-1429047436
-1423208369
-1423594644
-1499681239
-1469510103
-1479812685
-1528998644
-1510063251
-1509886363
-1497413671
-1476683574
-1506819237
-1504044525
-1506127093
-1516459268
-1516051894
-1520471747
-1523597243
-1519004360
-1517385213
-1522279061
-1563334932
-1568502200
-1561458435
-1556400741
-1559764738
-1590328870
-1568305351
-1563620905
-1614858234
-1641810756
-1647835040
-1631349047
-1614949007
-1625553866
-1613725492
-1643068298
-1645370958
-1721257185
-1767923594
-1764532448
-1716270739
-1702513879
-1703508185
-1690507270
-1686069112
-1684899052
-1683973873
-1682987846
-1741880518
-1740058543
-1757645183
-1758450025
-1785271680
-1789271309
-1750085824
-1750332334
-1741584602
-1791482175
-1752642710
